[13:21:19][I][app:100]: ESPHome version 2025.4.2 compiled on Apr 29 2026, 13:16:56
[13:21:19][I][app:102]: Project james.retro-fujitsu version 3B.10
[13:21:19][C][status_led:065]: Status Led Light:
[13:21:19][C][status_led:066]:   Pin: GPIO2
[13:21:19][D][status_led:050]: 'Status LED': Setting state OFF
[13:21:19][C][wifi:600]: WiFi:
[13:21:19][C][wifi:428]:   Local MAC: A4:F0:0F:69:19:E8
[13:21:19][C][wifi:433]:   SSID: 'moose'
[13:21:19][C][wifi:436]:   IP Address: 192.168.1.40
[13:21:19][C][wifi:440]:   BSSID: 00:11:32:84:54:AF
[13:21:19][C][wifi:441]:   Hostname: 'aircon'
[13:21:19][C][wifi:443]:   Signal strength: -66 dB [13:21:19][V][wifi:445]:   Priority: 0.0
[13:21:19][C][wifi:447]:   Channel: 2
[13:21:19][C][wifi:448]:   Subnet: 255.255.255.0
[13:21:19][C][wifi:449]:   Gateway: 192.168.1.1
[13:21:19][C][logger:178]:   Max Level: VERBOSE
[13:21:19][C][logger:186]:   Level for 'fujitsu.climate': DEBUG
[13:21:19][C][uart.arduino_esp32:151]: UART Bus 1:
[13:21:19][C][uart.arduino_esp32:152]:   TX Pin: GPIO17
[13:21:19][C][uart.arduino_esp32:153]:   RX Pin: GPIO16
[13:21:19][C][uart.arduino_esp32:155]:   RX Buffer Size: 256
[13:21:19][C][uart.arduino_esp32:159]:   Parity: NONE
[13:21:19][D][fujitsu.heatpump:131]:   B5=0xF7  magic=15 swing=1 step=1
[13:21:19][D][fujitsu.heatpump:133]:   B6=0xEB  room=53°C ctrl_present=1
[13:21:19][W][fujitsu.heatpump:148]: Target temp raw=127 out of range (byte4=0xFF) — keeping nan°C
[13:21:19][W][fujitsu.heatpump:158]: Room temp 53.0°C out of range (byte6=0xEB) — keeping nan°C
[13:21:19][I][fujitsu.heatpump:164]: State: pwr=ON mode=7 temp=nan°C room=nan°C fan=7
[13:21:19][D][fujitsu.climate:175]: State updated - Mode: 6, Target: nan°C, Current: nan°C
[13:21:19][I][fujitsu.heatpump:071]: CTRL  frame: CE FF FF 5F FF F7 EB 4B
[13:21:19][I][fujitsu.heatpump:075]:   CTRL B1=0xFF B2=0xFF B3=0x5F B4=0xFF B5=0xF7 B6=0xEB
[13:21:19][D][fujitsu.climate:175]: State updated - Mode: 6, Target: nan°C, Current: nan°C
[13:21:19][D][fujitsu.heatpump:067]: UNIT  frame: FE DF DF 7F FF F7 EB 6B
[13:21:19][I][fujitsu.heatpump:075]:   CTRL B1=0xFF B2=0xFF B3=0x5F B4=0xFF B5=0xF7 B6=0xEB
[13:21:19][D][fujitsu.climate:175]: State updated - Mode: 6, Target: nan°C, Current: nan°C
[13:21:19][W][component:239]: Component fujitsu_climate.climate took a long time for an operation (301 ms).
[13:21:19][W][component:240]: Components should block for at most 30 ms.
[13:21:19][C][wifi_info:014]: WifiInfo Mac Address 'MAC Address'
[13:21:19][V][wifi_info:014]:   Unique ID: 'a4f00f6919e8-wifiinfo-macadr'
[13:21:19][D][climate:396]: 'Fujitsu Heat Pump' - Sending state:
[13:21:19][D][climate:399]:   Mode: AUTO
[13:21:19][D][climate:401]:   Action: IDLE
[13:21:19][D][climate:404]:   Fan Mode: AUTO
[13:21:19][D][climate:419]:   Current Temperature: nan°C
[13:21:19][D][climate:425]:   Target Temperature: nan°C
[13:21:19][V][json:020]: Attempting to allocate 512 bytes for JSON serialization
[13:21:19][V][json:040]: Size after shrink 208 bytes
[13:21:19][C][version.text_sensor:021]: Version Text Sensor 'ESPHome Version'
[13:21:19][C][version.text_sensor:021]:   Icon: 'mdi:new-box'
[13:21:19][V][version.text_sensor:021]:   Unique ID: 'a4f00f6919e8-version'
[13:21:19][C][status:034]: Status Binary Sensor 'Status'
[13:21:19][C][status:034]:   Device Class: 'connectivity'
[13:21:19][C][restart:068]: Restart Switch 'Restart'
[13:21:19][C][homeassistant.time:011]:   Timezone: 'NZST-12NZDT,M9.5.0,M4.1.0/3'
[13:21:19][C][captive_portal:089]: Captive Portal:
[13:21:19][C][web_server:285]: Web Server:
[13:21:19][C][web_server:286]:   Address: aircon.local:80
[13:21:19][C][mdns:116]: mDNS:
[13:21:19][C][mdns:117]:   Hostname: aircon
[13:21:19][V][mdns:118]:   Services:
[13:21:19][V][mdns:120]:   - _esphomelib, _tcp, 6053
[13:21:19][V][mdns:122]:     TXT: friendly_name = Aircon
[13:21:19][V][mdns:122]:     TXT: version = 2025.4.2
[13:21:19][V][mdns:122]:     TXT: mac = a4f00f6919e8
[13:21:19][V][mdns:122]:     TXT: platform = ESP32
[13:21:19][V][mdns:122]:     TXT: board = esp32dev
[13:21:19][V][mdns:122]:     TXT: network = wifi
[13:21:19][V][mdns:122]:     TXT: project_name = james.retro-fujitsu
[13:21:19][C][safe_mode:023]:   Remain in safe mode for 600 seconds
[13:21:19][C][api:140]: API Server:
[13:21:19][C][api:141]:   Address: aircon.local:6053
[13:21:20][C][api:145]:   Using noise encryption: NO
[13:21:20][C][fujitsu.climate:057]: Fujitsu Heat Pump Climate:
[13:21:20][C][fujitsu.climate:058]:   Hardware present: YES
[13:21:20][C][fujitsu.climate:059]:   Controller: Secondary
[13:21:20][C][fujitsu.climate:060]:   LIN Interface: TJA1021
[13:21:20][C][wifi_signal.sensor:010]: WiFi Signal 'WiFi Signal'
[13:21:20][C][wifi_signal.sensor:010]:   Device Class: 'signal_strength'
[13:21:20][C][wifi_signal.sensor:010]:   State Class: 'measurement'
[13:21:20][C][wifi_signal.sensor:010]:   Unit of Measurement: 'dBm'
[13:21:20][C][wifi_signal.sensor:010]:   Accuracy Decimals: 0
[13:21:20][V][wifi_signal.sensor:010]:   Unique ID: 'a4f00f6919e8-wifisignal'
[13:21:20][C][wifi_info:012]: WifiInfo SSID 'WiFi SSID'
[13:21:20][V][wifi_info:012]:   Unique ID: 'a4f00f6919e8-wifiinfo-ssid'
[13:21:20][C][wifi_info:010]: WifiInfo IPAddress 'IP Address'
[13:21:20][V][wifi_info:010]:   Unique ID: 'a4f00f6919e8-wifiinfo-ip'
[13:21:20][D][fujitsu.heatpump:067]: UNIT  frame: FE DF DF 7F FF F7 EB 6B
[13:21:20][D][fujitsu.heatpump:108]: RAW [0xDF->0xDF]: FE DF DF 7F FF F7 EB 6B
[13:21:20][D][fujitsu.heatpump:124]:   B3=0x7F  pwr=1 mode=7 fan=7 err=0
[13:21:20][D][fujitsu.heatpump:128]:   B4=0xFF  temp_raw=127 (->143°C) eco=1
[13:21:20][D][fujitsu.heatpump:131]:   B5=0xF7  magic=15 swing=1 step=1
[13:21:20][D][fujitsu.heatpump:133]:   B6=0xEB  room=53°C ctrl_present=1
[13:21:20][W][fujitsu.heatpump:148]: Target temp raw=127 out of range (byte4=0xFF) — keeping nan°C
[13:21:20][W][fujitsu.heatpump:158]: Room temp 53.0°C out of range (byte6=0xEB) — keeping nan°C
[13:21:20][I][fujitsu.heatpump:164]: State: pwr=ON mode=7 temp=nan°C room=nan°C fan=7
[13:21:20][D][fujitsu.climate:175]: State updated - Mode: 6, Target: nan°C, Current: nan°C
[13:21:20][I][fujitsu.heatpump:071]: CTRL  frame: CE FF FF 5F FF F7 EB 4B
[13:21:20][I][fujitsu.heatpump:075]:   CTRL B1=0xFF B2=0xFF B3=0x5F B4=0xFF B5=0xF7 B6=0xEB
[13:21:20][D][fujitsu.climate:175]: State updated - Mode: 6, Target: nan°C, Current: nan°C
[13:21:22][D][fujitsu.heatpump:128]:   B4=0xFF  temp_raw=127 (->143°C) eco=1
[13:21:22][D][fujitsu.heatpump:131]:   B5=0xF7  magic=15 swing=1 step=1
[13:21:22][D][fujitsu.heatpump:133]:   B6=0xEB  room=53°C ctrl_present=1
[13:21:22][W][fujitsu.heatpump:148]: Target temp raw=127 out of range (byte4=0xFF) — keeping nan°C
[13:21:22][W][fujitsu.heatpump:158]: Room temp 53.0°C out of range (byte6=0xEB) — keeping nan°C
[13:21:22][I][fujitsu.heatpump:164]: State: pwr=ON mode=7 temp=nan°C room=nan°C fan=7
[13:21:22][D][fujitsu.climate:175]: State updated - Mode: 6, Target: nan°C, Current: nan°C
[13:21:22][I][fujitsu.heatpump:071]: CTRL  frame: CE FF FF 5F FF F7 EB 4B
[13:21:22][I][fujitsu.heatpump:075]:   CTRL B1=0xFF B2=0xFF B3=0x5F B4=0xFF B5=0xF7 B6=0xEB
[13:21:22][D][fujitsu.climate:175]: State updated - Mode: 6, Target: nan°C, Current: nan°C
[13:21:22][W][component:239]: Component fujitsu_climate.climate took a long time for an operation (198 ms).
[13:21:22][W][component:240]: Components should block for at most 30 ms.
[13:21:22][D][fujitsu.heatpump:067]: UNIT  frame: FE DF DF 7F FF F7 EB 6B
[13:21:22][D][fujitsu.heatpump:108]: RAW [0xDF->0xDF]: FE DF DF 7F FF F7 EB 6B
[13:21:22][D][fujitsu.heatpump:124]:   B3=0x7F  pwr=1 mode=7 fan=7 err=0
[13:21:22][D][fujitsu.heatpump:128]:   B4=0xFF  temp_raw=127 (->143°C) eco=1
[13:21:22][D][fujitsu.heatpump:131]:   B5=0xF7  magic=15 swing=1 step=1
[13:21:22][D][fujitsu.heatpump:133]:   B6=0xEB  room=53°C ctrl_present=1
[13:21:22][W][fujitsu.heatpump:148]: Target temp raw=127 out of range (byte4=0xFF) — keeping nan°C
[13:21:22][W][fujitsu.heatpump:158]: Room temp 53.0°C out of range (byte6=0xEB) — keeping nan°C
[13:21:22][I][fujitsu.heatpump:164]: State: pwr=ON mode=7 temp=nan°C room=nan°C fan=7
[13:21:22][D][fujitsu.climate:175]: State updated - Mode: 6, Target: nan°C, Current: nan°C
[13:21:22][I][fujitsu.heatpump:071]: CTRL  frame: CE FF FF 5F FF F7 EB 4B
[13:21:22][I][fujitsu.heatpump:075]:   CTRL B1=0xFF B2=0xFF B3=0x5F B4=0xFF B5=0xF7 B6=0xEB
[13:21:22][D][fujitsu.climate:175]: State updated - Mode: 6, Target: nan°C, Current: nan°C
[13:21:22][W][component:239]: Component fujitsu_climate.climate took a long time for an operation (91 ms).
[13:21:22][W][component:240]: Components should block for at most 30 ms.
[13:21:22][D][status_led:050]: 'Status LED': Setting state ON
[13:21:22][D][climate:396]: 'Fujitsu Heat Pump' - Sending state:
[13:21:22][D][climate:399]:   Mode: AUTO
[13:21:22][D][climate:401]:   Action: IDLE
[13:21:22][D][climate:404]:   Fan Mode: AUTO
[13:21:22][D][climate:419]:   Current Temperature: nan°C
[13:21:22][D][climate:425]:   Target Temperature: nan°C
[13:21:22][V][json:020]: Attempting to allocate 512 bytes for JSON serialization
[13:21:22][V][json:040]: Size after shrink 208 bytes
[13:21:22][D][fujitsu.heatpump:067]: UNIT  frame: FE DF DF 7F FF F7 EB 6B
[13:21:22][D][fujitsu.heatpump:108]: RAW [0xDF->0xDF]: FE DF DF 7F FF F7 EB 6B
[13:21:22][D][fujitsu.heatpump:124]:   B3=0x7F  pwr=1 mode=7 fan=7 err=0
[13:21:22][D][fujitsu.heatpump:128]:   B4=0xFF  temp_raw=127 (->143°C) eco=1
[13:21:22][D][fujitsu.heatpump:131]:   B5=0xF7  magic=15 swing=1 step=1
[13:21:22][D][fujitsu.heatpump:133]:   B6=0xEB  room=53°C ctrl_present=1
[13:21:22][W][fujitsu.heatpump:148]: Target temp raw=127 out of range (byte4=0xFF) — keeping nan°C
[13:21:22][W][fujitsu.heatpump:158]: Room temp 53.0°C out of range (byte6=0xEB) — keeping nan°C
[13:21:22][I][fujitsu.heatpump:164]: State: pwr=ON mode=7 temp=nan°C room=nan°C fan=7
[13:21:22][D][fujitsu.climate:175]: State updated - Mode: 6, Target: nan°C, Current: nan°C
[13:21:22][I][fujitsu.heatpump:071]: CTRL  frame: CE FF FF 5F FF F7 EB 4B
[13:21:22][I][fujitsu.heatpump:075]:   CTRL B1=0xFF B2=0xFF B3=0x5F B4=0xFF B5=0xF7 B6=0xEB
[13:21:22][D][fujitsu.climate:175]: State updated - Mode: 6, Target: nan°C, Current: nan°C
[13:21:22][W][component:239]: Component fujitsu_climate.climate took a long time for an operation (104 ms).
[13:21:22][W][component:240]: Components should block for at most 30 ms.
[13:21:22][D][status_led:050]: 'Status LED': Setting state OFF
[13:21:22][D][fujitsu.heatpump:067]: UNIT  frame: FE DF DF 7F FF F7 EB 6B
[13:21:22][D][fujitsu.heatpump:108]: RAW [0xDF->0xDF]: FE DF DF 7F FF F7 EB 6B
[13:21:22][D][fujitsu.heatpump:124]:   B3=0x7F  pwr=1 mode=7 fan=7 err=0
[13:21:22][D][fujitsu.heatpump:128]:   B4=0xFF  temp_raw=127 (->143°C) eco=1
[13:21:22][D][fujitsu.heatpump:131]:   B5=0xF7  magic=15 swing=1 step=1
[13:21:22][D][fujitsu.heatpump:133]:   B6=0xEB  room=53°C ctrl_present=1
[13:21:22][W][fujitsu.heatpump:148]: Target temp raw=127 out of range (byte4=0xFF) — keeping nan°C
[13:21:22][W][fujitsu.heatpump:158]: Room temp 53.0°C out of range (byte6=0xEB) — keeping nan°C
[13:21:22][I][fujitsu.heatpump:164]: State: pwr=ON mode=7 temp=nan°C room=nan°C fan=7
[13:21:22][D][fujitsu.climate:175]: State updated - Mode: 6, Target: nan°C, Current: nan°C
[13:21:22][I][fujitsu.heatpump:071]: CTRL  frame: CE FF FF 5F FF F7 EB 4B
[13:21:22][I][fujitsu.heatpump:075]:   CTRL B1=0xFF B2=0xFF B3=0x5F B4=0xFF B5=0xF7 B6=0xEB
[13:21:22][D][fujitsu.climate:175]: State updated - Mode: 6, Target: nan°C, Current: nan°C
[13:21:22][W][component:239]: Component fujitsu_climate.climate took a long time for an operation (100 ms).
[13:21:22][W][component:240]: Components should block for at most 30 ms.
[13:21:22][D][climate:396]: 'Fujitsu Heat Pump' - Sending state:
[13:21:22][D][climate:399]:   Mode: AUTO
[13:21:22][D][climate:401]:   Action: IDLE
[13:21:22][D][climate:404]:   Fan Mode: AUTO
[13:21:22][D][climate:419]:   Current Temperature: nan°C
[13:21:22][D][climate:425]:   Target Temperature: nan°C
[13:21:22][V][json:020]: Attempting to allocate 512 bytes for JSON serialization
[13:21:22][V][json:040]: Size after shrink 208 bytes
[13:21:22][D][fujitsu.heatpump:067]: UNIT  frame: FE DF DF 7F FF F7 EB 6B
[13:21:22][D][fujitsu.heatpump:108]: RAW [0xDF->0xDF]: FE DF DF 7F FF F7 EB 6B
[13:21:22][D][fujitsu.heatpump:124]:   B3=0x7F  pwr=1 mode=7 fan=7 err=0
[13:21:22][D][fujitsu.heatpump:128]:   B4=0xFF  temp_raw=127 (->143°C) eco=1
[13:21:22][D][fujitsu.heatpump:131]:   B5=0xF7  magic=15 swing=1 step=1
[13:21:22][D][fujitsu.heatpump:133]:   B6=0xEB  room=53°C ctrl_present=1
[13:21:22][W][fujitsu.heatpump:148]: Target temp raw=127 out of range (byte4=0xFF) — keeping nan°C
[13:21:22][W][fujitsu.heatpump:158]: Room temp 53.0°C out of range (byte6=0xEB) — keeping nan°C
[13:21:22][I][fujitsu.heatpump:164]: State: pwr=ON mode=7 temp=nan°C room=nan°C fan=7
[13:21:22][D][fujitsu.climate:175]: State updated - Mode: 6, Target: nan°C, Current: nan°C
[13:21:22][I][fujitsu.heatpump:071]: CTRL  frame: CE FF FF 5F FF F7 EB 4B
[13:21:22][I][fujitsu.heatpump:075]:   CTRL B1=0xFF B2=0xFF B3=0x5F B4=0xFF B5=0xF7 B6=0xEB
[13:21:22][D][fujitsu.climate:175]: State updated - Mode: 6, Target: nan°C, Current: nan°C
[13:21:22][W][component:239]: Component fujitsu_climate.climate took a long time for an operation (102 ms).
[13:21:22][W][component:240]: Components should block for at most 30 ms.
[13:21:22][D][fujitsu.heatpump:067]: UNIT  frame: FE DF DF 7F FF F7 EB 6B
[13:21:22][D][fujitsu.heatpump:108]: RAW [0xDF->0xDF]: FE DF DF 7F FF F7 EB 6B
[13:21:22][D][fujitsu.heatpump:124]:   B3=0x7F  pwr=1 mode=7 fan=7 err=0
[13:21:22][D][fujitsu.heatpump:128]:   B4=0xFF  temp_raw=127 (->143°C) eco=1
[13:21:22][D][fujitsu.heatpump:131]:   B5=0xF7  magic=15 swing=1 step=1
[13:21:22][D][fujitsu.heatpump:133]:   B6=0xEB  room=53°C ctrl_present=1
[13:21:22][W][fujitsu.heatpump:148]: Target temp raw=127 out of range (byte4=0xFF) — keeping nan°C
[13:21:22][W][fujitsu.heatpump:158]: Room temp 53.0°C out of range (byte6=0xEB) — keeping nan°C
[13:21:22][I][fujitsu.heatpump:164]: State: pwr=ON mode=7 temp=nan°C room=nan°C fan=7
[13:21:22][D][fujitsu.climate:175]: State updated - Mode: 6, Target: nan°C, Current: nan°C
[13:21:22][I][fujitsu.heatpump:071]: CTRL  frame: CE FF FF 5F FF F7 EB 4B
[13:21:22][I][fujitsu.heatpump:075]:   CTRL B1=0xFF B2=0xFF B3=0x5F B4=0xFF B5=0xF7 B6=0xEB
[13:21:22][D][fujitsu.climate:175]: State updated - Mode: 6, Target: nan°C, Current: nan°C
[13:21:22][W][component:239]: Component fujitsu_climate.climate took a long time for an operation (101 ms).
[13:21:22][W][component:240]: Components should block for at most 30 ms.
[13:21:22][D][status_led:050]: 'Status LED': Setting state ON
[13:21:22][D][fujitsu.heatpump:067]: UNIT  frame: FE DF DF 7F FF F7 EB 6B
[13:21:22][D][fujitsu.heatpump:108]: RAW [0xDF->0xDF]: FE DF DF 7F FF F7 EB 6B
[13:21:22][D][fujitsu.heatpump:124]:   B3=0x7F  pwr=1 mode=7 fan=7 err=0
[13:21:22][D][fujitsu.heatpump:128]:   B4=0xFF  temp_raw=127 (->143°C) eco=1
[13:21:22][D][fujitsu.heatpump:131]:   B5=0xF7  magic=15 swing=1 step=1
[13:21:22][D][fujitsu.heatpump:133]:   B6=0xEB  room=53°C ctrl_present=1
[13:21:22][W][fujitsu.heatpump:148]: Target temp raw=127 out of range (byte4=0xFF) — keeping nan°C
[13:21:22][W][fujitsu.heatpump:158]: Room temp 53.0°C out of range (byte6=0xEB) — keeping nan°C
[13:21:22][I][fujitsu.heatpump:164]: State: pwr=ON mode=7 temp=nan°C room=nan°C fan=7
[13:21:22][D][fujitsu.climate:175]: State updated - Mode: 6, Target: nan°C, Current: nan°C
[13:21:22][I][fujitsu.heatpump:071]: CTRL  frame: CE FF FF 5F FF F7 EB 4B
[13:21:22][I][fujitsu.heatpump:075]:   CTRL B1=0xFF B2=0xFF B3=0x5F B4=0xFF B5=0xF7 B6=0xEB
[13:21:22][D][fujitsu.climate:175]: State updated - Mode: 6, Target: nan°C, Current: nan°C
[13:21:22][W][component:239]: Component fujitsu_climate.climate took a long time for an operation (96 ms).
[13:21:22][W][component:240]: Components should block for at most 30 ms.
[13:21:22][D][climate:401]:   Action: IDLE
[13:21:22][V][json:020]: Attempting to allocate 512 bytes for JSON serialization
[13:21:22][V][json:040]: Size after shrink 208 bytes
[13:21:23][W][component:239]: Component fujitsu_climate.climate took a long time for an operation (54 ms).
[13:21:23][W][component:240]: Components should block for at most 30 ms.
[13:21:23][D][fujitsu.heatpump:067]: UNIT  frame: FE DF DF 7F FF F7 EB 6B
[13:21:23][D][fujitsu.heatpump:108]: RAW [0xDF->0xDF]: FE DF DF 7F FF F7 EB 6B
[13:21:23][D][fujitsu.heatpump:124]:   B3=0x7F  pwr=1 mode=7 fan=7 err=0
[13:21:23][D][fujitsu.heatpump:128]:   B4=0xFF  temp_raw=127 (->143°C) eco=1
[13:21:23][D][fujitsu.heatpump:131]:   B5=0xF7  magic=15 swing=1 step=1
[13:21:23][D][fujitsu.heatpump:133]:   B6=0xEB  room=53°C ctrl_present=1
[13:21:23][W][fujitsu.heatpump:148]: Target temp raw=127 out of range (byte4=0xFF) — keeping nan°C
[13:21:23][W][fujitsu.heatpump:158]: Room temp 53.0°C out of range (byte6=0xEB) — keeping nan°C
[13:21:23][I][fujitsu.heatpump:164]: State: pwr=ON mode=7 temp=nan°C room=nan°C fan=7
[13:21:23][D][fujitsu.climate:175]: State updated - Mode: 6, Target: nan°C, Current: nan°C
[13:21:23][I][fujitsu.heatpump:071]: CTRL  frame: CE FF FF 5F FF F7 EB 4B
[13:21:23][I][fujitsu.heatpump:075]:   CTRL B1=0xFF B2=0xFF B3=0x5F B4=0xFF B5=0xF7 B6=0xEB
[13:21:23][D][fujitsu.climate:175]: State updated - Mode: 6, Target: nan°C, Current: nan°C
[13:21:23][W][component:239]: Component fujitsu_climate.climate took a long time for an operation (99 ms).
[13:21:23][W][component:240]: Components should block for at most 30 ms.
[13:21:23][D][status_led:050]: 'Status LED': Setting state OFF
[13:21:24][D][climate:396]: 'Fujitsu Heat Pump' - Sending state:
[13:21:24][D][climate:399]:   Mode: AUTO
[13:21:24][D][climate:401]:   Action: IDLE
[13:21:24][D][climate:404]:   Fan Mode: AUTO
[13:21:24][D][climate:419]:   Current Temperature: nan°C
[13:21:24][D][climate:425]:   Target Temperature: nan°C
[13:21:24][V][json:020]: Attempting to allocate 512 bytes for JSON serialization
[13:21:24][V][json:040]: Size after shrink 208 bytes
[13:21:24][D][fujitsu.heatpump:067]: UNIT  frame: FE DF DF 7F FF F7 EB 6B
[13:21:24][D][fujitsu.heatpump:108]: RAW [0xDF->0xDF]: FE DF DF 7F FF F7 EB 6B
[13:21:24][D][fujitsu.heatpump:124]:   B3=0x7F  pwr=1 mode=7 fan=7 err=0
[13:21:24][D][fujitsu.heatpump:128]:   B4=0xFF  temp_raw=127 (->143°C) eco=1
[13:21:24][D][fujitsu.heatpump:131]:   B5=0xF7  magic=15 swing=1 step=1
[13:21:24][D][fujitsu.heatpump:133]:   B6=0xEB  room=53°C ctrl_present=1
[13:21:24][W][fujitsu.heatpump:148]: Target temp raw=127 out of range (byte4=0xFF) — keeping nan°C
[13:21:24][W][fujitsu.heatpump:158]: Room temp 53.0°C out of range (byte6=0xEB) — keeping nan°C
[13:21:24][I][fujitsu.heatpump:164]: State: pwr=ON mode=7 temp=nan°C room=nan°C fan=7
[13:21:24][D][fujitsu.climate:175]: State updated - Mode: 6, Target: nan°C, Current: nan°C
[13:21:24][I][fujitsu.heatpump:071]: CTRL  frame: CE FF FF 5F FF F7 EB 4B
[13:21:24][I][fujitsu.heatpump:075]:   CTRL B1=0xFF B2=0xFF B3=0x5F B4=0xFF B5=0xF7 B6=0xEB
[13:21:24][D][fujitsu.climate:175]: State updated - Mode: 6, Target: nan°C, Current: nan°C
[13:21:24][D][fujitsu.heatpump:067]: UNIT  frame: FE DF DF 7F FF F7 EB 6B
[13:21:24][D][fujitsu.heatpump:108]: RAW [0xDF->0xDF]: FE DF DF 7F FF F7 EB 6B
[13:21:24][D][fujitsu.heatpump:124]:   B3=0x7F  pwr=1 mode=7 fan=7 err=0
[13:21:24][D][fujitsu.heatpump:128]:   B4=0xFF  temp_raw=127 (->143°C) eco=1
[13:21:24][D][fujitsu.heatpump:131]:   B5=0xF7  magic=15 swing=1 step=1
[13:21:25][I][fujitsu.heatpump:075]:   CTRL B1=0xFF B2=0xFF B3=0x5F B4=0xFF B5=0xF7 B6=0xEB
[13:21:25][D][fujitsu.climate:175]: State updated - Mode: 6, Target: nan°C, Current: nan°C
[13:21:25][D][fujitsu.heatpump:108]: RAW [0xDF->0xDF]: FE DF DF 7F FF F7 EB 6B
[13:21:25][I][fujitsu.heatpump:075]:   CTRL B1=0xFF B2=0xFF B3=0x5F B4=0xFF B5=0xF7 B6=0xEB
[13:21:25][W][component:240]: Components should block for at most 30 ms.
[13:21:27][D][fujitsu.heatpump:067]: UNIT  frame: FE DF DF 7F FF F7 EB 6B
[13:21:27][D][fujitsu.heatpump:108]: RAW [0xDF->0xDF]: FE DF DF 7F FF F7 EB 6B
[13:21:27][D][fujitsu.heatpump:124]:   B3=0x7F  pwr=1 mode=7 fan=7 err=0
[13:21:27][D][fujitsu.heatpump:128]:   B4=0xFF  temp_raw=127 (->143°C) eco=1
[13:21:27][D][fujitsu.heatpump:131]:   B5=0xF7  magic=15 swing=1 step=1
[13:21:27][D][fujitsu.heatpump:133]:   B6=0xEB  room=53°C ctrl_present=1
[13:21:27][W][fujitsu.heatpump:148]: Target temp raw=127 out of range (byte4=0xFF) — keeping nan°C
[13:21:27][W][fujitsu.heatpump:158]: Room temp 53.0°C out of range (byte6=0xEB) — keeping nan°C
[13:21:27][I][fujitsu.heatpump:164]: State: pwr=ON mode=7 temp=nan°C room=nan°C fan=7
[13:21:27][D][fujitsu.climate:175]: State updated - Mode: 6, Target: nan°C, Current: nan°C
[13:21:27][I][fujitsu.heatpump:071]: CTRL  frame: CE FF FF 5F FF F7 EB 4B
[13:21:27][I][fujitsu.heatpump:075]:   CTRL B1=0xFF B2=0xFF B3=0x5F B4=0xFF B5=0xF7 B6=0xEB
[13:21:27][D][fujitsu.climate:175]: State updated - Mode: 6, Target: nan°C, Current: nan°C
[13:21:27][W][component:239]: Component fujitsu_climate.climate took a long time for an operation (103 ms).
[13:21:27][W][component:240]: Components should block for at most 30 ms.
[13:21:27][D][status_led:050]: 'Status LED': Setting state OFF
[13:21:27][D][fujitsu.heatpump:067]: UNIT  frame: FE DF DF 7F FF F7 EB 6B
[13:21:27][D][fujitsu.heatpump:108]: RAW [0xDF->0xDF]: FE DF DF 7F FF F7 EB 6B
[13:21:27][D][fujitsu.heatpump:124]:   B3=0x7F  pwr=1 mode=7 fan=7 err=0
[13:21:27][D][fujitsu.heatpump:128]:   B4=0xFF  temp_raw=127 (->143°C) eco=1
[13:21:27][D][fujitsu.heatpump:131]:   B5=0xF7  magic=15 swing=1 step=1
[13:21:27][D][fujitsu.heatpump:133]:   B6=0xEB  room=53°C ctrl_present=1
[13:21:27][W][fujitsu.heatpump:148]: Target temp raw=127 out of range (byte4=0xFF) — keeping nan°C
[13:21:27][W][fujitsu.heatpump:158]: Room temp 53.0°C out of range (byte6=0xEB) — keeping nan°C
[13:21:27][I][fujitsu.heatpump:164]: State: pwr=ON mode=7 temp=nan°C room=nan°C fan=7
[13:21:27][D][fujitsu.climate:175]: State updated - Mode: 6, Target: nan°C, Current: nan°C
[13:21:27][I][fujitsu.heatpump:071]: CTRL  frame: CE FF FF 5F FF F7 EB 4B
[13:21:27][I][fujitsu.heatpump:075]:   CTRL B1=0xFF B2=0xFF B3=0x5F B4=0xFF B5=0xF7 B6=0xEB
[13:21:27][D][fujitsu.climate:175]: State updated - Mode: 6, Target: nan°C, Current: nan°C
[13:21:27][W][component:239]: Component fujitsu_climate.climate took a long time for an operation (96 ms).
[13:21:27][W][component:240]: Components should block for at most 30 ms.
[13:21:27][D][climate:396]: 'Fujitsu Heat Pump' - Sending state:
[13:21:27][D][climate:399]:   Mode: AUTO
[13:21:27][D][climate:401]:   Action: IDLE
[13:21:27][D][climate:404]:   Fan Mode: AUTO
[13:21:27][D][climate:419]:   Current Temperature: nan°C
[13:21:27][D][climate:425]:   Target Temperature: nan°C
[13:21:27][V][json:020]: Attempting to allocate 512 bytes for JSON serialization
[13:21:27][V][json:040]: Size after shrink 208 bytes
[13:21:27][D][fujitsu.heatpump:067]: UNIT  frame: FE DF DF 7F FF F7 EB 6B
[13:21:27][D][fujitsu.heatpump:108]: RAW [0xDF->0xDF]: FE DF DF 7F FF F7 EB 6B
[13:21:27][D][fujitsu.heatpump:124]:   B3=0x7F  pwr=1 mode=7 fan=7 err=0
[13:21:27][D][fujitsu.heatpump:128]:   B4=0xFF  temp_raw=127 (->143°C) eco=1
[13:21:27][D][fujitsu.heatpump:131]:   B5=0xF7  magic=15 swing=1 step=1
[13:21:27][D][fujitsu.heatpump:133]:   B6=0xEB  room=53°C ctrl_present=1
[13:21:27][W][fujitsu.heatpump:148]: Target temp raw=127 out of range (byte4=0xFF) — keeping nan°C
[13:21:27][W][fujitsu.heatpump:158]: Room temp 53.0°C out of range (byte6=0xEB) — keeping nan°C
[13:21:27][I][fujitsu.heatpump:164]: State: pwr=ON mode=7 temp=nan°C room=nan°C fan=7
[13:21:27][D][fujitsu.climate:175]: State updated - Mode: 6, Target: nan°C, Current: nan°C
[13:21:27][I][fujitsu.heatpump:071]: CTRL  frame: CE FF FF 5F FF F7 EB 4B
[13:21:27][I][fujitsu.heatpump:075]:   CTRL B1=0xFF B2=0xFF B3=0x5F B4=0xFF B5=0xF7 B6=0xEB
[13:21:27][D][fujitsu.climate:175]: State updated - Mode: 6, Target: nan°C, Current: nan°C
[13:21:27][W][component:239]: Component fujitsu_climate.climate took a long time for an operation (94 ms).
[13:21:27][W][component:240]: Components should block for at most 30 ms.
[13:21:27][D][fujitsu.heatpump:067]: UNIT  frame: FE DF DF 7F FF F7 EB 6B
[13:21:27][D][fujitsu.heatpump:108]: RAW [0xDF->0xDF]: FE DF DF 7F FF F7 EB 6B
[13:21:27][D][fujitsu.heatpump:124]:   B3=0x7F  pwr=1 mode=7 fan=7 err=0
[13:21:27][D][fujitsu.heatpump:128]:   B4=0xFF  temp_raw=127 (->143°C) eco=1
[13:21:27][D][fujitsu.heatpump:131]:   B5=0xF7  magic=15 swing=1 step=1
[13:21:27][D][fujitsu.heatpump:133]:   B6=0xEB  room=53°C ctrl_present=1
[13:21:27][W][fujitsu.heatpump:148]: Target temp raw=127 out of range (byte4=0xFF) — keeping nan°C
[13:21:27][W][fujitsu.heatpump:158]: Room temp 53.0°C out of range (byte6=0xEB) — keeping nan°C
[13:21:27][I][fujitsu.heatpump:164]: State: pwr=ON mode=7 temp=nan°C room=nan°C fan=7
[13:21:27][D][fujitsu.climate:175]: State updated - Mode: 6, Target: nan°C, Current: nan°C
[13:21:27][I][fujitsu.heatpump:071]: CTRL  frame: CE FF FF 5F FF F7 EB 4B
[13:21:27][I][fujitsu.heatpump:075]:   CTRL B1=0xFF B2=0xFF B3=0x5F B4=0xFF B5=0xF7 B6=0xEB
[13:21:27][D][fujitsu.climate:175]: State updated - Mode: 6, Target: nan°C, Current: nan°C
[13:21:27][W][component:239]: Component fujitsu_climate.climate took a long time for an operation (102 ms).
[13:21:27][W][component:240]: Components should block for at most 30 ms.
[13:21:27][D][status_led:050]: 'Status LED': Setting state ON
[13:21:27][D][fujitsu.heatpump:067]: UNIT  frame: FE DF DF 7F FF F7 EB 6B
[13:21:27][D][fujitsu.heatpump:108]: RAW [0xDF->0xDF]: FE DF DF 7F FF F7 EB 6B
[13:21:27][D][fujitsu.heatpump:124]:   B3=0x7F  pwr=1 mode=7 fan=7 err=0
[13:21:27][D][fujitsu.heatpump:128]:   B4=0xFF  temp_raw=127 (->143°C) eco=1
[13:21:27][D][fujitsu.heatpump:131]:   B5=0xF7  magic=15 swing=1 step=1
[13:21:27][D][fujitsu.heatpump:133]:   B6=0xEB  room=53°C ctrl_present=1
[13:21:27][D][fujitsu.heatpump:067]: UNIT  frame: FE DF DF 7F FF F7 EB 6B
[13:21:27][D][fujitsu.heatpump:108]: RAW [0xDF->0xDF]: FE DF DF 7F FF F7 EB 6B
[13:21:27][D][fujitsu.heatpump:124]:   B3=0x7F  pwr=1 mode=7 fan=7 err=0
[13:21:27][D][fujitsu.heatpump:128]:   B4=0xFF  temp_raw=127 (->143°C) eco=1
[13:21:27][D][fujitsu.heatpump:131]:   B5=0xF7  magic=15 swing=1 step=1
[13:21:27][D][fujitsu.heatpump:133]:   B6=0xEB  room=53°C ctrl_present=1
[13:21:27][W][component:240]: Components should block for at most 30 ms.
[13:21:29][D][climate:396]: 'Fujitsu Heat Pump' - Sending state:
[13:21:29][D][climate:399]:   Mode: AUTO
[13:21:29][D][climate:401]:   Action: IDLE
[13:21:29][D][climate:404]:   Fan Mode: AUTO
[13:21:29][D][climate:419]:   Current Temperature: nan°C
[13:21:29][D][climate:425]:   Target Temperature: nan°C
[13:21:29][V][json:020]: Attempting to allocate 512 bytes for JSON serialization
[13:21:29][V][json:040]: Size after shrink 208 bytes
[13:21:29][D][fujitsu.heatpump:067]: UNIT  frame: FE DF DF 7F FF F7 EB 6B
[13:21:29][D][fujitsu.heatpump:108]: RAW [0xDF->0xDF]: FE DF DF 7F FF F7 EB 6B
[13:21:29][D][fujitsu.heatpump:124]:   B3=0x7F  pwr=1 mode=7 fan=7 err=0
[13:21:29][D][fujitsu.heatpump:128]:   B4=0xFF  temp_raw=127 (->143°C) eco=1
[13:21:29][D][fujitsu.heatpump:131]:   B5=0xF7  magic=15 swing=1 step=1
[13:21:29][D][fujitsu.heatpump:133]:   B6=0xEB  room=53°C ctrl_present=1
[13:21:29][W][fujitsu.heatpump:148]: Target temp raw=127 out of range (byte4=0xFF) — keeping nan°C
[13:21:29][W][fujitsu.heatpump:158]: Room temp 53.0°C out of range (byte6=0xEB) — keeping nan°C
[13:21:29][I][fujitsu.heatpump:164]: State: pwr=ON mode=7 temp=nan°C room=nan°C fan=7
[13:21:29][D][fujitsu.climate:175]: State updated - Mode: 6, Target: nan°C, Current: nan°C
[13:21:29][I][fujitsu.heatpump:071]: CTRL  frame: CE FF FF 5F FF F7 EB 4B
[13:21:29][I][fujitsu.heatpump:075]:   CTRL B1=0xFF B2=0xFF B3=0x5F B4=0xFF B5=0xF7 B6=0xEB
[13:21:29][D][fujitsu.climate:175]: State updated - Mode: 6, Target: nan°C, Current: nan°C
[13:21:29][D][fujitsu.heatpump:067]: UNIT  frame: FE DF DF 7F FF F7 EB 6B
[13:21:29][D][fujitsu.heatpump:108]: RAW [0xDF->0xDF]: FE DF DF 7F FF F7 EB 6B
[13:21:29][D][fujitsu.heatpump:124]:   B3=0x7F  pwr=1 mode=7 fan=7 err=0
[13:21:29][D][fujitsu.heatpump:128]:   B4=0xFF  temp_raw=127 (->143°C) eco=1
[13:21:29][D][fujitsu.heatpump:131]:   B5=0xF7  magic=15 swing=1 step=1
[13:21:29][D][fujitsu.heatpump:133]:   B6=0xEB  room=53°C ctrl_present=1
[13:21:29][W][fujitsu.heatpump:148]: Target temp raw=127 out of range (byte4=0xFF) — keeping nan°C
[13:21:29][W][fujitsu.heatpump:158]: Room temp 53.0°C out of range (byte6=0xEB) — keeping nan°C
[13:21:29][I][fujitsu.heatpump:164]: State: pwr=ON mode=7 temp=nan°C room=nan°C fan=7
[13:21:29][D][fujitsu.climate:175]: State updated - Mode: 6, Target: nan°C, Current: nan°C
[13:21:29][I][fujitsu.heatpump:071]: CTRL  frame: CE FF FF 5F FF F7 EB 4B
[13:21:29][I][fujitsu.heatpump:075]:   CTRL B1=0xFF B2=0xFF B3=0x5F B4=0xFF B5=0xF7 B6=0xEB
[13:21:29][D][fujitsu.climate:175]: State updated - Mode: 6, Target: nan°C, Current: nan°C
[13:21:29][D][fujitsu.heatpump:067]: UNIT  frame: FE DF DF 7F FF F7 EB 6B
[13:21:29][D][fujitsu.heatpump:108]: RAW [0xDF->0xDF]: FE DF DF 7F FF F7 EB 6B
[13:21:29][D][fujitsu.heatpump:124]:   B3=0x7F  pwr=1 mode=7 fan=7 err=0
[13:21:29][D][fujitsu.heatpump:128]:   B4=0xFF  temp_raw=127 (->143°C) eco=1
[13:21:29][D][fujitsu.heatpump:131]:   B5=0xF7  magic=15 swing=1 step=1
[13:21:29][D][fujitsu.heatpump:133]:   B6=0xEB  room=53°C ctrl_present=1
[13:21:29][W][fujitsu.heatpump:148]: Target temp raw=127 out of range (byte4=0xFF) — keeping nan°C
[13:21:29][W][fujitsu.heatpump:158]: Room temp 53.0°C out of range (byte6=0xEB) — keeping nan°C
[13:21:29][I][fujitsu.heatpump:164]: State: pwr=ON mode=7 temp=nan°C room=nan°C fan=7
[13:21:29][D][fujitsu.climate:175]: State updated - Mode: 6, Target: nan°C, Current: nan°C
[13:21:29][I][fujitsu.heatpump:071]: CTRL  frame: CE FF FF 5F FF F7 EB 4B
[13:21:29][I][fujitsu.heatpump:075]:   CTRL B1=0xFF B2=0xFF B3=0x5F B4=0xFF B5=0xF7 B6=0xEB
[13:21:29][D][fujitsu.climate:175]: State updated - Mode: 6, Target: nan°C, Current: nan°C
[13:21:29][W][component:239]: Component fujitsu_climate.climate took a long time for an operation (294 ms).
[13:21:29][W][component:240]: Components should block for at most 30 ms.
[13:21:29][V][json:020]: Attempting to allocate 512 bytes for JSON serialization
[13:21:29][V][json:040]: Size after shrink 88 bytes
[13:21:29][V][json:020]: Attempting to allocate 512 bytes for JSON serialization
[13:21:29][V][json:040]: Size after shrink 120 bytes
[13:21:29][D][status_led:050]: 'Status LED': Setting state ON
[13:21:29][V][json:020]: Attempting to allocate 512 bytes for JSON serialization
[13:21:29][V][json:040]: Size after shrink 328 bytes
[13:21:29][V][json:020]: Attempting to allocate 512 bytes for JSON serialization
[13:21:29][V][json:040]: Size after shrink 144 bytes
[13:21:29][V][json:020]: Attempting to allocate 512 bytes for JSON serialization
[13:21:29][V][json:040]: Size after shrink 152 bytes
[13:21:29][V][json:020]: Attempting to allocate 512 bytes for JSON serialization
[13:21:29][V][json:040]: Size after shrink 160 bytes
[13:21:29][D][climate:396]: 'Fujitsu Heat Pump' - Sending state:
[13:21:29][D][climate:399]:   Mode: AUTO
[13:21:29][D][climate:401]:   Action: IDLE
[13:21:29][D][climate:404]:   Fan Mode: AUTO
[13:21:29][D][climate:419]:   Current Temperature: nan°C
[13:21:29][D][climate:425]:   Target Temperature: nan°C
[13:21:29][V][json:020]: Attempting to allocate 512 bytes for JSON serialization
[13:21:29][V][json:040]: Size after shrink 208 bytes
[13:21:29][V][json:020]: Attempting to allocate 512 bytes for JSON serialization
[13:21:29][V][json:040]: Size after shrink 140 bytes
[13:21:29][V][json:020]: Attempting to allocate 512 bytes for JSON serialization
[13:21:29][V][json:040]: Size after shrink 104 bytes
[13:21:29][V][json:020]: Attempting to allocate 512 bytes for JSON serialization
[13:21:29][V][json:040]: Size after shrink 128 bytes
[13:21:29][V][json:020]: Attempting to allocate 512 bytes for JSON serialization
[13:21:29][V][json:040]: Size after shrink 136 bytes
[13:21:34][D][status_led:050]: 'Status LED': Setting state OFF
[13:21:34][D][fujitsu.heatpump:067]: UNIT  frame: FE DF DF 7F FF F7 EB 6B
[13:21:34][D][fujitsu.heatpump:108]: RAW [0xDF->0xDF]: FE DF DF 7F FF F7 EB 6B
[13:21:34][D][fujitsu.heatpump:124]:   B3=0x7F  pwr=1 mode=7 fan=7 err=0
[13:21:34][D][fujitsu.heatpump:128]:   B4=0xFF  temp_raw=127 (->143°C) eco=1
[13:21:34][D][fujitsu.heatpump:131]:   B5=0xF7  magic=15 swing=1 step=1
[13:21:34][D][fujitsu.heatpump:133]:   B6=0xEB  room=53°C ctrl_present=1
[13:21:34][W][fujitsu.heatpump:148]: Target temp raw=127 out of range (byte4=0xFF) — keeping nan°C
[13:21:34][W][fujitsu.heatpump:158]: Room temp 53.0°C out of range (byte6=0xEB) — keeping nan°C
[13:21:34][I][fujitsu.heatpump:164]: State: pwr=ON mode=7 temp=nan°C room=nan°C fan=7
[13:21:34][D][fujitsu.climate:175]: State updated - Mode: 6, Target: nan°C, Current: nan°C
[13:21:34][I][fujitsu.heatpump:071]: CTRL  frame: CE FF FF 5F FF F7 EB 4B
[13:21:34][I][fujitsu.heatpump:075]:   CTRL B1=0xFF B2=0xFF B3=0x5F B4=0xFF B5=0xF7 B6=0xEB
[13:21:34][D][fujitsu.climate:175]: State updated - Mode: 6, Target: nan°C, Current: nan°C
[13:21:34][D][fujitsu.heatpump:067]: UNIT  frame: FE DF DF 7F FF F7 EB 6B
[13:21:34][D][fujitsu.heatpump:108]: RAW [0xDF->0xDF]: FE DF DF 7F FF F7 EB 6B
[13:21:34][D][fujitsu.heatpump:124]:   B3=0x7F  pwr=1 mode=7 fan=7 err=0
[13:21:34][D][fujitsu.heatpump:128]:   B4=0xFF  temp_raw=127 (->143°C) eco=1
[13:21:34][D][fujitsu.heatpump:131]:   B5=0xF7  magic=15 swing=1 step=1
[13:21:34][D][fujitsu.heatpump:133]:   B6=0xEB  room=53°C ctrl_present=1
[13:21:34][W][fujitsu.heatpump:148]: Target temp raw=127 out of range (byte4=0xFF) — keeping nan°C
[13:21:34][W][fujitsu.heatpump:158]: Room temp 53.0°C out of range (byte6=0xEB) — keeping nan°C
[13:21:34][I][fujitsu.heatpump:164]: State: pwr=ON mode=7 temp=nan°C room=nan°C fan=7
[13:21:34][D][fujitsu.climate:175]: State updated - Mode: 6, Target: nan°C, Current: nan°C
[13:21:34][I][fujitsu.heatpump:071]: CTRL  frame: CE FF FF 5F FF F7 EB 4B
[13:21:34][I][fujitsu.heatpump:075]:   CTRL B1=0xFF B2=0xFF B3=0x5F B4=0xFF B5=0xF7 B6=0xEB
[13:21:34][D][fujitsu.climate:175]: State updated - Mode: 6, Target: nan°C, Current: nan°C
[13:21:34][D][fujitsu.heatpump:067]: UNIT  frame: FE DF DF 7F FF F7 EB 6B
[13:21:34][D][fujitsu.heatpump:108]: RAW [0xDF->0xDF]: FE DF DF 7F FF F7 EB 6B
[13:21:34][D][fujitsu.heatpump:124]:   B3=0x7F  pwr=1 mode=7 fan=7 err=0
[13:21:34][D][fujitsu.heatpump:128]:   B4=0xFF  temp_raw=127 (->143°C) eco=1
[13:21:34][D][fujitsu.heatpump:131]:   B5=0xF7  magic=15 swing=1 step=1
[13:21:34][D][fujitsu.heatpump:133]:   B6=0xEB  room=53°C ctrl_present=1
[13:21:34][W][fujitsu.heatpump:148]: Target temp raw=127 out of range (byte4=0xFF) — keeping nan°C
[13:21:34][W][fujitsu.heatpump:158]: Room temp 53.0°C out of range (byte6=0xEB) — keeping nan°C
[13:21:34][I][fujitsu.heatpump:164]: State: pwr=ON mode=7 temp=nan°C room=nan°C fan=7
[13:21:34][D][fujitsu.climate:175]: State updated - Mode: 6, Target: nan°C, Current: nan°C
[13:21:34][I][fujitsu.heatpump:071]: CTRL  frame: CE FF FF 5F FF F7 EB 4B
[13:21:34][I][fujitsu.heatpump:075]:   CTRL B1=0xFF B2=0xFF B3=0x5F B4=0xFF B5=0xF7 B6=0xEB
[13:21:34][D][fujitsu.climate:175]: State updated - Mode: 6, Target: nan°C, Current: nan°C
[13:21:34][W][component:239]: Component fujitsu_climate.climate took a long time for an operation (311 ms).
[13:21:34][W][component:240]: Components should block for at most 30 ms.
[13:21:34][D][climate:396]: 'Fujitsu Heat Pump' - Sending state:
[13:21:34][D][climate:399]:   Mode: AUTO
[13:21:34][D][climate:401]:   Action: IDLE
[13:21:34][D][climate:404]:   Fan Mode: AUTO
[13:21:34][D][climate:419]:   Current Temperature: nan°C
[13:21:34][D][climate:425]:   Target Temperature: nan°C
[13:21:34][V][json:020]: Attempting to allocate 512 bytes for JSON serialization
[13:21:34][V][json:040]: Size after shrink 208 bytes
[13:21:34][V][json:020]: Attempting to allocate 512 bytes for JSON serialization
[13:21:34][V][json:040]: Size after shrink 208 bytes
[13:21:34][W][component:239]: Component fujitsu_climate.climate took a long time for an operation (58 ms).
[13:21:34][W][component:240]: Components should block for at most 30 ms.
[13:21:34][D][fujitsu.heatpump:067]: UNIT  frame: FE DF DF 7F FF F7 EB 6B
[13:21:34][D][fujitsu.heatpump:108]: RAW [0xDF->0xDF]: FE DF DF 7F FF F7 EB 6B
[13:21:34][D][fujitsu.heatpump:124]:   B3=0x7F  pwr=1 mode=7 fan=7 err=0
[13:21:34][D][fujitsu.heatpump:128]:   B4=0xFF  temp_raw=127 (->143°C) eco=1
[13:21:34][D][fujitsu.heatpump:131]:   B5=0xF7  magic=15 swing=1 step=1
[13:21:34][D][fujitsu.heatpump:133]:   B6=0xEB  room=53°C ctrl_present=1
[13:21:34][W][fujitsu.heatpump:148]: Target temp raw=127 out of range (byte4=0xFF) — keeping nan°C
[13:21:34][W][fujitsu.heatpump:158]: Room temp 53.0°C out of range (byte6=0xEB) — keeping nan°C
[13:21:34][I][fujitsu.heatpump:164]: State: pwr=ON mode=7 temp=nan°C room=nan°C fan=7
[13:21:34][D][fujitsu.climate:175]: State updated - Mode: 6, Target: nan°C, Current: nan°C
[13:21:34][I][fujitsu.heatpump:071]: CTRL  frame: CE FF FF 5F FF F7 EB 4B
[13:21:34][I][fujitsu.heatpump:075]:   CTRL B1=0xFF B2=0xFF B3=0x5F B4=0xFF B5=0xF7 B6=0xEB
[13:21:34][D][fujitsu.climate:175]: State updated - Mode: 6, Target: nan°C, Current: nan°C
[13:21:34][W][component:239]: Component fujitsu_climate.climate took a long time for an operation (102 ms).
[13:21:34][W][component:240]: Components should block for at most 30 ms.
[13:21:34][D][fujitsu.heatpump:067]: UNIT  frame: FE DF DF 7F FF F7 EB 6B
[13:21:34][D][fujitsu.heatpump:108]: RAW [0xDF->0xDF]: FE DF DF 7F FF F7 EB 6B
[13:21:34][D][fujitsu.heatpump:124]:   B3=0x7F  pwr=1 mode=7 fan=7 err=0
[13:21:34][D][fujitsu.heatpump:128]:   B4=0xFF  temp_raw=127 (->143°C) eco=1
[13:21:34][D][fujitsu.heatpump:131]:   B5=0xF7  magic=15 swing=1 step=1
[13:21:34][D][fujitsu.heatpump:133]:   B6=0xEB  room=53°C ctrl_present=1
[13:21:34][W][fujitsu.heatpump:148]: Target temp raw=127 out of range (byte4=0xFF) — keeping nan°C
[13:21:34][W][fujitsu.heatpump:158]: Room temp 53.0°C out of range (byte6=0xEB) — keeping nan°C
[13:21:34][I][fujitsu.heatpump:164]: State: pwr=ON mode=7 temp=nan°C room=nan°C fan=7
[13:21:34][D][fujitsu.climate:175]: State updated - Mode: 6, Target: nan°C, Current: nan°C
[13:21:34][I][fujitsu.heatpump:071]: CTRL  frame: CE FF FF 5F FF F7 EB 4B
[13:21:34][I][fujitsu.heatpump:075]:   CTRL B1=0xFF B2=0xFF B3=0x5F B4=0xFF B5=0xF7 B6=0xEB
[13:21:34][D][fujitsu.climate:175]: State updated - Mode: 6, Target: nan°C, Current: nan°C
[13:21:34][W][component:239]: Component fujitsu_climate.climate took a long time for an operation (102 ms).
[13:21:34][W][component:240]: Components should block for at most 30 ms.
[13:21:34][D][status_led:050]: 'Status LED': Setting state ON
[13:21:34][D][fujitsu.heatpump:067]: UNIT  frame: FE DF DF 7F FF F7 EB 6B
[13:21:34][D][fujitsu.heatpump:108]: RAW [0xDF->0xDF]: FE DF DF 7F FF F7 EB 6B
[13:21:34][D][fujitsu.heatpump:124]:   B3=0x7F  pwr=1 mode=7 fan=7 err=0
[13:21:34][D][fujitsu.heatpump:128]:   B4=0xFF  temp_raw=127 (->143°C) eco=1
[13:21:34][D][fujitsu.heatpump:131]:   B5=0xF7  magic=15 swing=1 step=1
[13:21:34][D][fujitsu.heatpump:133]:   B6=0xEB  room=53°C ctrl_present=1
[13:21:34][W][fujitsu.heatpump:148]: Target temp raw=127 out of range (byte4=0xFF) — keeping nan°C
[13:21:34][W][fujitsu.heatpump:158]: Room temp 53.0°C out of range (byte6=0xEB) — keeping nan°C
[13:21:34][I][fujitsu.heatpump:164]: State: pwr=ON mode=7 temp=nan°C room=nan°C fan=7
[13:21:34][D][fujitsu.climate:175]: State updated - Mode: 6, Target: nan°C, Current: nan°C
[13:21:34][I][fujitsu.heatpump:071]: CTRL  frame: CE FF FF 5F FF F7 EB 4B
[13:21:34][I][fujitsu.heatpump:075]:   CTRL B1=0xFF B2=0xFF B3=0x5F B4=0xFF B5=0xF7 B6=0xEB
[13:21:34][D][fujitsu.climate:175]: State updated - Mode: 6, Target: nan°C, Current: nan°C
[13:21:34][W][component:239]: Component fujitsu_climate.climate took a long time for an operation (91 ms).
[13:21:34][W][component:240]: Components should block for at most 30 ms.
[13:21:35][D][climate:396]: 'Fujitsu Heat Pump' - Sending state:
[13:21:35][D][climate:399]:   Mode: AUTO
[13:21:35][D][climate:401]:   Action: IDLE
[13:21:35][D][climate:404]:   Fan Mode: AUTO
[13:21:35][D][climate:419]:   Current Temperature: nan°C
[13:21:35][D][climate:425]:   Target Temperature: nan°C
[13:21:35][V][json:020]: Attempting to allocate 512 bytes for JSON serialization
[13:21:35][V][json:040]: Size after shrink 208 bytes
[13:21:35][V][json:020]: Attempting to allocate 512 bytes for JSON serialization
[13:21:35][V][json:040]: Size after shrink 208 bytes
[13:21:35][W][component:239]: Component fujitsu_climate.climate took a long time for an operation (52 ms).
[13:21:35][W][component:240]: Components should block for at most 30 ms.
[13:21:35][D][status_led:050]: 'Status LED': Setting state OFF
[13:21:35][D][fujitsu.heatpump:067]: UNIT  frame: FE DF DF 7F FF F7 EB 6B
[13:21:35][D][fujitsu.heatpump:108]: RAW [0xDF->0xDF]: FE DF DF 7F FF F7 EB 6B
[13:21:35][D][fujitsu.heatpump:124]:   B3=0x7F  pwr=1 mode=7 fan=7 err=0
[13:21:35][D][fujitsu.heatpump:128]:   B4=0xFF  temp_raw=127 (->143°C) eco=1
[13:21:35][D][fujitsu.heatpump:131]:   B5=0xF7  magic=15 swing=1 step=1
[13:21:35][D][fujitsu.heatpump:133]:   B6=0xEB  room=53°C ctrl_present=1
[13:21:35][W][fujitsu.heatpump:148]: Target temp raw=127 out of range (byte4=0xFF) — keeping nan°C
[13:21:35][W][fujitsu.heatpump:158]: Room temp 53.0°C out of range (byte6=0xEB) — keeping nan°C
[13:21:35][I][fujitsu.heatpump:164]: State: pwr=ON mode=7 temp=nan°C room=nan°C fan=7
[13:21:35][D][fujitsu.climate:175]: State updated - Mode: 6, Target: nan°C, Current: nan°C
[13:21:35][I][fujitsu.heatpump:071]: CTRL  frame: CE FF FF 5F FF F7 EB 4B
[13:21:35][I][fujitsu.heatpump:075]:   CTRL B1=0xFF B2=0xFF B3=0x5F B4=0xFF B5=0xF7 B6=0xEB
[13:21:35][D][fujitsu.climate:175]: State updated - Mode: 6, Target: nan°C, Current: nan°C
[13:21:35][W][component:239]: Component fujitsu_climate.climate took a long time for an operation (102 ms).
[13:21:35][W][component:240]: Components should block for at most 30 ms.
[13:21:35][D][fujitsu.heatpump:067]: UNIT  frame: FE DF DF 7F FF F7 EB 6B
[13:21:35][D][fujitsu.heatpump:108]: RAW [0xDF->0xDF]: FE DF DF 7F FF F7 EB 6B
[13:21:35][D][fujitsu.heatpump:124]:   B3=0x7F  pwr=1 mode=7 fan=7 err=0
[13:21:35][D][fujitsu.heatpump:128]:   B4=0xFF  temp_raw=127 (->143°C) eco=1
[13:21:35][D][fujitsu.heatpump:131]:   B5=0xF7  magic=15 swing=1 step=1
[13:21:35][D][fujitsu.heatpump:133]:   B6=0xEB  room=53°C ctrl_present=1
[13:21:35][W][fujitsu.heatpump:148]: Target temp raw=127 out of range (byte4=0xFF) — keeping nan°C
[13:21:35][W][fujitsu.heatpump:158]: Room temp 53.0°C out of range (byte6=0xEB) — keeping nan°C
[13:21:35][I][fujitsu.heatpump:164]: State: pwr=ON mode=7 temp=nan°C room=nan°C fan=7
[13:21:35][D][fujitsu.climate:175]: State updated - Mode: 6, Target: nan°C, Current: nan°C
[13:21:35][I][fujitsu.heatpump:071]: CTRL  frame: CE FF FF 5F FF F7 EB 4B
[13:21:35][I][fujitsu.heatpump:075]:   CTRL B1=0xFF B2=0xFF B3=0x5F B4=0xFF B5=0xF7 B6=0xEB
[13:21:35][D][fujitsu.climate:175]: State updated - Mode: 6, Target: nan°C, Current: nan°C
[13:21:35][W][component:239]: Component fujitsu_climate.climate took a long time for an operation (92 ms).
[13:21:35][W][component:240]: Components should block for at most 30 ms.
[13:21:35][D][climate:396]: 'Fujitsu Heat Pump' - Sending state:
[13:21:35][D][climate:399]:   Mode: AUTO
[13:21:35][D][climate:401]:   Action: IDLE
[13:21:35][D][climate:404]:   Fan Mode: AUTO
[13:21:35][D][climate:419]:   Current Temperature: nan°C
[13:21:35][D][climate:425]:   Target Temperature: nan°C
[13:21:35][V][json:020]: Attempting to allocate 512 bytes for JSON serialization
[13:21:35][V][json:040]: Size after shrink 208 bytes
[13:21:35][V][json:020]: Attempting to allocate 512 bytes for JSON serialization
[13:21:35][V][json:040]: Size after shrink 208 bytes
[13:21:35][D][fujitsu.heatpump:067]: UNIT  frame: FE DF DF 7F FF F7 EB 6B
[13:21:35][D][fujitsu.heatpump:108]: RAW [0xDF->0xDF]: FE DF DF 7F FF F7 EB 6B
[13:21:35][D][fujitsu.heatpump:124]:   B3=0x7F  pwr=1 mode=7 fan=7 err=0
[13:21:35][D][fujitsu.heatpump:128]:   B4=0xFF  temp_raw=127 (->143°C) eco=1
[13:21:35][D][fujitsu.heatpump:131]:   B5=0xF7  magic=15 swing=1 step=1
[13:21:35][D][fujitsu.heatpump:133]:   B6=0xEB  room=53°C ctrl_present=1
[13:21:35][W][fujitsu.heatpump:148]: Target temp raw=127 out of range (byte4=0xFF) — keeping nan°C
[13:21:35][W][fujitsu.heatpump:158]: Room temp 53.0°C out of range (byte6=0xEB) — keeping nan°C
[13:21:35][I][fujitsu.heatpump:164]: State: pwr=ON mode=7 temp=nan°C room=nan°C fan=7
[13:21:35][D][fujitsu.climate:175]: State updated - Mode: 6, Target: nan°C, Current: nan°C
[13:21:35][I][fujitsu.heatpump:071]: CTRL  frame: CE FF FF 5F FF F7 EB 4B
[13:21:35][I][fujitsu.heatpump:075]:   CTRL B1=0xFF B2=0xFF B3=0x5F B4=0xFF B5=0xF7 B6=0xEB
[13:21:35][D][fujitsu.climate:175]: State updated - Mode: 6, Target: nan°C, Current: nan°C
[13:21:35][W][component:239]: Component fujitsu_climate.climate took a long time for an operation (91 ms).
[13:21:35][W][component:240]: Components should block for at most 30 ms.
[13:21:35][D][status_led:050]: 'Status LED': Setting state ON
[13:21:35][D][climate:396]: 'Fujitsu Heat Pump' - Sending state:
[13:21:35][D][climate:399]:   Mode: AUTO
[13:21:35][D][climate:401]:   Action: IDLE
[13:21:35][D][climate:404]:   Fan Mode: AUTO
[13:21:35][D][climate:419]:   Current Temperature: nan°C
[13:21:35][D][climate:425]:   Target Temperature: nan°C
[13:21:35][V][json:020]: Attempting to allocate 512 bytes for JSON serialization
[13:21:35][V][json:040]: Size after shrink 208 bytes
[13:21:35][V][json:020]: Attempting to allocate 512 bytes for JSON serialization
[13:21:35][V][json:040]: Size after shrink 208 bytes
[13:21:35][W][component:239]: Component fujitsu_climate.climate took a long time for an operation (58 ms).
[13:21:35][W][component:240]: Components should block for at most 30 ms.
[13:21:35][D][fujitsu.heatpump:067]: UNIT  frame: FE DF DF 7F FF F7 EB 6B
[13:21:35][D][fujitsu.heatpump:108]: RAW [0xDF->0xDF]: FE DF DF 7F FF F7 EB 6B
[13:21:35][D][fujitsu.heatpump:124]:   B3=0x7F  pwr=1 mode=7 fan=7 err=0
[13:21:35][D][fujitsu.heatpump:128]:   B4=0xFF  temp_raw=127 (->143°C) eco=1
[13:21:35][D][fujitsu.heatpump:131]:   B5=0xF7  magic=15 swing=1 step=1
[13:21:35][D][fujitsu.heatpump:133]:   B6=0xEB  room=53°C ctrl_present=1
[13:21:35][W][fujitsu.heatpump:148]: Target temp raw=127 out of range (byte4=0xFF) — keeping nan°C
[13:21:35][W][fujitsu.heatpump:158]: Room temp 53.0°C out of range (byte6=0xEB) — keeping nan°C
[13:21:35][I][fujitsu.heatpump:164]: State: pwr=ON mode=7 temp=nan°C room=nan°C fan=7
[13:21:35][D][fujitsu.climate:175]: State updated - Mode: 6, Target: nan°C, Current: nan°C
[13:21:35][I][fujitsu.heatpump:071]: CTRL  frame: CE FF FF 5F FF F7 EB 4B
[13:21:35][I][fujitsu.heatpump:075]:   CTRL B1=0xFF B2=0xFF B3=0x5F B4=0xFF B5=0xF7 B6=0xEB
[13:21:35][D][fujitsu.climate:175]: State updated - Mode: 6, Target: nan°C, Current: nan°C
[13:21:35][D][fujitsu.heatpump:067]: UNIT  frame: FE DF DF 7F FF F7 EB 6B
[13:21:35][D][fujitsu.heatpump:108]: RAW [0xDF->0xDF]: FE DF DF 7F FF F7 EB 6B
[13:21:35][D][fujitsu.heatpump:124]:   B3=0x7F  pwr=1 mode=7 fan=7 err=0
[13:21:35][D][fujitsu.heatpump:128]:   B4=0xFF  temp_raw=127 (->143°C) eco=1
[13:21:35][D][fujitsu.heatpump:131]:   B5=0xF7  magic=15 swing=1 step=1
[13:21:35][D][fujitsu.heatpump:133]:   B6=0xEB  room=53°C ctrl_present=1
[13:21:35][W][fujitsu.heatpump:148]: Target temp raw=127 out of range (byte4=0xFF) — keeping nan°C
[13:21:35][W][fujitsu.heatpump:158]: Room temp 53.0°C out of range (byte6=0xEB) — keeping nan°C
[13:21:35][I][fujitsu.heatpump:164]: State: pwr=ON mode=7 temp=nan°C room=nan°C fan=7
[13:21:35][D][fujitsu.climate:175]: State updated - Mode: 6, Target: nan°C, Current: nan°C
[13:21:35][I][fujitsu.heatpump:071]: CTRL  frame: CE FF FF 5F FF F7 EB 4B
[13:21:35][I][fujitsu.heatpump:075]:   CTRL B1=0xFF B2=0xFF B3=0x5F B4=0xFF B5=0xF7 B6=0xEB
[13:21:35][D][fujitsu.climate:175]: State updated - Mode: 6, Target: nan°C, Current: nan°C
[13:21:35][W][component:239]: Component fujitsu_climate.climate took a long time for an operation (224 ms).
[13:21:35][W][component:240]: Components should block for at most 30 ms.
[13:21:35][D][status_led:050]: 'Status LED': Setting state OFF
[13:21:35][D][fujitsu.heatpump:067]: UNIT  frame: FE DF DF 7F FF F7 EB 6B
[13:21:35][D][fujitsu.heatpump:108]: RAW [0xDF->0xDF]: FE DF DF 7F FF F7 EB 6B
[13:21:35][D][fujitsu.heatpump:124]:   B3=0x7F  pwr=1 mode=7 fan=7 err=0
[13:21:35][D][fujitsu.heatpump:128]:   B4=0xFF  temp_raw=127 (->143°C) eco=1
[13:21:35][D][fujitsu.heatpump:131]:   B5=0xF7  magic=15 swing=1 step=1
[13:21:35][D][fujitsu.heatpump:133]:   B6=0xEB  room=53°C ctrl_present=1
[13:21:35][W][fujitsu.heatpump:148]: Target temp raw=127 out of range (byte4=0xFF) — keeping nan°C
[13:21:35][W][fujitsu.heatpump:158]: Room temp 53.0°C out of range (byte6=0xEB) — keeping nan°C
[13:21:35][I][fujitsu.heatpump:164]: State: pwr=ON mode=7 temp=nan°C room=nan°C fan=7
[13:21:35][D][fujitsu.climate:175]: State updated - Mode: 6, Target: nan°C, Current: nan°C
[13:21:35][I][fujitsu.heatpump:071]: CTRL  frame: CE FF FF 5F FF F7 EB 4B
[13:21:35][I][fujitsu.heatpump:075]:   CTRL B1=0xFF B2=0xFF B3=0x5F B4=0xFF B5=0xF7 B6=0xEB
[13:21:35][D][fujitsu.climate:175]: State updated - Mode: 6, Target: nan°C, Current: nan°C
[13:21:35][W][component:239]: Component fujitsu_climate.climate took a long time for an operation (90 ms).
[13:21:35][W][component:240]: Components should block for at most 30 ms.
[13:21:35][D][fujitsu.heatpump:067]: UNIT  frame: FE DF DF 7F FF F7 EB 6B
[13:21:35][D][fujitsu.heatpump:108]: RAW [0xDF->0xDF]: FE DF DF 7F FF F7 EB 6B
[13:21:35][D][fujitsu.heatpump:124]:   B3=0x7F  pwr=1 mode=7 fan=7 err=0
[13:21:35][D][fujitsu.heatpump:128]:   B4=0xFF  temp_raw=127 (->143°C) eco=1
[13:21:35][D][fujitsu.heatpump:131]:   B5=0xF7  magic=15 swing=1 step=1
[13:21:35][D][fujitsu.heatpump:133]:   B6=0xEB  room=53°C ctrl_present=1
[13:21:35][W][fujitsu.heatpump:148]: Target temp raw=127 out of range (byte4=0xFF) — keeping nan°C
[13:21:35][W][fujitsu.heatpump:158]: Room temp 53.0°C out of range (byte6=0xEB) — keeping nan°C
[13:21:35][I][fujitsu.heatpump:164]: State: pwr=ON mode=7 temp=nan°C room=nan°C fan=7
[13:21:35][D][fujitsu.climate:175]: State updated - Mode: 6, Target: nan°C, Current: nan°C
[13:21:35][I][fujitsu.heatpump:071]: CTRL  frame: CE FF FF 5F FF F7 EB 4B
[13:21:35][I][fujitsu.heatpump:075]:   CTRL B1=0xFF B2=0xFF B3=0x5F B4=0xFF B5=0xF7 B6=0xEB
[13:21:35][D][fujitsu.climate:175]: State updated - Mode: 6, Target: nan°C, Current: nan°C
[13:21:35][W][component:239]: Component fujitsu_climate.climate took a long time for an operation (92 ms).
[13:21:35][W][component:240]: Components should block for at most 30 ms.
[13:21:35][D][climate:396]: 'Fujitsu Heat Pump' - Sending state:
[13:21:36][D][climate:399]:   Mode: AUTO
[13:21:36][D][climate:401]:   Action: IDLE
[13:21:36][D][climate:404]:   Fan Mode: AUTO
[13:21:36][D][climate:419]:   Current Temperature: nan°C
[13:21:36][D][climate:425]:   Target Temperature: nan°C
[13:21:36][V][json:020]: Attempting to allocate 512 bytes for JSON serialization
[13:21:36][V][json:040]: Size after shrink 208 bytes
[13:21:36][V][json:020]: Attempting to allocate 512 bytes for JSON serialization
[13:21:36][V][json:040]: Size after shrink 208 bytes
[13:21:36][D][fujitsu.heatpump:067]: UNIT  frame: FE DF DF 7F FF F7 EB 6B
[13:21:36][D][fujitsu.heatpump:108]: RAW [0xDF->0xDF]: FE DF DF 7F FF F7 EB 6B
[13:21:36][D][fujitsu.heatpump:124]:   B3=0x7F  pwr=1 mode=7 fan=7 err=0
[13:21:36][D][fujitsu.heatpump:128]:   B4=0xFF  temp_raw=127 (->143°C) eco=1
[13:21:36][D][fujitsu.heatpump:131]:   B5=0xF7  magic=15 swing=1 step=1
[13:21:36][D][fujitsu.heatpump:133]:   B6=0xEB  room=53°C ctrl_present=1
[13:21:36][W][fujitsu.heatpump:148]: Target temp raw=127 out of range (byte4=0xFF) — keeping nan°C
[13:21:36][W][fujitsu.heatpump:158]: Room temp 53.0°C out of range (byte6=0xEB) — keeping nan°C
[13:21:36][I][fujitsu.heatpump:164]: State: pwr=ON mode=7 temp=nan°C room=nan°C fan=7
[13:21:36][D][fujitsu.climate:175]: State updated - Mode: 6, Target: nan°C, Current: nan°C
[13:21:36][I][fujitsu.heatpump:071]: CTRL  frame: CE FF FF 5F FF F7 EB 4B
[13:21:36][I][fujitsu.heatpump:075]:   CTRL B1=0xFF B2=0xFF B3=0x5F B4=0xFF B5=0xF7 B6=0xEB
[13:21:36][D][fujitsu.climate:175]: State updated - Mode: 6, Target: nan°C, Current: nan°C
[13:21:36][W][component:239]: Component fujitsu_climate.climate took a long time for an operation (100 ms).
[13:21:36][W][component:240]: Components should block for at most 30 ms.
[13:21:36][D][fujitsu.heatpump:067]: UNIT  frame: FE DF DF 7F FF F7 EB 6B
[13:21:36][D][fujitsu.heatpump:108]: RAW [0xDF->0xDF]: FE DF DF 7F FF F7 EB 6B
[13:21:36][D][fujitsu.heatpump:124]:   B3=0x7F  pwr=1 mode=7 fan=7 err=0
[13:21:36][D][fujitsu.heatpump:128]:   B4=0xFF  temp_raw=127 (->143°C) eco=1
[13:21:36][D][fujitsu.heatpump:131]:   B5=0xF7  magic=15 swing=1 step=1
[13:21:36][D][fujitsu.heatpump:133]:   B6=0xEB  room=53°C ctrl_present=1
[13:21:36][W][fujitsu.heatpump:148]: Target temp raw=127 out of range (byte4=0xFF) — keeping nan°C
[13:21:36][W][fujitsu.heatpump:158]: Room temp 53.0°C out of range (byte6=0xEB) — keeping nan°C
[13:21:36][I][fujitsu.heatpump:164]: State: pwr=ON mode=7 temp=nan°C room=nan°C fan=7
[13:21:36][D][fujitsu.climate:175]: State updated - Mode: 6, Target: nan°C, Current: nan°C
[13:21:36][I][fujitsu.heatpump:071]: CTRL  frame: CE FF FF 5F FF F7 EB 4B
[13:21:36][I][fujitsu.heatpump:075]:   CTRL B1=0xFF B2=0xFF B3=0x5F B4=0xFF B5=0xF7 B6=0xEB
[13:21:36][D][fujitsu.climate:175]: State updated - Mode: 6, Target: nan°C, Current: nan°C
[13:21:36][W][component:239]: Component fujitsu_climate.climate took a long time for an operation (97 ms).
[13:21:36][W][component:240]: Components should block for at most 30 ms.
[13:21:36][D][status_led:050]: 'Status LED': Setting state ON
[13:21:36][V][json:020]: Attempting to allocate 512 bytes for JSON serialization
[13:21:36][V][json:040]: Size after shrink 88 bytes
[13:21:36][V][json:020]: Attempting to allocate 512 bytes for JSON serialization
[13:21:36][V][json:040]: Size after shrink 120 bytes
[13:21:36][V][json:020]: Attempting to allocate 512 bytes for JSON serialization
[13:21:36][V][json:040]: Size after shrink 328 bytes
[13:21:36][D][climate:396]: 'Fujitsu Heat Pump' - Sending state:
[13:21:36][D][climate:399]:   Mode: AUTO
[13:21:36][D][climate:401]:   Action: IDLE
[13:21:36][D][climate:404]:   Fan Mode: AUTO
[13:21:36][D][climate:419]:   Current Temperature: nan°C
[13:21:36][D][climate:425]:   Target Temperature: nan°C
[13:21:36][V][json:020]: Attempting to allocate 512 bytes for JSON serialization
[13:21:36][V][json:040]: Size after shrink 208 bytes
[13:21:36][V][json:020]: Attempting to allocate 512 bytes for JSON serialization
[13:21:36][V][json:040]: Size after shrink 208 bytes
[13:21:36][W][component:239]: Component fujitsu_climate.climate took a long time for an operation (61 ms).
[13:21:36][W][component:240]: Components should block for at most 30 ms.
[13:21:36][V][json:020]: Attempting to allocate 512 bytes for JSON serialization
[13:21:36][V][json:040]: Size after shrink 144 bytes
[13:21:36][V][json:020]: Attempting to allocate 512 bytes for JSON serialization
[13:21:36][V][json:040]: Size after shrink 152 bytes
[13:21:36][D][fujitsu.heatpump:067]: UNIT  frame: FE DF DF 7F FF F7 EB 6B
[13:21:36][D][fujitsu.heatpump:108]: RAW [0xDF->0xDF]: FE DF DF 7F FF F7 EB 6B
[13:21:36][D][fujitsu.heatpump:124]:   B3=0x7F  pwr=1 mode=7 fan=7 err=0
[13:21:36][D][fujitsu.heatpump:128]:   B4=0xFF  temp_raw=127 (->143°C) eco=1
[13:21:36][D][fujitsu.heatpump:131]:   B5=0xF7  magic=15 swing=1 step=1
[13:21:36][D][fujitsu.heatpump:133]:   B6=0xEB  room=53°C ctrl_present=1
[13:21:36][W][fujitsu.heatpump:148]: Target temp raw=127 out of range (byte4=0xFF) — keeping nan°C
[13:21:36][W][fujitsu.heatpump:158]: Room temp 53.0°C out of range (byte6=0xEB) — keeping nan°C
[13:21:36][I][fujitsu.heatpump:164]: State: pwr=ON mode=7 temp=nan°C room=nan°C fan=7
[13:21:36][D][fujitsu.climate:175]: State updated - Mode: 6, Target: nan°C, Current: nan°C
[13:21:36][I][fujitsu.heatpump:071]: CTRL  frame: CE FF FF 5F FF F7 EB 4B
[13:21:36][I][fujitsu.heatpump:075]:   CTRL B1=0xFF B2=0xFF B3=0x5F B4=0xFF B5=0xF7 B6=0xEB
[13:21:36][D][fujitsu.climate:175]: State updated - Mode: 6, Target: nan°C, Current: nan°C
[13:21:36][W][component:239]: Component fujitsu_climate.climate took a long time for an operation (112 ms).
[13:21:36][W][component:240]: Components should block for at most 30 ms.
[13:21:36][V][json:020]: Attempting to allocate 512 bytes for JSON serialization
[13:21:36][V][json:040]: Size after shrink 160 bytes
[13:21:36][V][json:020]: Attempting to allocate 512 bytes for JSON serialization
[13:21:36][V][json:040]: Size after shrink 140 bytes
[13:21:36][V][json:020]: Attempting to allocate 512 bytes for JSON serialization
[13:21:36][V][json:040]: Size after shrink 104 bytes
[13:21:36][D][status_led:050]: 'Status LED': Setting state OFF
[13:21:36][V][json:020]: Attempting to allocate 512 bytes for JSON serialization
[13:21:36][V][json:040]: Size after shrink 128 bytes
[13:21:36][V][json:020]: Attempting to allocate 512 bytes for JSON serialization
[13:21:36][V][json:040]: Size after shrink 140 bytes
[13:21:36][V][json:020]: Attempting to allocate 512 bytes for JSON serialization
[13:21:36][V][json:040]: Size after shrink 136 bytes
[13:21:36][V][json:020]: Attempting to allocate 512 bytes for JSON serialization
[13:21:36][V][json:040]: Size after shrink 168 bytes
[13:21:36][V][json:020]: Attempting to allocate 512 bytes for JSON serialization
[13:21:36][V][json:040]: Size after shrink 396 bytes
[13:21:36][D][fujitsu.heatpump:067]: UNIT  frame: FE DF DF 7F FF F7 EB 6B
[13:21:36][D][fujitsu.heatpump:108]: RAW [0xDF->0xDF]: FE DF DF 7F FF F7 EB 6B
[13:21:36][D][fujitsu.heatpump:124]:   B3=0x7F  pwr=1 mode=7 fan=7 err=0
[13:21:36][D][fujitsu.heatpump:128]:   B4=0xFF  temp_raw=127 (->143°C) eco=1
[13:21:36][D][fujitsu.heatpump:131]:   B5=0xF7  magic=15 swing=1 step=1
[13:21:36][D][fujitsu.heatpump:133]:   B6=0xEB  room=53°C ctrl_present=1
[13:21:36][W][fujitsu.heatpump:148]: Target temp raw=127 out of range (byte4=0xFF) — keeping nan°C
[13:21:36][W][fujitsu.heatpump:158]: Room temp 53.0°C out of range (byte6=0xEB) — keeping nan°C
[13:21:36][I][fujitsu.heatpump:164]: State: pwr=ON mode=7 temp=nan°C room=nan°C fan=7
[13:21:36][D][fujitsu.climate:175]: State updated - Mode: 6, Target: nan°C, Current: nan°C
[13:21:36][I][fujitsu.heatpump:071]: CTRL  frame: CE FF FF 5F FF F7 EB 4B
[13:21:36][I][fujitsu.heatpump:075]:   CTRL B1=0xFF B2=0xFF B3=0x5F B4=0xFF B5=0xF7 B6=0xEB
[13:21:36][D][fujitsu.climate:175]: State updated - Mode: 6, Target: nan°C, Current: nan°C
[13:21:36][W][component:239]: Component fujitsu_climate.climate took a long time for an operation (110 ms).
[13:21:36][W][component:240]: Components should block for at most 30 ms.
[13:21:36][D][fujitsu.heatpump:067]: UNIT  frame: FE DF DF 7F FF F7 EB 6B
[13:21:36][D][fujitsu.heatpump:108]: RAW [0xDF->0xDF]: FE DF DF 7F FF F7 EB 6B
[13:21:36][D][fujitsu.heatpump:124]:   B3=0x7F  pwr=1 mode=7 fan=7 err=0
[13:21:36][D][fujitsu.heatpump:128]:   B4=0xFF  temp_raw=127 (->143°C) eco=1
[13:21:36][D][fujitsu.heatpump:131]:   B5=0xF7  magic=15 swing=1 step=1
[13:21:36][D][fujitsu.heatpump:133]:   B6=0xEB  room=53°C ctrl_present=1
[13:21:36][W][fujitsu.heatpump:148]: Target temp raw=127 out of range (byte4=0xFF) — keeping nan°C
[13:21:36][W][fujitsu.heatpump:158]: Room temp 53.0°C out of range (byte6=0xEB) — keeping nan°C
[13:21:41][I][fujitsu.heatpump:164]: State: pwr=ON mode=7 temp=nan°C room=nan°C fan=7
[13:21:41][D][fujitsu.climate:175]: State updated - Mode: 6, Target: nan°C, Current: nan°C
[13:21:41][I][fujitsu.heatpump:071]: CTRL  frame: CE FF FF 5F FF F7 EB 4B
[13:21:41][I][fujitsu.heatpump:075]:   CTRL B1=0xFF B2=0xFF B3=0x5F B4=0xFF B5=0xF7 B6=0xEB
[13:21:49][D][fujitsu.climate:175]: State updated - Mode: 6, Target: nan°C, Current: nan°C
[13:21:49][W][component:239]: Component fujitsu_climate.climate took a long time for an operation (126 ms).
[13:21:49][W][component:240]: Components should block for at most 30 ms.
[13:21:49][D][climate:396]: 'Fujitsu Heat Pump' - Sending state:
[13:21:49][D][climate:399]:   Mode: AUTO
[13:21:49][D][climate:401]:   Action: IDLE
[13:21:49][D][climate:404]:   Fan Mode: AUTO
[13:21:49][D][climate:419]:   Current Temperature: nan°C
[13:21:49][D][climate:425]:   Target Temperature: nan°C
[13:21:49][V][json:020]: Attempting to allocate 512 bytes for JSON serialization
[13:21:49][V][json:040]: Size after shrink 208 bytes
[13:21:49][V][json:020]: Attempting to allocate 512 bytes for JSON serialization
[13:21:49][V][json:040]: Size after shrink 208 bytes
[13:21:49][V][json:020]: Attempting to allocate 512 bytes for JSON serialization
[13:21:49][V][json:040]: Size after shrink 208 bytes
[13:21:49][W][component:239]: Component fujitsu_climate.climate took a long time for an operation (67 ms).
[13:21:49][W][component:240]: Components should block for at most 30 ms.
[13:21:50][D][fujitsu.heatpump:067]: UNIT  frame: FE DF DF 7F FF F7 EB 6B
[13:21:50][D][fujitsu.heatpump:108]: RAW [0xDF->0xDF]: FE DF DF 7F FF F7 EB 6B
[13:21:50][D][fujitsu.heatpump:124]:   B3=0x7F  pwr=1 mode=7 fan=7 err=0
[13:21:50][D][fujitsu.heatpump:128]:   B4=0xFF  temp_raw=127 (->143°C) eco=1
[13:21:50][D][fujitsu.heatpump:131]:   B5=0xF7  magic=15 swing=1 step=1
[13:21:50][D][fujitsu.heatpump:133]:   B6=0xEB  room=53°C ctrl_present=1
[13:21:50][W][fujitsu.heatpump:148]: Target temp raw=127 out of range (byte4=0xFF) — keeping nan°C
[13:21:50][W][fujitsu.heatpump:158]: Room temp 53.0°C out of range (byte6=0xEB) — keeping nan°C
[13:21:50][I][fujitsu.heatpump:164]: State: pwr=ON mode=7 temp=nan°C room=nan°C fan=7
[13:21:50][D][fujitsu.climate:175]: State updated - Mode: 6, Target: nan°C, Current: nan°C
[13:21:50][I][fujitsu.heatpump:071]: CTRL  frame: CE FF FF 5F FF F7 EB 4B
[13:21:50][I][fujitsu.heatpump:075]:   CTRL B1=0xFF B2=0xFF B3=0x5F B4=0xFF B5=0xF7 B6=0xEB
[13:21:50][D][fujitsu.climate:175]: State updated - Mode: 6, Target: nan°C, Current: nan°C
[13:21:50][W][component:239]: Component fujitsu_climate.climate took a long time for an operation (97 ms).
[13:21:50][W][component:240]: Components should block for at most 30 ms.
[13:21:50][D][fujitsu.heatpump:067]: UNIT  frame: FE DF DF 7F FF F7 EB 6B
[13:21:50][D][fujitsu.heatpump:108]: RAW [0xDF->0xDF]: FE DF DF 7F FF F7 EB 6B
[13:21:50][D][fujitsu.heatpump:124]:   B3=0x7F  pwr=1 mode=7 fan=7 err=0
[13:21:50][D][fujitsu.heatpump:128]:   B4=0xFF  temp_raw=127 (->143°C) eco=1
[13:21:50][D][fujitsu.heatpump:131]:   B5=0xF7  magic=15 swing=1 step=1
[13:21:50][D][fujitsu.heatpump:133]:   B6=0xEB  room=53°C ctrl_present=1
[13:21:50][W][fujitsu.heatpump:148]: Target temp raw=127 out of range (byte4=0xFF) — keeping nan°C
[13:21:50][W][fujitsu.heatpump:158]: Room temp 53.0°C out of range (byte6=0xEB) — keeping nan°C
[13:21:50][I][fujitsu.heatpump:164]: State: pwr=ON mode=7 temp=nan°C room=nan°C fan=7
[13:21:50][D][fujitsu.climate:175]: State updated - Mode: 6, Target: nan°C, Current: nan°C
[13:21:50][I][fujitsu.heatpump:071]: CTRL  frame: CE FF FF 5F FF F7 EB 4B
[13:21:50][I][fujitsu.heatpump:075]:   CTRL B1=0xFF B2=0xFF B3=0x5F B4=0xFF B5=0xF7 B6=0xEB
[13:21:50][D][fujitsu.climate:175]: State updated - Mode: 6, Target: nan°C, Current: nan°C
[13:21:50][W][component:239]: Component fujitsu_climate.climate took a long time for an operation (100 ms).
[13:21:50][W][component:240]: Components should block for at most 30 ms.
[13:21:50][D][status_led:050]: 'Status LED': Setting state ON
[13:21:50][D][climate:396]: 'Fujitsu Heat Pump' - Sending state:
[13:21:50][D][climate:399]:   Mode: AUTO
[13:21:50][D][climate:401]:   Action: IDLE
[13:21:50][D][climate:404]:   Fan Mode: AUTO
[13:21:50][D][climate:419]:   Current Temperature: nan°C
[13:21:50][D][climate:425]:   Target Temperature: nan°C
[13:21:50][V][json:020]: Attempting to allocate 512 bytes for JSON serialization
[13:21:50][V][json:040]: Size after shrink 208 bytes
[13:21:50][V][json:020]: Attempting to allocate 512 bytes for JSON serialization
[13:21:50][V][json:040]: Size after shrink 208 bytes
[13:21:50][V][json:020]: Attempting to allocate 512 bytes for JSON serialization
[13:21:50][V][json:040]: Size after shrink 208 bytes
[13:21:50][W][component:239]: Component fujitsu_climate.climate took a long time for an operation (63 ms).
[13:21:50][W][component:240]: Components should block for at most 30 ms.
[13:21:50][D][fujitsu.heatpump:067]: UNIT  frame: FE DF DF 7F FF F7 EB 6B
[13:21:50][D][fujitsu.heatpump:108]: RAW [0xDF->0xDF]: FE DF DF 7F FF F7 EB 6B
[13:21:50][D][fujitsu.heatpump:124]:   B3=0x7F  pwr=1 mode=7 fan=7 err=0
[13:21:50][D][fujitsu.heatpump:128]:   B4=0xFF  temp_raw=127 (->143°C) eco=1
[13:21:50][V][json:020]: Attempting to allocate 512 bytes for JSON serialization
[13:21:50][V][json:040]: Size after shrink 208 bytes
[13:21:50][V][json:020]: Attempting to allocate 512 bytes for JSON serialization
[13:21:50][V][json:040]: Size after shrink 208 bytes
[13:21:50][V][json:020]: Attempting to allocate 512 bytes for JSON serialization
[13:21:50][V][json:040]: Size after shrink 208 bytes
[13:21:50][V][json:020]: Attempting to allocate 512 bytes for JSON serialization
[13:21:50][V][json:040]: Size after shrink 208 bytes
[13:21:50][V][json:020]: Attempting to allocate 512 bytes for JSON serialization
[13:21:50][V][json:040]: Size after shrink 208 bytes
[13:21:50][V][json:020]: Attempting to allocate 512 bytes for JSON serialization
[13:21:50][V][json:040]: Size after shrink 208 bytes
[13:21:50][V][json:020]: Attempting to allocate 512 bytes for JSON serialization
[13:21:50][V][json:040]: Size after shrink 208 bytes
[13:21:50][V][json:020]: Attempting to allocate 512 bytes for JSON serialization
[13:21:50][V][json:040]: Size after shrink 208 bytes
[13:21:50][V][json:020]: Attempting to allocate 512 bytes for JSON serialization
[13:21:50][V][json:040]: Size after shrink 208 bytes
[13:21:50][V][json:020]: Attempting to allocate 512 bytes for JSON serialization
[13:21:50][V][json:040]: Size after shrink 208 bytes
[13:21:50][V][json:020]: Attempting to allocate 512 bytes for JSON serialization
[13:21:52][V][json:040]: Size after shrink 208 bytes
[13:21:52][V][json:020]: Attempting to allocate 512 bytes for JSON serialization
[13:21:52][V][json:040]: Size after shrink 76 bytes
[13:21:52][D][fujitsu.heatpump:067]: UNIT  frame: FE DF DF 7F FF F8 E9 6B
[13:21:52][D][fujitsu.heatpump:108]: RAW [0xDF->0xDF]: FE DF DF 7F FF F8 E9 6B
[13:21:52][D][fujitsu.heatpump:124]:   B3=0x7F  pwr=1 mode=7 fan=7 err=0
[13:21:52][D][fujitsu.heatpump:128]:   B4=0xFF  temp_raw=127 (->143°C) eco=1
[13:21:52][D][fujitsu.heatpump:131]:   B5=0xF8  magic=15 swing=0 step=0
[13:21:52][D][fujitsu.heatpump:133]:   B6=0xE9  room=52°C ctrl_present=1
[13:21:52][W][fujitsu.heatpump:148]: Target temp raw=127 out of range (byte4=0xFF) — keeping nan°C
[13:21:52][W][fujitsu.heatpump:158]: Room temp 52.0°C out of range (byte6=0xE9) — keeping nan°C
[13:21:52][I][fujitsu.heatpump:164]: State: pwr=ON mode=7 temp=nan°C room=nan°C fan=7
[13:21:52][D][fujitsu.climate:175]: State updated - Mode: 6, Target: nan°C, Current: nan°C
[13:21:52][I][fujitsu.heatpump:071]: CTRL  frame: CE FF FF 5F FF F8 E9 4B
[13:21:52][I][fujitsu.heatpump:075]:   CTRL B1=0xFF B2=0xFF B3=0x5F B4=0xFF B5=0xF8 B6=0xE9
[13:21:52][D][fujitsu.climate:175]: State updated - Mode: 6, Target: nan°C, Current: nan°C
[13:21:52][D][fujitsu.heatpump:067]: UNIT  frame: FE DF DF 7F FF F8 E9 6B
[13:21:52][D][fujitsu.heatpump:108]: RAW [0xDF->0xDF]: FE DF DF 7F FF F8 E9 6B
[13:21:52][D][fujitsu.heatpump:124]:   B3=0x7F  pwr=1 mode=7 fan=7 err=0
[13:21:52][D][fujitsu.heatpump:133]:   B6=0xE9  room=52°C ctrl_present=1
[13:21:52][I][fujitsu.heatpump:071]: CTRL  frame: CE FF FF 5F FF F8 E9 4B
[13:21:52][D][fujitsu.heatpump:067]: UNIT  frame: FE DF DF 7F FF F8 E9 6B
[13:21:52][D][fujitsu.heatpump:108]: RAW [0xDF->0xDF]: FE DF DF 7F FF F8 E9 6B
[13:21:52][D][fujitsu.heatpump:124]:   B3=0x7F  pwr=1 mode=7 fan=7 err=0
[13:21:52][D][fujitsu.heatpump:128]:   B4=0xFF  temp_raw=127 (->143°C) eco=1
[13:21:52][D][fujitsu.heatpump:131]:   B5=0xF8  magic=15 swing=0 step=0
[13:21:53][I][fujitsu.heatpump:071]: CTRL  frame: CE FF FF 7E FF F8 E9 4B
[13:21:53][V][json:040]: Size after shrink 208 bytes
[13:21:53][V][json:020]: Attempting to allocate 512 bytes for JSON serialization
[13:21:53][V][json:040]: Size after shrink 208 bytes
[13:21:53][V][json:020]: Attempting to allocate 512 bytes for JSON serialization
[13:21:53][V][json:040]: Size after shrink 208 bytes
[13:21:53][V][json:020]: Attempting to allocate 512 bytes for JSON serialization
[13:21:53][V][json:040]: Size after shrink 208 bytes
[13:21:53][V][json:020]: Attempting to allocate 512 bytes for JSON serialization
[13:21:53][V][json:040]: Size after shrink 208 bytes
[13:21:53][V][json:020]: Attempting to allocate 512 bytes for JSON serialization
[13:21:53][V][json:040]: Size after shrink 208 bytes
[13:21:53][V][json:020]: Attempting to allocate 512 bytes for JSON serialization
[13:21:53][V][json:040]: Size after shrink 208 bytes
[13:21:53][V][json:020]: Attempting to allocate 512 bytes for JSON serialization
[13:21:53][D][climate:396]: 'Fujitsu Heat Pump' - Sending state:
[13:21:53][D][climate:404]:   Fan Mode: AUTO
[13:21:53][D][climate:419]:   Current Temperature: nan°C
[13:21:53][D][climate:425]:   Target Temperature: nan°C
[13:21:54][D][status_led:050]: 'Status LED': Setting state ON
[13:21:54][D][fujitsu.heatpump:067]: UNIT  frame: FE DF DF 7F FF F8 E9 6B
[13:21:54][D][fujitsu.heatpump:108]: RAW [0xDF->0xDF]: FE DF DF 7F FF F8 E9 6B
[13:21:54][D][fujitsu.heatpump:124]:   B3=0x7F  pwr=1 mode=7 fan=7 err=0
[13:21:54][D][fujitsu.heatpump:128]:   B4=0xFF  temp_raw=127 (->143°C) eco=1
[13:21:54][D][fujitsu.heatpump:131]:   B5=0xF8  magic=15 swing=0 step=0
[13:21:54][D][fujitsu.heatpump:133]:   B6=0xE9  room=52°C ctrl_present=1
[13:21:54][W][fujitsu.heatpump:148]: Target temp raw=127 out of range (byte4=0xFF) — keeping nan°C
[13:21:54][W][fujitsu.heatpump:158]: Room temp 52.0°C out of range (byte6=0xE9) — keeping nan°C
[13:21:54][I][fujitsu.heatpump:164]: State: pwr=ON mode=7 temp=nan°C room=nan°C fan=7
[13:21:54][D][fujitsu.climate:175]: State updated - Mode: 6, Target: nan°C, Current: nan°C
[13:21:54][I][fujitsu.heatpump:071]: CTRL  frame: CE FF FF 5F FF F8 E9 4B
[13:21:54][I][fujitsu.heatpump:075]:   CTRL B1=0xFF B2=0xFF B3=0x5F B4=0xFF B5=0xF8 B6=0xE9
[13:21:54][D][fujitsu.climate:175]: State updated - Mode: 6, Target: nan°C, Current: nan°C
[13:21:54][D][fujitsu.heatpump:067]: UNIT  frame: FE DF DF 7F FF F8 E9 6B
[13:21:54][D][fujitsu.heatpump:108]: RAW [0xDF->0xDF]: FE DF DF 7F FF F8 E9 6B
[13:21:54][D][fujitsu.heatpump:124]:   B3=0x7F  pwr=1 mode=7 fan=7 err=0
[13:21:54][W][fujitsu.heatpump:158]: Room temp 52.0°C out of range (byte6=0xE9) — keeping nan°C
[13:21:54][I][fujitsu.heatpump:164]: State: pwr=ON mode=7 temp=nan°C room=nan°C fan=7
[13:21:54][D][fujitsu.climate:175]: State updated - Mode: 6, Target: nan°C, Current: nan°C
[13:21:54][I][fujitsu.heatpump:075]:   CTRL B1=0xFF B2=0xFF B3=0x5F B4=0xFF B5=0xF8 B6=0xE9
[13:21:54][D][fujitsu.climate:175]: State updated - Mode: 6, Target: nan°C, Current: nan°C
[13:21:54][W][component:239]: Component fujitsu_climate.climate took a long time for an operation (200 ms).
[13:21:54][D][fujitsu.heatpump:108]: RAW [0xDF->0xDF]: FE DF DF 7F FF F8 E9 6B
[13:21:55][D][climate:396]: 'Fujitsu Heat Pump' - Sending state:
[13:21:55][D][climate:399]:   Mode: AUTO
[13:21:55][D][climate:401]:   Action: IDLE
[13:21:55][D][climate:404]:   Fan Mode: AUTO
[13:21:55][D][climate:419]:   Current Temperature: nan°C
[13:21:55][D][climate:425]:   Target Temperature: nan°C
[13:21:55][V][json:020]: Attempting to allocate 512 bytes for JSON serialization
[13:21:55][V][json:040]: Size after shrink 208 bytes
[13:21:55][I][fujitsu.heatpump:071]: CTRL  frame: CE FF FF 7E FF F8 E9 4B
[13:21:55][I][fujitsu.heatpump:075]:   CTRL B1=0xFF B2=0xFF B3=0x7E B4=0xFF B5=0xF8 B6=0xE9
[13:21:55][D][fujitsu.climate:175]: State updated - Mode: 6, Target: nan°C, Current: nan°C
[13:21:55][D][fujitsu.heatpump:085]: Invalid frame: start=0xFE end=0x4B
[13:21:56][D][climate:396]: 'Fujitsu Heat Pump' - Sending state:
[13:21:56][D][climate:399]:   Mode: AUTO
[13:21:56][D][climate:401]:   Action: IDLE
[13:21:56][D][climate:404]:   Fan Mode: AUTO
[13:21:56][D][climate:419]:   Current Temperature: nan°C
[13:21:56][D][climate:425]:   Target Temperature: nan°C
[13:21:56][V][json:020]: Attempting to allocate 512 bytes for JSON serialization
[13:21:56][V][json:040]: Size after shrink 208 bytes
[13:21:56][D][status_led:050]: 'Status LED': Setting state ON
[13:21:56][D][fujitsu.heatpump:067]: UNIT  frame: FE DF DF 7F FF F8 E9 6B
[13:21:56][D][fujitsu.heatpump:108]: RAW [0xDF->0xDF]: FE DF DF 7F FF F8 E9 6B
[13:21:56][D][fujitsu.heatpump:124]:   B3=0x7F  pwr=1 mode=7 fan=7 err=0
[13:21:56][D][fujitsu.heatpump:128]:   B4=0xFF  temp_raw=127 (->143°C) eco=1
[13:21:56][D][fujitsu.heatpump:131]:   B5=0xF8  magic=15 swing=0 step=0
[13:21:56][D][fujitsu.heatpump:133]:   B6=0xE9  room=52°C ctrl_present=1
[13:21:56][W][fujitsu.heatpump:148]: Target temp raw=127 out of range (byte4=0xFF) — keeping nan°C
[13:21:56][D][fujitsu.heatpump:067]: UNIT  frame: FE DF DF 7F FF F8 E9 6B
[13:21:56][D][fujitsu.heatpump:108]: RAW [0xDF->0xDF]: FE DF DF 7F FF F8 E9 6B
[13:21:56][D][fujitsu.heatpump:124]:   B3=0x7F  pwr=1 mode=7 fan=7 err=0
[13:21:56][I][fujitsu.heatpump:164]: State: pwr=ON mode=7 temp=nan°C room=nan°C fan=7
[13:21:56][D][status_led:050]: 'Status LED': Setting state OFF
[13:21:57][D][climate:396]: 'Fujitsu Heat Pump' - Sending state:
[13:21:57][D][climate:399]:   Mode: AUTO
[13:21:57][D][climate:401]:   Action: IDLE
[13:21:57][D][climate:404]:   Fan Mode: AUTO
[13:21:57][D][climate:419]:   Current Temperature: nan°C
[13:21:57][D][climate:425]:   Target Temperature: nan°C
[13:21:57][V][json:020]: Attempting to allocate 512 bytes for JSON serialization
[13:21:57][V][json:040]: Size after shrink 208 bytes
[13:21:57][I][fujitsu.heatpump:071]: CTRL  frame: CE FF FF 7E FF F8 E9 4B
[13:21:57][I][fujitsu.heatpump:075]:   CTRL B1=0xFF B2=0xFF B3=0x7E B4=0xFF B5=0xF8 B6=0xE9
[13:21:57][D][fujitsu.climate:175]: State updated - Mode: 6, Target: nan°C, Current: nan°C
[13:21:58][D][climate:396]: 'Fujitsu Heat Pump' - Sending state:
[13:21:58][D][climate:399]:   Mode: AUTO
[13:21:58][D][climate:401]:   Action: IDLE
[13:21:58][D][climate:404]:   Fan Mode: AUTO
[13:21:58][D][climate:419]:   Current Temperature: nan°C
[13:21:58][D][climate:425]:   Target Temperature: nan°C
[13:21:58][V][json:020]: Attempting to allocate 512 bytes for JSON serialization
[13:21:58][V][json:040]: Size after shrink 208 bytes
[13:21:58][D][fujitsu.heatpump:085]: Invalid frame: start=0xFE end=0x4B
[13:21:58][D][fujitsu.heatpump:067]: UNIT  frame: FE DF DF 7F FF F8 E9 6B
[13:21:58][D][fujitsu.heatpump:108]: RAW [0xDF->0xDF]: FE DF DF 7F FF F8 E9 6B
[13:21:58][W][fujitsu.heatpump:158]: Room temp 52.0°C out of range (byte6=0xE9) — keeping nan°C
[13:21:58][W][fujitsu.heatpump:158]: Room temp 52.0°C out of range (byte6=0xE9) — keeping nan°C
[13:21:58][I][fujitsu.heatpump:071]: CTRL  frame: CE FF FF 5F FF F8 E9 4B
[13:21:58][D][fujitsu.climate:175]: State updated - Mode: 6, Target: nan°C, Current: nan°C
[13:21:58][W][component:239]: Component fujitsu_climate.climate took a long time for an operation (201 ms).
[13:21:58][D][fujitsu.heatpump:067]: UNIT  frame: FE DF DF 7F FF F8 E9 6B
[13:21:58][D][fujitsu.heatpump:108]: RAW [0xDF->0xDF]: FE DF DF 7F FF F8 E9 6B
[13:21:58][D][fujitsu.heatpump:124]:   B3=0x7F  pwr=1 mode=7 fan=7 err=0
[13:21:58][D][fujitsu.heatpump:128]:   B4=0xFF  temp_raw=127 (->143°C) eco=1
[13:21:58][D][fujitsu.heatpump:131]:   B5=0xF8  magic=15 swing=0 step=0
[13:21:58][D][fujitsu.heatpump:133]:   B6=0xE9  room=52°C ctrl_present=1
[13:21:58][W][fujitsu.heatpump:148]: Target temp raw=127 out of range (byte4=0xFF) — keeping nan°C
[13:21:58][W][fujitsu.heatpump:158]: Room temp 52.0°C out of range (byte6=0xE9) — keeping nan°C
[13:21:58][I][fujitsu.heatpump:164]: State: pwr=ON mode=7 temp=nan°C room=nan°C fan=7
[13:21:58][D][fujitsu.climate:175]: State updated - Mode: 6, Target: nan°C, Current: nan°C
[13:21:58][I][fujitsu.heatpump:071]: CTRL  frame: CE FF FF 5F FF F8 E9 4B
[13:21:58][I][fujitsu.heatpump:075]:   CTRL B1=0xFF B2=0xFF B3=0x5F B4=0xFF B5=0xF8 B6=0xE9
[13:21:58][D][fujitsu.climate:175]: State updated - Mode: 6, Target: nan°C, Current: nan°C
[13:21:58][W][component:239]: Component fujitsu_climate.climate took a long time for an operation (101 ms).
[13:21:58][W][component:240]: Components should block for at most 30 ms.
[13:21:59][D][climate:396]: 'Fujitsu Heat Pump' - Sending state:
[13:21:59][D][climate:399]:   Mode: AUTO
[13:21:59][D][climate:401]:   Action: IDLE
[13:21:59][D][climate:404]:   Fan Mode: AUTO
[13:21:59][D][climate:419]:   Current Temperature: nan°C
[13:21:59][D][climate:425]:   Target Temperature: nan°C
[13:21:59][V][json:020]: Attempting to allocate 512 bytes for JSON serialization
[13:21:59][V][json:040]: Size after shrink 208 bytes
[13:21:59][D][status_led:050]: 'Status LED': Setting state OFF
[13:21:59][D][fujitsu.heatpump:067]: UNIT  frame: FE DF DF 7F FF F8 E9 6B
[13:21:59][D][fujitsu.heatpump:108]: RAW [0xDF->0xDF]: FE DF DF 7F FF F8 E9 6B
[13:21:59][D][fujitsu.heatpump:124]:   B3=0x7F  pwr=1 mode=7 fan=7 err=0
[13:21:59][D][fujitsu.heatpump:128]:   B4=0xFF  temp_raw=127 (->143°C) eco=1
[13:21:59][D][fujitsu.heatpump:131]:   B5=0xF8  magic=15 swing=0 step=0
[13:21:59][D][fujitsu.heatpump:133]:   B6=0xE9  room=52°C ctrl_present=1
[13:21:59][W][fujitsu.heatpump:148]: Target temp raw=127 out of range (byte4=0xFF) — keeping nan°C
[13:21:59][W][fujitsu.heatpump:158]: Room temp 52.0°C out of range (byte6=0xE9) — keeping nan°C
[13:21:59][I][fujitsu.heatpump:164]: State: pwr=ON mode=7 temp=nan°C room=nan°C fan=7
[13:21:59][D][fujitsu.climate:175]: State updated - Mode: 6, Target: nan°C, Current: nan°C
[13:21:59][I][fujitsu.heatpump:071]: CTRL  frame: CE FF FF 5F FF F8 E9 4B
[13:21:59][I][fujitsu.heatpump:075]:   CTRL B1=0xFF B2=0xFF B3=0x5F B4=0xFF B5=0xF8 B6=0xE9
[13:21:59][D][fujitsu.climate:175]: State updated - Mode: 6, Target: nan°C, Current: nan°C
[13:21:59][D][fujitsu.heatpump:067]: UNIT  frame: FE DF DF 7F FF F8 E9 6B
[13:21:59][D][fujitsu.heatpump:108]: RAW [0xDF->0xDF]: FE DF DF 7F FF F8 E9 6B
[13:21:59][D][fujitsu.heatpump:124]:   B3=0x7F  pwr=1 mode=7 fan=7 err=0
[13:21:59][D][fujitsu.heatpump:128]:   B4=0xFF  temp_raw=127 (->143°C) eco=1
[13:21:59][D][fujitsu.heatpump:131]:   B5=0xF8  magic=15 swing=0 step=0
[13:21:59][D][fujitsu.heatpump:133]:   B6=0xE9  room=52°C ctrl_present=1
[13:21:59][W][fujitsu.heatpump:148]: Target temp raw=127 out of range (byte4=0xFF) — keeping nan°C
[13:21:59][W][fujitsu.heatpump:158]: Room temp 52.0°C out of range (byte6=0xE9) — keeping nan°C
[13:21:59][I][fujitsu.heatpump:164]: State: pwr=ON mode=7 temp=nan°C room=nan°C fan=7
[13:22:00][D][fujitsu.heatpump:128]:   B4=0xFF  temp_raw=127 (->143°C) eco=1
[13:22:00][D][fujitsu.heatpump:131]:   B5=0xF8  magic=15 swing=0 step=0
[13:22:00][D][fujitsu.climate:175]: State updated - Mode: 6, Target: nan°C, Current: nan°C
[13:22:00][D][status_led:050]: 'Status LED': Setting state ON
[13:22:00][D][fujitsu.heatpump:067]: UNIT  frame: FE DF DF 7F FF F8 E9 6B
[13:22:00][D][fujitsu.heatpump:108]: RAW [0xDF->0xDF]: FE DF DF 7F FF F8 E9 6B
[13:22:00][D][fujitsu.heatpump:124]:   B3=0x7F  pwr=1 mode=7 fan=7 err=0
[13:22:00][D][fujitsu.heatpump:128]:   B4=0xFF  temp_raw=127 (->143°C) eco=1
[13:22:00][D][fujitsu.heatpump:131]:   B5=0xF8  magic=15 swing=0 step=0
[13:22:00][D][fujitsu.heatpump:133]:   B6=0xE9  room=52°C ctrl_present=1
[13:22:00][W][fujitsu.heatpump:148]: Target temp raw=127 out of range (byte4=0xFF) — keeping nan°C
[13:22:00][W][fujitsu.heatpump:158]: Room temp 52.0°C out of range (byte6=0xE9) — keeping nan°C
[13:22:00][I][fujitsu.heatpump:164]: State: pwr=ON mode=7 temp=nan°C room=nan°C fan=7
[13:22:00][D][fujitsu.climate:175]: State updated - Mode: 6, Target: nan°C, Current: nan°C
[13:22:00][I][fujitsu.heatpump:071]: CTRL  frame: CE FF FF 5F FF F8 E9 4B
[13:22:00][I][fujitsu.heatpump:075]:   CTRL B1=0xFF B2=0xFF B3=0x5F B4=0xFF B5=0xF8 B6=0xE9
[13:22:00][D][fujitsu.climate:175]: State updated - Mode: 6, Target: nan°C, Current: nan°C
[13:22:00][D][fujitsu.heatpump:067]: UNIT  frame: FE DF DF 7F FF F8 E9 6B
[13:22:00][D][fujitsu.heatpump:108]: RAW [0xDF->0xDF]: FE DF DF 7F FF F8 E9 6B
[13:22:00][D][fujitsu.heatpump:124]:   B3=0x7F  pwr=1 mode=7 fan=7 err=0
[13:22:00][D][fujitsu.heatpump:128]:   B4=0xFF  temp_raw=127 (->143°C) eco=1
[13:22:00][D][fujitsu.heatpump:131]:   B5=0xF8  magic=15 swing=0 step=0
[13:22:00][D][fujitsu.heatpump:133]:   B6=0xE9  room=52°C ctrl_present=1
[13:22:00][W][fujitsu.heatpump:148]: Target temp raw=127 out of range (byte4=0xFF) — keeping nan°C
[13:22:00][W][fujitsu.heatpump:158]: Room temp 52.0°C out of range (byte6=0xE9) — keeping nan°C
[13:22:00][I][fujitsu.heatpump:164]: State: pwr=ON mode=7 temp=nan°C room=nan°C fan=7
[13:22:00][D][fujitsu.climate:175]: State updated - Mode: 6, Target: nan°C, Current: nan°C
[13:22:00][I][fujitsu.heatpump:071]: CTRL  frame: CE FF FF 5F FF F8 E9 4B
[13:22:00][I][fujitsu.heatpump:075]:   CTRL B1=0xFF B2=0xFF B3=0x5F B4=0xFF B5=0xF8 B6=0xE9
[13:22:00][D][fujitsu.climate:175]: State updated - Mode: 6, Target: nan°C, Current: nan°C
[13:22:00][W][component:239]: Component fujitsu_climate.climate took a long time for an operation (208 ms).
[13:22:01][D][status_led:050]: 'Status LED': Setting state OFF
[13:22:01][D][fujitsu.heatpump:067]: UNIT  frame: FE DF DF 7F FF F8 E9 6B
[13:22:01][D][fujitsu.heatpump:108]: RAW [0xDF->0xDF]: FE DF DF 7F FF F8 E9 6B
[13:22:01][D][fujitsu.heatpump:124]:   B3=0x7F  pwr=1 mode=7 fan=7 err=0
[13:22:01][D][fujitsu.heatpump:128]:   B4=0xFF  temp_raw=127 (->143°C) eco=1
[13:22:01][D][fujitsu.heatpump:131]:   B5=0xF8  magic=15 swing=0 step=0
[13:22:01][D][fujitsu.heatpump:133]:   B6=0xE9  room=52°C ctrl_present=1
[13:22:01][W][fujitsu.heatpump:148]: Target temp raw=127 out of range (byte4=0xFF) — keeping nan°C
[13:22:01][W][fujitsu.heatpump:158]: Room temp 52.0°C out of range (byte6=0xE9) — keeping nan°C
[13:22:01][I][fujitsu.heatpump:164]: State: pwr=ON mode=7 temp=nan°C room=nan°C fan=7
[13:22:01][D][fujitsu.climate:175]: State updated - Mode: 6, Target: nan°C, Current: nan°C
[13:22:01][I][fujitsu.heatpump:071]: CTRL  frame: CE FF FF 5F FF F8 E9 4B
[13:22:01][I][fujitsu.heatpump:075]:   CTRL B1=0xFF B2=0xFF B3=0x5F B4=0xFF B5=0xF8 B6=0xE9
[13:22:01][W][component:239]: Component fujitsu_climate.climate took a long time for an operation (99 ms).
[13:22:01][D][fujitsu.heatpump:067]: UNIT  frame: FE DF DF 7F FF F8 E9 6B
[13:22:01][D][fujitsu.heatpump:108]: RAW [0xDF->0xDF]: FE DF DF 7F FF F8 E9 6B
[13:22:01][D][fujitsu.heatpump:124]:   B3=0x7F  pwr=1 mode=7 fan=7 err=0
[13:22:01][D][fujitsu.heatpump:128]:   B4=0xFF  temp_raw=127 (->143°C) eco=1
[13:22:01][D][fujitsu.heatpump:131]:   B5=0xF8  magic=15 swing=0 step=0
[13:22:01][D][fujitsu.heatpump:133]:   B6=0xE9  room=52°C ctrl_present=1
[13:22:01][W][fujitsu.heatpump:148]: Target temp raw=127 out of range (byte4=0xFF) — keeping nan°C
[13:22:01][W][fujitsu.heatpump:158]: Room temp 52.0°C out of range (byte6=0xE9) — keeping nan°C
[13:22:01][I][fujitsu.heatpump:164]: State: pwr=ON mode=7 temp=nan°C room=nan°C fan=7
[13:22:01][D][fujitsu.climate:175]: State updated - Mode: 6, Target: nan°C, Current: nan°C
[13:22:01][I][fujitsu.heatpump:071]: CTRL  frame: CE FF FF 5F FF F8 E9 4B
[13:22:01][I][fujitsu.heatpump:075]:   CTRL B1=0xFF B2=0xFF B3=0x5F B4=0xFF B5=0xF8 B6=0xE9
[13:22:01][D][fujitsu.climate:175]: State updated - Mode: 6, Target: nan°C, Current: nan°C
[13:22:02][D][fujitsu.heatpump:067]: UNIT  frame: FE DF DF 7F FF F8 E9 6B
[13:22:02][D][fujitsu.heatpump:108]: RAW [0xDF->0xDF]: FE DF DF 7F FF F8 E9 6B
[13:22:02][D][fujitsu.heatpump:124]:   B3=0x7F  pwr=1 mode=7 fan=7 err=0
[13:22:02][D][fujitsu.heatpump:128]:   B4=0xFF  temp_raw=127 (->143°C) eco=1
[13:22:02][D][fujitsu.heatpump:131]:   B5=0xF8  magic=15 swing=0 step=0
[13:22:02][D][fujitsu.heatpump:133]:   B6=0xE9  room=52°C ctrl_present=1
[13:22:02][W][fujitsu.heatpump:148]: Target temp raw=127 out of range (byte4=0xFF) — keeping nan°C
[13:22:02][W][fujitsu.heatpump:158]: Room temp 52.0°C out of range (byte6=0xE9) — keeping nan°C
[13:22:02][I][fujitsu.heatpump:164]: State: pwr=ON mode=7 temp=nan°C room=nan°C fan=7
[13:22:02][D][fujitsu.climate:175]: State updated - Mode: 6, Target: nan°C, Current: nan°C
[13:22:02][I][fujitsu.heatpump:071]: CTRL  frame: CE FF FF 5F FF F8 E9 4B
[13:22:02][I][fujitsu.heatpump:075]:   CTRL B1=0xFF B2=0xFF B3=0x5F B4=0xFF B5=0xF8 B6=0xE9
[13:22:02][W][component:240]: Components should block for at most 30 ms.
[13:22:02][D][climate:396]: 'Fujitsu Heat Pump' - Sending state:
[13:22:02][V][json:040]: Size after shrink 208 bytes
[13:22:02][D][status_led:050]: 'Status LED': Setting state ON
[13:22:02][W][fujitsu.heatpump:158]: Room temp 52.0°C out of range (byte6=0xE9) — keeping nan°C
[13:22:02][I][fujitsu.heatpump:164]: State: pwr=ON mode=7 temp=nan°C room=nan°C fan=7
[13:22:02][D][fujitsu.climate:175]: State updated - Mode: 6, Target: nan°C, Current: nan°C
[13:22:04][D][status_led:050]: 'Status LED': Setting state OFF
[13:22:04][I][fujitsu.heatpump:071]: CTRL  frame: CE FF FF 7E FF F8 E9 4B
[13:22:04][I][fujitsu.heatpump:075]:   CTRL B1=0xFF B2=0xFF B3=0x7E B4=0xFF B5=0xF8 B6=0xE9
[13:22:04][D][fujitsu.climate:175]: State updated - Mode: 6, Target: nan°C, Current: nan°C
[13:22:04][D][climate:396]: 'Fujitsu Heat Pump' - Sending state:
[13:22:04][D][climate:399]:   Mode: AUTO
[13:22:04][D][climate:401]:   Action: IDLE
[13:22:04][D][climate:404]:   Fan Mode: AUTO
[13:22:04][D][climate:419]:   Current Temperature: nan°C
[13:22:04][D][climate:425]:   Target Temperature: nan°C
[13:22:04][V][json:020]: Attempting to allocate 512 bytes for JSON serialization
[13:22:04][V][json:040]: Size after shrink 208 bytes
[13:22:04][D][fujitsu.heatpump:085]: Invalid frame: start=0xFE end=0x4B
[13:22:04][D][fujitsu.heatpump:067]: UNIT  frame: FE DF DF 7F FF F8 E9 6B
[13:22:04][D][fujitsu.heatpump:108]: RAW [0xDF->0xDF]: FE DF DF 7F FF F8 E9 6B
[13:22:04][D][fujitsu.heatpump:124]:   B3=0x7F  pwr=1 mode=7 fan=7 err=0
[13:22:04][D][fujitsu.heatpump:128]:   B4=0xFF  temp_raw=127 (->143°C) eco=1
[13:22:04][D][fujitsu.heatpump:131]:   B5=0xF8  magic=15 swing=0 step=0
[13:22:04][D][fujitsu.heatpump:133]:   B6=0xE9  room=52°C ctrl_present=1
[13:22:04][W][fujitsu.heatpump:148]: Target temp raw=127 out of range (byte4=0xFF) — keeping nan°C
[13:22:04][W][fujitsu.heatpump:158]: Room temp 52.0°C out of range (byte6=0xE9) — keeping nan°C
[13:22:04][I][fujitsu.heatpump:164]: State: pwr=ON mode=7 temp=nan°C room=nan°C fan=7
[13:22:04][D][fujitsu.climate:175]: State updated - Mode: 6, Target: nan°C, Current: nan°C
[13:22:04][I][fujitsu.heatpump:071]: CTRL  frame: CE FF FF 5F FF F8 E9 4B
[13:22:04][I][fujitsu.heatpump:075]:   CTRL B1=0xFF B2=0xFF B3=0x5F B4=0xFF B5=0xF8 B6=0xE9
[13:22:04][D][fujitsu.climate:175]: State updated - Mode: 6, Target: nan°C, Current: nan°C
[13:22:04][W][component:239]: Component fujitsu_climate.climate took a long time for an operation (95 ms).
[13:22:04][W][component:240]: Components should block for at most 30 ms.
[13:22:27][D][climate:396]: 'Fujitsu Heat Pump' - Sending state:
[13:22:27][D][climate:399]:   Mode: AUTO
[13:22:27][D][climate:401]:   Action: IDLE
[13:22:27][D][climate:404]:   Fan Mode: AUTO
[13:22:27][D][climate:419]:   Current Temperature: nan°C
[13:22:27][D][climate:425]:   Target Temperature: nan°C
[13:22:27][V][json:020]: Attempting to allocate 512 bytes for JSON serialization
[13:22:27][V][json:040]: Size after shrink 208 bytes
[13:22:27][D][fujitsu.heatpump:067]: UNIT  frame: FE DF DF 7F FF F8 E9 6B
[13:22:27][D][fujitsu.heatpump:108]: RAW [0xDF->0xDF]: FE DF DF 7F FF F8 E9 6B
[13:22:27][D][fujitsu.heatpump:124]:   B3=0x7F  pwr=1 mode=7 fan=7 err=0
[13:22:27][D][fujitsu.heatpump:128]:   B4=0xFF  temp_raw=127 (->143°C) eco=1
[13:22:27][D][fujitsu.heatpump:131]:   B5=0xF8  magic=15 swing=0 step=0
[13:22:27][D][fujitsu.heatpump:133]:   B6=0xE9  room=52°C ctrl_present=1
[13:22:27][W][fujitsu.heatpump:148]: Target temp raw=127 out of range (byte4=0xFF) — keeping nan°C
[13:22:27][W][fujitsu.heatpump:158]: Room temp 52.0°C out of range (byte6=0xE9) — keeping nan°C
[13:22:27][V][api.connection:1890]: Cannot send message because of TCP buffer space
[13:22:27][V][api.connection:1890]: Cannot send message because of TCP buffer space
[13:22:27][V][api.connection:1890]: Cannot send message because of TCP buffer space
[13:22:27][V][api.connection:1890]: Cannot send message because of TCP buffer space
[13:22:27][V][api.connection:1890]: Cannot send message because of TCP buffer space
[13:22:27][V][api.connection:1890]: Cannot send message because of TCP buffer space
[13:22:27][V][api.connection:1890]: Cannot send message because of TCP buffer space
[13:22:27][V][api.connection:1890]: Cannot send message because of TCP buffer space
[13:22:27][V][api.connection:1890]: Cannot send message because of TCP buffer space
[13:22:27][V][api.connection:1890]: Cannot send message because of TCP buffer space
[13:22:27][V][api.connection:1890]: Cannot send message because of TCP buffer space
[13:22:28][V][api.connection:1890]: Cannot send message because of TCP buffer space
[13:22:28][V][api.connection:1890]: Cannot send message because of TCP buffer space
[13:22:28][V][api.connection:1890]: Cannot send message because of TCP buffer space
[13:22:28][V][api.connection:1890]: Cannot send message because of TCP buffer space
[13:22:28][V][api.connection:1890]: Cannot send message because of TCP buffer space
[13:22:28][V][api.connection:1890]: Cannot send message because of TCP buffer space
[13:22:28][V][api.connection:1890]: Cannot send message because of TCP buffer space
[13:22:28][V][api.connection:1890]: Cannot send message because of TCP buffer space
[13:22:28][V][api.connection:1890]: Cannot send message because of TCP buffer space
[13:22:28][V][api.connection:1890]: Cannot send message because of TCP buffer space
[13:22:28][V][api.connection:1890]: Cannot send message because of TCP buffer space
[13:22:28][V][api.connection:1890]: Cannot send message because of TCP buffer space
[13:22:29][D][fujitsu.heatpump:108]: RAW [0xDF->0xDF]: FE DF DF 7F FF C9 EB 6B
[13:22:29][D][fujitsu.heatpump:131]:   B5=0xC9  magic=12 swing=0 step=0
[13:22:29][W][fujitsu.heatpump:148]: Target temp raw=127 out of range (byte4=0xFF) — keeping nan°C
[13:22:29][D][fujitsu.climate:175]: State updated - Mode: 6, Target: nan°C, Current: nan°C
[13:22:29][I][fujitsu.heatpump:071]: CTRL  frame: CC FF FF 5F FF C9 EB 4B
[13:22:29][I][fujitsu.heatpump:075]:   CTRL B1=0xFF B2=0xFF B3=0x5F B4=0xFF B5=0xC9 B6=0xEB
[13:22:29][V][json:020]: Attempting to allocate 512 bytes for JSON serialization
[13:22:29][V][json:040]: Size after shrink 208 bytes
[13:22:29][V][json:020]: Attempting to allocate 512 bytes for JSON serialization
[13:22:29][D][fujitsu.heatpump:067]: UNIT  frame: FE DF DF 7F FF C9 EB 6B
[13:22:29][D][fujitsu.heatpump:128]:   B4=0xFF  temp_raw=127 (->143°C) eco=1
[13:22:30][W][fujitsu.heatpump:148]: Target temp raw=127 out of range (byte4=0xFF) — keeping nan°C
[13:22:30][D][fujitsu.heatpump:067]: UNIT  frame: FE DF DF 7F FF C9 EB 6B
[13:22:30][D][fujitsu.heatpump:108]: RAW [0xDF->0xDF]: FE DF DF 7F FF C9 EB 6B
[13:22:30][D][fujitsu.heatpump:124]:   B3=0x7F  pwr=1 mode=7 fan=7 err=0
[13:22:30][D][fujitsu.heatpump:128]:   B4=0xFF  temp_raw=127 (->143°C) eco=1
[13:22:30][D][fujitsu.heatpump:131]:   B5=0xC9  magic=12 swing=0 step=0
[13:22:30][D][fujitsu.heatpump:133]:   B6=0xEB  room=53°C ctrl_present=1
[13:22:30][W][fujitsu.heatpump:148]: Target temp raw=127 out of range (byte4=0xFF) — keeping nan°C
[13:22:30][W][fujitsu.heatpump:158]: Room temp 53.0°C out of range (byte6=0xEB) — keeping nan°C
[13:22:30][I][fujitsu.heatpump:164]: State: pwr=ON mode=7 temp=nan°C room=nan°C fan=7
[13:22:30][D][climate:401]:   Action: IDLE
[13:22:31][D][fujitsu.heatpump:067]: UNIT  frame: FE DF DF 7F FF C9 EB 6B
[13:22:31][D][fujitsu.heatpump:108]: RAW [0xDF->0xDF]: FE DF DF 7F FF C9 EB 6B
[13:22:31][D][fujitsu.heatpump:124]:   B3=0x7F  pwr=1 mode=7 fan=7 err=0
[13:22:31][D][fujitsu.heatpump:128]:   B4=0xFF  temp_raw=127 (->143°C) eco=1
[13:22:31][D][fujitsu.heatpump:131]:   B5=0xC9  magic=12 swing=0 step=0
[13:22:31][D][fujitsu.heatpump:133]:   B6=0xEB  room=53°C ctrl_present=1
[13:22:31][W][fujitsu.heatpump:148]: Target temp raw=127 out of range (byte4=0xFF) — keeping nan°C
[13:22:31][W][fujitsu.heatpump:158]: Room temp 53.0°C out of range (byte6=0xEB) — keeping nan°C
[13:22:31][I][fujitsu.heatpump:164]: State: pwr=ON mode=7 temp=nan°C room=nan°C fan=7
[13:22:31][D][fujitsu.climate:175]: State updated - Mode: 6, Target: nan°C, Current: nan°C
[13:22:31][I][fujitsu.heatpump:071]: CTRL  frame: CC FF FF 5F FF C9 EB 4B
[13:22:31][I][fujitsu.heatpump:075]:   CTRL B1=0xFF B2=0xFF B3=0x5F B4=0xFF B5=0xC9 B6=0xEB
[13:22:31][D][fujitsu.climate:175]: State updated - Mode: 6, Target: nan°C, Current: nan°C
[13:22:31][D][fujitsu.heatpump:067]: UNIT  frame: FE DF DF 7F FF C9 EB 6B
[13:22:31][D][fujitsu.heatpump:108]: RAW [0xDF->0xDF]: FE DF DF 7F FF C9 EB 6B
[13:22:31][D][fujitsu.heatpump:124]:   B3=0x7F  pwr=1 mode=7 fan=7 err=0
[13:22:31][D][fujitsu.heatpump:128]:   B4=0xFF  temp_raw=127 (->143°C) eco=1
[13:22:31][D][fujitsu.heatpump:131]:   B5=0xC9  magic=12 swing=0 step=0
[13:22:31][D][fujitsu.heatpump:133]:   B6=0xEB  room=53°C ctrl_present=1
[13:22:31][W][fujitsu.heatpump:148]: Target temp raw=127 out of range (byte4=0xFF) — keeping nan°C
[13:22:31][I][fujitsu.heatpump:164]: State: pwr=ON mode=7 temp=nan°C room=nan°C fan=7
[13:22:31][D][fujitsu.heatpump:067]: UNIT  frame: FE DF DF 7F FF C9 EB 6B
[13:22:31][D][fujitsu.heatpump:108]: RAW [0xDF->0xDF]: FE DF DF 7F FF C9 EB 6B
[13:22:31][D][fujitsu.heatpump:124]:   B3=0x7F  pwr=1 mode=7 fan=7 err=0
[13:22:31][D][fujitsu.heatpump:128]:   B4=0xFF  temp_raw=127 (->143°C) eco=1
[13:22:31][D][fujitsu.heatpump:131]:   B5=0xC9  magic=12 swing=0 step=0
[13:22:32][D][climate:396]: 'Fujitsu Heat Pump' - Sending state:
[13:22:32][D][climate:399]:   Mode: AUTO
[13:22:32][D][climate:401]:   Action: IDLE
[13:22:32][D][climate:404]:   Fan Mode: AUTO
[13:22:32][D][climate:419]:   Current Temperature: nan°C
[13:22:32][D][climate:425]:   Target Temperature: nan°C
[13:22:32][V][json:020]: Attempting to allocate 512 bytes for JSON serialization
[13:22:32][V][json:040]: Size after shrink 208 bytes
[13:22:32][D][status_led:050]: 'Status LED': Setting state ON
[13:22:32][D][fujitsu.heatpump:067]: UNIT  frame: FE DF DF 7F FF C9 EB 6B
[13:22:32][D][fujitsu.heatpump:108]: RAW [0xDF->0xDF]: FE DF DF 7F FF C9 EB 6B
[13:22:32][D][fujitsu.heatpump:124]:   B3=0x7F  pwr=1 mode=7 fan=7 err=0
[13:22:32][D][fujitsu.heatpump:128]:   B4=0xFF  temp_raw=127 (->143°C) eco=1
[13:22:32][D][fujitsu.heatpump:131]:   B5=0xC9  magic=12 swing=0 step=0
[13:22:32][D][fujitsu.heatpump:133]:   B6=0xEB  room=53°C ctrl_present=1
[13:22:32][W][fujitsu.heatpump:148]: Target temp raw=127 out of range (byte4=0xFF) — keeping nan°C
[13:22:32][W][fujitsu.heatpump:158]: Room temp 53.0°C out of range (byte6=0xEB) — keeping nan°C
[13:22:32][I][fujitsu.heatpump:164]: State: pwr=ON mode=7 temp=nan°C room=nan°C fan=7
[13:22:32][D][fujitsu.climate:175]: State updated - Mode: 6, Target: nan°C, Current: nan°C
[13:22:32][I][fujitsu.heatpump:071]: CTRL  frame: CC FF FF 5F FF C9 EB 4B
[13:22:32][I][fujitsu.heatpump:075]:   CTRL B1=0xFF B2=0xFF B3=0x5F B4=0xFF B5=0xC9 B6=0xEB
[13:22:32][D][fujitsu.climate:175]: State updated - Mode: 6, Target: nan°C, Current: nan°C
[13:22:32][D][fujitsu.heatpump:067]: UNIT  frame: FE DF DF 7F FF C9 EB 6B
[13:22:32][D][fujitsu.heatpump:108]: RAW [0xDF->0xDF]: FE DF DF 7F FF C9 EB 6B
[13:22:32][D][fujitsu.heatpump:124]:   B3=0x7F  pwr=1 mode=7 fan=7 err=0
[13:22:32][D][fujitsu.heatpump:128]:   B4=0xFF  temp_raw=127 (->143°C) eco=1
[13:22:32][D][fujitsu.heatpump:131]:   B5=0xC9  magic=12 swing=0 step=0
[13:22:32][D][fujitsu.heatpump:133]:   B6=0xEB  room=53°C ctrl_present=1
[13:22:32][W][fujitsu.heatpump:148]: Target temp raw=127 out of range (byte4=0xFF) — keeping nan°C
[13:22:32][W][fujitsu.heatpump:158]: Room temp 53.0°C out of range (byte6=0xEB) — keeping nan°C
[13:22:32][I][fujitsu.heatpump:164]: State: pwr=ON mode=7 temp=nan°C room=nan°C fan=7
[13:22:32][D][fujitsu.heatpump:108]: RAW [0xDF->0xDF]: FE DF DF 7F FF C9 EB 6B
[13:22:32][D][fujitsu.heatpump:131]:   B5=0xC9  magic=12 swing=0 step=0
[13:22:33][I][fujitsu.heatpump:164]: State: pwr=ON mode=7 temp=nan°C room=nan°C fan=7
[13:22:33][I][fujitsu.heatpump:071]: CTRL  frame: CC FF FF 5F FF C9 EB 4B
[13:22:33][D][fujitsu.heatpump:108]: RAW [0xDF->0xDF]: FE DF DF 7F FF C9 EB 6B
[13:22:33][D][fujitsu.heatpump:133]:   B6=0xEB  room=53°C ctrl_present=1
[13:22:33][W][fujitsu.heatpump:148]: Target temp raw=127 out of range (byte4=0xFF) — keeping nan°C
[13:22:33][W][fujitsu.heatpump:158]: Room temp 53.0°C out of range (byte6=0xEB) — keeping nan°C
[13:22:33][W][component:240]: Components should block for at most 30 ms.
[13:22:33][D][fujitsu.heatpump:108]: RAW [0xDF->0xDF]: FE DF DF 7F FF C9 EB 6B
[13:22:33][D][fujitsu.climate:175]: State updated - Mode: 6, Target: nan°C, Current: nan°C
[13:22:33][D][climate:425]:   Target Temperature: nan°C
[13:22:34][D][climate:396]: 'Fujitsu Heat Pump' - Sending state:
[13:22:34][D][climate:399]:   Mode: AUTO
[13:22:34][D][climate:401]:   Action: IDLE
[13:22:34][D][climate:404]:   Fan Mode: AUTO
[13:22:34][D][climate:419]:   Current Temperature: nan°C
[13:22:34][D][climate:425]:   Target Temperature: nan°C
[13:22:34][V][json:020]: Attempting to allocate 512 bytes for JSON serialization
[13:22:34][V][json:040]: Size after shrink 208 bytes
[13:22:34][W][component:239]: Component fujitsu_climate.climate took a long time for an operation (51 ms).
[13:22:34][W][component:240]: Components should block for at most 30 ms.
[13:22:34][D][fujitsu.heatpump:067]: UNIT  frame: FE DF DF 7F FF C9 EB 6B
[13:22:34][D][fujitsu.heatpump:108]: RAW [0xDF->0xDF]: FE DF DF 7F FF C9 EB 6B
[13:22:34][D][fujitsu.heatpump:124]:   B3=0x7F  pwr=1 mode=7 fan=7 err=0
[13:22:34][D][fujitsu.heatpump:128]:   B4=0xFF  temp_raw=127 (->143°C) eco=1
[13:22:34][D][fujitsu.heatpump:131]:   B5=0xC9  magic=12 swing=0 step=0
[13:22:34][D][fujitsu.heatpump:133]:   B6=0xEB  room=53°C ctrl_present=1
[13:22:34][W][fujitsu.heatpump:148]: Target temp raw=127 out of range (byte4=0xFF) — keeping nan°C
[13:22:34][W][fujitsu.heatpump:158]: Room temp 53.0°C out of range (byte6=0xEB) — keeping nan°C
[13:22:34][I][fujitsu.heatpump:164]: State: pwr=ON mode=7 temp=nan°C room=nan°C fan=7
[13:22:34][D][fujitsu.climate:175]: State updated - Mode: 6, Target: nan°C, Current: nan°C
[13:22:34][I][fujitsu.heatpump:071]: CTRL  frame: CC FF FF 5F FF C9 EB 4B
[13:22:34][I][fujitsu.heatpump:075]:   CTRL B1=0xFF B2=0xFF B3=0x5F B4=0xFF B5=0xC9 B6=0xEB
[13:22:34][D][fujitsu.climate:175]: State updated - Mode: 6, Target: nan°C, Current: nan°C
[13:22:34][D][fujitsu.heatpump:067]: UNIT  frame: FE DF DF 7F FF C9 EB 6B
[13:22:34][D][fujitsu.heatpump:108]: RAW [0xDF->0xDF]: FE DF DF 7F FF C9 EB 6B
[13:22:34][D][fujitsu.heatpump:124]:   B3=0x7F  pwr=1 mode=7 fan=7 err=0
[13:22:34][D][fujitsu.heatpump:128]:   B4=0xFF  temp_raw=127 (->143°C) eco=1
[13:22:34][D][fujitsu.heatpump:131]:   B5=0xC9  magic=12 swing=0 step=0
[13:22:34][D][fujitsu.heatpump:133]:   B6=0xEB  room=53°C ctrl_present=1
[13:22:34][I][fujitsu.heatpump:164]: State: pwr=ON mode=7 temp=nan°C room=nan°C fan=7
[13:22:34][D][fujitsu.climate:175]: State updated - Mode: 6, Target: nan°C, Current: nan°C
[13:22:35][D][status_led:050]: 'Status LED': Setting state OFF
[13:22:35][D][fujitsu.heatpump:067]: UNIT  frame: FE DF DF 7F FF C9 EB 6B
[13:22:35][D][fujitsu.heatpump:108]: RAW [0xDF->0xDF]: FE DF DF 7F FF C9 EB 6B
[13:22:35][D][fujitsu.heatpump:124]:   B3=0x7F  pwr=1 mode=7 fan=7 err=0
[13:22:35][D][fujitsu.heatpump:128]:   B4=0xFF  temp_raw=127 (->143°C) eco=1
[13:22:35][D][fujitsu.heatpump:131]:   B5=0xC9  magic=12 swing=0 step=0
[13:22:35][D][fujitsu.heatpump:133]:   B6=0xEB  room=53°C ctrl_present=1
[13:22:35][W][fujitsu.heatpump:148]: Target temp raw=127 out of range (byte4=0xFF) — keeping nan°C
[13:22:35][W][fujitsu.heatpump:158]: Room temp 53.0°C out of range (byte6=0xEB) — keeping nan°C
[13:22:35][I][fujitsu.heatpump:164]: State: pwr=ON mode=7 temp=nan°C room=nan°C fan=7
[13:22:35][D][fujitsu.climate:175]: State updated - Mode: 6, Target: nan°C, Current: nan°C
[13:22:35][I][fujitsu.heatpump:071]: CTRL  frame: CC FF FF 5F FF C9 EB 4B
[13:22:35][I][fujitsu.heatpump:075]:   CTRL B1=0xFF B2=0xFF B3=0x5F B4=0xFF B5=0xC9 B6=0xEB
[13:22:35][D][fujitsu.climate:175]: State updated - Mode: 6, Target: nan°C, Current: nan°C
[13:22:35][D][fujitsu.heatpump:067]: UNIT  frame: FE DF DF 7F FF C9 EB 6B
[13:22:35][D][fujitsu.heatpump:108]: RAW [0xDF->0xDF]: FE DF DF 7F FF C9 EB 6B
[13:22:35][D][fujitsu.heatpump:124]:   B3=0x7F  pwr=1 mode=7 fan=7 err=0
[13:22:35][D][fujitsu.heatpump:128]:   B4=0xFF  temp_raw=127 (->143°C) eco=1
[13:22:35][D][fujitsu.heatpump:131]:   B5=0xC9  magic=12 swing=0 step=0
[13:22:35][D][fujitsu.heatpump:133]:   B6=0xEB  room=53°C ctrl_present=1
[13:22:35][D][climate:396]: 'Fujitsu Heat Pump' - Sending state:
[13:22:35][V][json:020]: Attempting to allocate 512 bytes for JSON serialization
[13:22:36][D][fujitsu.heatpump:067]: UNIT  frame: FE DF DF 7F FF C9 EB 6B
[13:22:36][D][fujitsu.heatpump:108]: RAW [0xDF->0xDF]: FE DF DF 7F FF C9 EB 6B
[13:22:36][D][fujitsu.heatpump:124]:   B3=0x7F  pwr=1 mode=7 fan=7 err=0
[13:22:36][D][fujitsu.heatpump:128]:   B4=0xFF  temp_raw=127 (->143°C) eco=1
[13:22:36][D][fujitsu.heatpump:131]:   B5=0xC9  magic=12 swing=0 step=0
[13:22:36][D][fujitsu.heatpump:133]:   B6=0xEB  room=53°C ctrl_present=1
[13:22:36][W][fujitsu.heatpump:148]: Target temp raw=127 out of range (byte4=0xFF) — keeping nan°C
[13:22:36][W][fujitsu.heatpump:158]: Room temp 53.0°C out of range (byte6=0xEB) — keeping nan°C
[13:22:36][I][fujitsu.heatpump:164]: State: pwr=ON mode=7 temp=nan°C room=nan°C fan=7
[13:22:36][D][fujitsu.climate:175]: State updated - Mode: 6, Target: nan°C, Current: nan°C
[13:22:36][I][fujitsu.heatpump:071]: CTRL  frame: CC FF FF 5F FF C9 EB 4B
[13:22:36][I][fujitsu.heatpump:075]:   CTRL B1=0xFF B2=0xFF B3=0x5F B4=0xFF B5=0xC9 B6=0xEB
[13:22:36][D][fujitsu.climate:175]: State updated - Mode: 6, Target: nan°C, Current: nan°C
[13:22:36][D][fujitsu.heatpump:067]: UNIT  frame: FE DF DF 7F FF C9 EB 6B
[13:22:36][D][fujitsu.heatpump:108]: RAW [0xDF->0xDF]: FE DF DF 7F FF C9 EB 6B
[13:22:36][D][fujitsu.heatpump:124]:   B3=0x7F  pwr=1 mode=7 fan=7 err=0
[13:22:36][D][fujitsu.heatpump:128]:   B4=0xFF  temp_raw=127 (->143°C) eco=1
[13:22:36][D][fujitsu.heatpump:131]:   B5=0xC9  magic=12 swing=0 step=0
[13:22:36][D][fujitsu.heatpump:133]:   B6=0xEB  room=53°C ctrl_present=1
[13:22:36][W][fujitsu.heatpump:148]: Target temp raw=127 out of range (byte4=0xFF) — keeping nan°C
[13:22:36][W][fujitsu.heatpump:158]: Room temp 53.0°C out of range (byte6=0xEB) — keeping nan°C
[13:22:36][I][fujitsu.heatpump:164]: State: pwr=ON mode=7 temp=nan°C room=nan°C fan=7
[13:22:36][I][fujitsu.heatpump:075]:   CTRL B1=0xFF B2=0xFF B3=0x5F B4=0xFF B5=0xC9 B6=0xEB
[13:22:36][D][climate:396]: 'Fujitsu Heat Pump' - Sending state:
[13:22:36][D][climate:399]:   Mode: AUTO
[13:22:36][D][climate:401]:   Action: IDLE
[13:22:36][D][climate:404]:   Fan Mode: AUTO
[13:22:36][D][climate:419]:   Current Temperature: nan°C
[13:22:36][D][climate:425]:   Target Temperature: nan°C
[13:22:36][V][json:020]: Attempting to allocate 512 bytes for JSON serialization
[13:22:36][V][json:040]: Size after shrink 208 bytes
[13:22:36][D][fujitsu.heatpump:067]: UNIT  frame: FE DF DF 7F FF C9 EB 6B
[13:22:36][W][fujitsu.heatpump:158]: Room temp 53.0°C out of range (byte6=0xEB) — keeping nan°C
[13:22:36][D][fujitsu.heatpump:067]: UNIT  frame: FE DF DF 7F FF C9 EB 6B
[13:22:36][D][fujitsu.heatpump:108]: RAW [0xDF->0xDF]: FE DF DF 7F FF C9 EB 6B
[13:22:36][D][fujitsu.heatpump:124]:   B3=0x7F  pwr=1 mode=7 fan=7 err=0
[13:22:36][D][fujitsu.heatpump:128]:   B4=0xFF  temp_raw=127 (->143°C) eco=1
[13:22:36][W][fujitsu.heatpump:148]: Target temp raw=127 out of range (byte4=0xFF) — keeping nan°C
[13:22:36][W][component:240]: Components should block for at most 30 ms.
[13:22:39][D][status_led:050]: 'Status LED': Setting state OFF
[13:22:39][D][fujitsu.heatpump:067]: UNIT  frame: FE DF DF 7F FF C9 EB 6B
[13:22:39][D][fujitsu.heatpump:108]: RAW [0xDF->0xDF]: FE DF DF 7F FF C9 EB 6B
[13:22:39][D][fujitsu.heatpump:124]:   B3=0x7F  pwr=1 mode=7 fan=7 err=0
[13:22:39][D][fujitsu.heatpump:128]:   B4=0xFF  temp_raw=127 (->143°C) eco=1
[13:22:39][D][fujitsu.heatpump:131]:   B5=0xC9  magic=12 swing=0 step=0
[13:22:39][D][fujitsu.heatpump:133]:   B6=0xEB  room=53°C ctrl_present=1
[13:22:39][W][fujitsu.heatpump:148]: Target temp raw=127 out of range (byte4=0xFF) — keeping nan°C
[13:22:39][W][fujitsu.heatpump:158]: Room temp 53.0°C out of range (byte6=0xEB) — keeping nan°C
[13:22:39][I][fujitsu.heatpump:164]: State: pwr=ON mode=7 temp=nan°C room=nan°C fan=7
[13:22:39][D][fujitsu.climate:175]: State updated - Mode: 6, Target: nan°C, Current: nan°C
[13:22:39][I][fujitsu.heatpump:071]: CTRL  frame: CC FF FF 5F FF C9 EB 4B
[13:22:39][I][fujitsu.heatpump:075]:   CTRL B1=0xFF B2=0xFF B3=0x5F B4=0xFF B5=0xC9 B6=0xEB
[13:22:39][D][fujitsu.climate:175]: State updated - Mode: 6, Target: nan°C, Current: nan°C
[13:22:39][W][component:239]: Component fujitsu_climate.climate took a long time for an operation (100 ms).
[13:22:39][W][component:240]: Components should block for at most 30 ms.
[13:22:39][D][climate:396]: 'Fujitsu Heat Pump' - Sending state:
[13:22:39][D][climate:399]:   Mode: AUTO
[13:22:39][D][climate:401]:   Action: IDLE
[13:22:39][D][climate:404]:   Fan Mode: AUTO
[13:22:39][D][climate:419]:   Current Temperature: nan°C
[13:22:39][D][climate:425]:   Target Temperature: nan°C
[13:22:39][V][json:020]: Attempting to allocate 512 bytes for JSON serialization
[13:22:39][V][json:040]: Size after shrink 208 bytes
[13:22:39][W][component:239]: Component fujitsu_climate.climate took a long time for an operation (63 ms).
[13:22:39][W][component:240]: Components should block for at most 30 ms.
[13:22:39][D][fujitsu.heatpump:067]: UNIT  frame: FE DF DF 7F FF C9 EB 6B
[13:22:39][D][fujitsu.heatpump:108]: RAW [0xDF->0xDF]: FE DF DF 7F FF C9 EB 6B
[13:22:39][D][fujitsu.heatpump:124]:   B3=0x7F  pwr=1 mode=7 fan=7 err=0
[13:22:39][D][fujitsu.heatpump:128]:   B4=0xFF  temp_raw=127 (->143°C) eco=1
[13:22:39][D][fujitsu.heatpump:131]:   B5=0xC9  magic=12 swing=0 step=0
[13:22:39][D][fujitsu.heatpump:133]:   B6=0xEB  room=53°C ctrl_present=1
[13:22:39][W][fujitsu.heatpump:148]: Target temp raw=127 out of range (byte4=0xFF) — keeping nan°C
[13:22:39][W][fujitsu.heatpump:158]: Room temp 53.0°C out of range (byte6=0xEB) — keeping nan°C
[13:22:39][I][fujitsu.heatpump:164]: State: pwr=ON mode=7 temp=nan°C room=nan°C fan=7
[13:22:39][D][fujitsu.climate:175]: State updated - Mode: 6, Target: nan°C, Current: nan°C
[13:22:39][I][fujitsu.heatpump:071]: CTRL  frame: CC FF FF 5F FF C9 EB 4B
[13:22:39][I][fujitsu.heatpump:075]:   CTRL B1=0xFF B2=0xFF B3=0x5F B4=0xFF B5=0xC9 B6=0xEB
[13:22:39][D][fujitsu.climate:175]: State updated - Mode: 6, Target: nan°C, Current: nan°C
[13:22:39][W][component:239]: Component fujitsu_climate.climate took a long time for an operation (95 ms).
[13:22:39][W][component:240]: Components should block for at most 30 ms.
[13:22:39][D][fujitsu.heatpump:067]: UNIT  frame: FE DF DF 7F FF C9 EB 6B
[13:22:39][D][fujitsu.heatpump:108]: RAW [0xDF->0xDF]: FE DF DF 7F FF C9 EB 6B
[13:22:39][D][fujitsu.heatpump:124]:   B3=0x7F  pwr=1 mode=7 fan=7 err=0
[13:22:39][D][fujitsu.heatpump:128]:   B4=0xFF  temp_raw=127 (->143°C) eco=1
[13:22:39][D][fujitsu.heatpump:131]:   B5=0xC9  magic=12 swing=0 step=0
[13:22:39][D][fujitsu.heatpump:133]:   B6=0xEB  room=53°C ctrl_present=1
[13:22:39][W][fujitsu.heatpump:148]: Target temp raw=127 out of range (byte4=0xFF) — keeping nan°C
[13:22:39][W][fujitsu.heatpump:158]: Room temp 53.0°C out of range (byte6=0xEB) — keeping nan°C
[13:22:39][I][fujitsu.heatpump:164]: State: pwr=ON mode=7 temp=nan°C room=nan°C fan=7
[13:22:39][D][fujitsu.climate:175]: State updated - Mode: 6, Target: nan°C, Current: nan°C
[13:22:39][I][fujitsu.heatpump:071]: CTRL  frame: CC FF FF 5F FF C9 EB 4B
[13:22:39][I][fujitsu.heatpump:075]:   CTRL B1=0xFF B2=0xFF B3=0x5F B4=0xFF B5=0xC9 B6=0xEB
[13:22:39][D][fujitsu.climate:175]: State updated - Mode: 6, Target: nan°C, Current: nan°C
[13:22:39][W][component:239]: Component fujitsu_climate.climate took a long time for an operation (106 ms).
[13:22:39][W][component:240]: Components should block for at most 30 ms.
[13:22:39][D][climate:396]: 'Fujitsu Heat Pump' - Sending state:
[13:22:39][D][climate:399]:   Mode: AUTO
[13:22:39][D][climate:401]:   Action: IDLE
[13:22:39][D][climate:404]:   Fan Mode: AUTO
[13:22:39][D][climate:419]:   Current Temperature: nan°C
[13:22:39][D][climate:425]:   Target Temperature: nan°C
[13:22:39][V][json:020]: Attempting to allocate 512 bytes for JSON serialization
[13:22:39][V][json:040]: Size after shrink 208 bytes
[13:22:39][D][status_led:050]: 'Status LED': Setting state ON
[13:22:39][D][fujitsu.heatpump:067]: UNIT  frame: FE DF DF 7F FF C9 EB 6B
[13:22:39][D][fujitsu.heatpump:108]: RAW [0xDF->0xDF]: FE DF DF 7F FF C9 EB 6B
[13:22:39][D][fujitsu.heatpump:124]:   B3=0x7F  pwr=1 mode=7 fan=7 err=0
[13:22:39][D][fujitsu.heatpump:128]:   B4=0xFF  temp_raw=127 (->143°C) eco=1
[13:22:39][D][fujitsu.heatpump:131]:   B5=0xC9  magic=12 swing=0 step=0
[13:22:39][D][fujitsu.heatpump:133]:   B6=0xEB  room=53°C ctrl_present=1
[13:22:39][W][fujitsu.heatpump:148]: Target temp raw=127 out of range (byte4=0xFF) — keeping nan°C
[13:22:39][W][fujitsu.heatpump:158]: Room temp 53.0°C out of range (byte6=0xEB) — keeping nan°C
[13:22:39][I][fujitsu.heatpump:164]: State: pwr=ON mode=7 temp=nan°C room=nan°C fan=7
[13:22:39][D][fujitsu.climate:175]: State updated - Mode: 6, Target: nan°C, Current: nan°C
[13:22:39][I][fujitsu.heatpump:071]: CTRL  frame: CC FF FF 5F FF C9 EB 4B
[13:22:39][I][fujitsu.heatpump:075]:   CTRL B1=0xFF B2=0xFF B3=0x5F B4=0xFF B5=0xC9 B6=0xEB
[13:22:39][D][fujitsu.climate:175]: State updated - Mode: 6, Target: nan°C, Current: nan°C
[13:22:39][D][fujitsu.heatpump:067]: UNIT  frame: FE DF DF 7F FF C9 EB 6B
[13:22:39][D][fujitsu.heatpump:108]: RAW [0xDF->0xDF]: FE DF DF 7F FF C9 EB 6B
[13:22:39][D][fujitsu.heatpump:124]:   B3=0x7F  pwr=1 mode=7 fan=7 err=0
[13:22:39][D][fujitsu.heatpump:128]:   B4=0xFF  temp_raw=127 (->143°C) eco=1
[13:22:39][D][fujitsu.heatpump:131]:   B5=0xC9  magic=12 swing=0 step=0
[13:22:39][D][fujitsu.heatpump:133]:   B6=0xEB  room=53°C ctrl_present=1
[13:22:39][W][fujitsu.heatpump:148]: Target temp raw=127 out of range (byte4=0xFF) — keeping nan°C
[13:22:39][W][fujitsu.heatpump:158]: Room temp 53.0°C out of range (byte6=0xEB) — keeping nan°C
[13:22:39][I][fujitsu.heatpump:164]: State: pwr=ON mode=7 temp=nan°C room=nan°C fan=7
[13:22:39][D][fujitsu.climate:175]: State updated - Mode: 6, Target: nan°C, Current: nan°C
[13:22:39][I][fujitsu.heatpump:071]: CTRL  frame: CC FF FF 5F FF C9 EB 4B
[13:22:39][I][fujitsu.heatpump:075]:   CTRL B1=0xFF B2=0xFF B3=0x5F B4=0xFF B5=0xC9 B6=0xEB
[13:22:39][D][fujitsu.climate:175]: State updated - Mode: 6, Target: nan°C, Current: nan°C
[13:22:39][W][component:239]: Component fujitsu_climate.climate took a long time for an operation (213 ms).
[13:22:39][W][component:240]: Components should block for at most 30 ms.
[13:22:39][D][status_led:050]: 'Status LED': Setting state OFF
[13:22:39][D][fujitsu.heatpump:067]: UNIT  frame: FE DF DF 7F FF C9 EB 6B
[13:22:39][D][fujitsu.heatpump:108]: RAW [0xDF->0xDF]: FE DF DF 7F FF C9 EB 6B
[13:22:39][D][fujitsu.heatpump:124]:   B3=0x7F  pwr=1 mode=7 fan=7 err=0
[13:22:39][D][fujitsu.heatpump:128]:   B4=0xFF  temp_raw=127 (->143°C) eco=1
[13:22:39][D][fujitsu.heatpump:131]:   B5=0xC9  magic=12 swing=0 step=0
[13:22:39][D][fujitsu.heatpump:133]:   B6=0xEB  room=53°C ctrl_present=1
[13:22:39][W][fujitsu.heatpump:148]: Target temp raw=127 out of range (byte4=0xFF) — keeping nan°C
[13:22:39][W][fujitsu.heatpump:158]: Room temp 53.0°C out of range (byte6=0xEB) — keeping nan°C
[13:22:39][I][fujitsu.heatpump:164]: State: pwr=ON mode=7 temp=nan°C room=nan°C fan=7
[13:22:39][D][fujitsu.climate:175]: State updated - Mode: 6, Target: nan°C, Current: nan°C
[13:22:39][I][fujitsu.heatpump:071]: CTRL  frame: CC FF FF 5F FF C9 EB 4B
[13:22:39][I][fujitsu.heatpump:075]:   CTRL B1=0xFF B2=0xFF B3=0x5F B4=0xFF B5=0xC9 B6=0xEB
[13:22:39][D][fujitsu.climate:175]: State updated - Mode: 6, Target: nan°C, Current: nan°C
[13:22:39][W][component:239]: Component fujitsu_climate.climate took a long time for an operation (98 ms).
[13:22:39][W][component:240]: Components should block for at most 30 ms.
[13:22:39][D][climate:396]: 'Fujitsu Heat Pump' - Sending state:
[13:22:39][D][climate:399]:   Mode: AUTO
[13:22:39][D][climate:401]:   Action: IDLE
[13:22:39][D][climate:404]:   Fan Mode: AUTO
[13:22:39][D][climate:419]:   Current Temperature: nan°C
[13:22:39][D][climate:425]:   Target Temperature: nan°C
[13:22:42][D][fujitsu.heatpump:067]: UNIT  frame: FE DF DF 7F FF C9 EB 6B
[13:22:42][D][fujitsu.heatpump:108]: RAW [0xDF->0xDF]: FE DF DF 7F FF C9 EB 6B
[13:22:42][D][fujitsu.heatpump:124]:   B3=0x7F  pwr=1 mode=7 fan=7 err=0
[13:22:42][D][fujitsu.heatpump:128]:   B4=0xFF  temp_raw=127 (->143°C) eco=1
[13:22:42][D][fujitsu.heatpump:131]:   B5=0xC9  magic=12 swing=0 step=0
[13:22:42][D][fujitsu.heatpump:133]:   B6=0xEB  room=53°C ctrl_present=1
[13:22:42][W][fujitsu.heatpump:148]: Target temp raw=127 out of range (byte4=0xFF) — keeping nan°C
[13:22:42][W][fujitsu.heatpump:158]: Room temp 53.0°C out of range (byte6=0xEB) — keeping nan°C
[13:22:42][I][fujitsu.heatpump:164]: State: pwr=ON mode=7 temp=nan°C room=nan°C fan=7
[13:22:42][D][fujitsu.climate:175]: State updated - Mode: 6, Target: nan°C, Current: nan°C
[13:22:42][I][fujitsu.heatpump:071]: CTRL  frame: CC FF FF 5F FF C9 EB 4B
[13:22:42][I][fujitsu.heatpump:075]:   CTRL B1=0xFF B2=0xFF B3=0x5F B4=0xFF B5=0xC9 B6=0xEB
[13:22:42][D][fujitsu.climate:175]: State updated - Mode: 6, Target: nan°C, Current: nan°C
[13:22:42][W][component:239]: Component fujitsu_climate.climate took a long time for an operation (104 ms).
[13:22:42][W][component:240]: Components should block for at most 30 ms.
[13:22:42][D][fujitsu.heatpump:067]: UNIT  frame: FE DF DF 7F FF C9 EB 6B
[13:22:42][D][fujitsu.heatpump:108]: RAW [0xDF->0xDF]: FE DF DF 7F FF C9 EB 6B
[13:22:42][D][fujitsu.heatpump:124]:   B3=0x7F  pwr=1 mode=7 fan=7 err=0
[13:22:42][D][fujitsu.heatpump:128]:   B4=0xFF  temp_raw=127 (->143°C) eco=1
[13:22:42][D][fujitsu.heatpump:131]:   B5=0xC9  magic=12 swing=0 step=0
[13:22:42][D][fujitsu.heatpump:133]:   B6=0xEB  room=53°C ctrl_present=1
[13:22:42][W][fujitsu.heatpump:148]: Target temp raw=127 out of range (byte4=0xFF) — keeping nan°C
[13:22:42][W][fujitsu.heatpump:158]: Room temp 53.0°C out of range (byte6=0xEB) — keeping nan°C
[13:22:42][I][fujitsu.heatpump:164]: State: pwr=ON mode=7 temp=nan°C room=nan°C fan=7
[13:22:42][D][fujitsu.climate:175]: State updated - Mode: 6, Target: nan°C, Current: nan°C
[13:22:42][I][fujitsu.heatpump:071]: CTRL  frame: CC FF FF 5F FF C9 EB 4B
[13:22:42][I][fujitsu.heatpump:075]:   CTRL B1=0xFF B2=0xFF B3=0x5F B4=0xFF B5=0xC9 B6=0xEB
[13:22:42][D][fujitsu.climate:175]: State updated - Mode: 6, Target: nan°C, Current: nan°C
[13:22:42][W][component:239]: Component fujitsu_climate.climate took a long time for an operation (104 ms).
[13:22:42][W][component:240]: Components should block for at most 30 ms.
[13:22:42][V][sensor:043]: 'Free Heap Memory': Received new state 178140.000000
[13:22:42][D][sensor:094]: 'Free Heap Memory': Sending state 178140.00000 bytes with 1 decimals of accuracy
[13:22:42][V][json:020]: Attempting to allocate 512 bytes for JSON serialization
[13:22:42][V][json:040]: Size after shrink 88 bytes
[13:22:42][D][climate:396]: 'Fujitsu Heat Pump' - Sending state:
[13:22:42][D][climate:399]:   Mode: AUTO
[13:22:42][D][climate:401]:   Action: IDLE
[13:22:42][D][climate:404]:   Fan Mode: AUTO
[13:22:42][D][climate:419]:   Current Temperature: nan°C
[13:22:42][D][climate:425]:   Target Temperature: nan°C
[13:22:42][V][json:020]: Attempting to allocate 512 bytes for JSON serialization
[13:22:42][V][json:040]: Size after shrink 208 bytes
[13:22:42][D][fujitsu.heatpump:067]: UNIT  frame: FE DF DF 7F FF C9 EB 6B
[13:22:42][D][fujitsu.heatpump:108]: RAW [0xDF->0xDF]: FE DF DF 7F FF C9 EB 6B
[13:22:42][D][fujitsu.heatpump:124]:   B3=0x7F  pwr=1 mode=7 fan=7 err=0
[13:22:42][D][fujitsu.heatpump:128]:   B4=0xFF  temp_raw=127 (->143°C) eco=1
[13:22:42][D][fujitsu.heatpump:131]:   B5=0xC9  magic=12 swing=0 step=0
[13:22:42][D][fujitsu.heatpump:133]:   B6=0xEB  room=53°C ctrl_present=1
[13:22:42][W][fujitsu.heatpump:148]: Target temp raw=127 out of range (byte4=0xFF) — keeping nan°C
[13:22:42][W][fujitsu.heatpump:158]: Room temp 53.0°C out of range (byte6=0xEB) — keeping nan°C
[13:22:42][I][fujitsu.heatpump:164]: State: pwr=ON mode=7 temp=nan°C room=nan°C fan=7
[13:22:42][D][fujitsu.climate:175]: State updated - Mode: 6, Target: nan°C, Current: nan°C
[13:22:42][I][fujitsu.heatpump:071]: CTRL  frame: CC FF FF 5F FF C9 EB 4B
[13:22:42][I][fujitsu.heatpump:075]:   CTRL B1=0xFF B2=0xFF B3=0x5F B4=0xFF B5=0xC9 B6=0xEB
[13:22:42][D][fujitsu.climate:175]: State updated - Mode: 6, Target: nan°C, Current: nan°C
[13:22:42][W][component:239]: Component fujitsu_climate.climate took a long time for an operation (104 ms).
[13:22:42][W][component:240]: Components should block for at most 30 ms.
[13:22:42][D][status_led:050]: 'Status LED': Setting state ON
[13:22:42][D][fujitsu.heatpump:067]: UNIT  frame: FE DF DF 7F FF C9 EB 6B
[13:22:42][D][fujitsu.heatpump:108]: RAW [0xDF->0xDF]: FE DF DF 7F FF C9 EB 6B
[13:22:42][D][fujitsu.heatpump:124]:   B3=0x7F  pwr=1 mode=7 fan=7 err=0
[13:22:42][D][fujitsu.heatpump:128]:   B4=0xFF  temp_raw=127 (->143°C) eco=1
[13:22:42][D][fujitsu.heatpump:131]:   B5=0xC9  magic=12 swing=0 step=0
[13:22:42][D][fujitsu.heatpump:133]:   B6=0xEB  room=53°C ctrl_present=1
[13:22:42][W][fujitsu.heatpump:148]: Target temp raw=127 out of range (byte4=0xFF) — keeping nan°C
[13:22:42][W][fujitsu.heatpump:158]: Room temp 53.0°C out of range (byte6=0xEB) — keeping nan°C
[13:22:42][I][fujitsu.heatpump:164]: State: pwr=ON mode=7 temp=nan°C room=nan°C fan=7
[13:22:42][D][fujitsu.climate:175]: State updated - Mode: 6, Target: nan°C, Current: nan°C
[13:22:42][I][fujitsu.heatpump:071]: CTRL  frame: CC FF FF 5F FF C9 EB 4B
[13:22:42][I][fujitsu.heatpump:075]:   CTRL B1=0xFF B2=0xFF B3=0x5F B4=0xFF B5=0xC9 B6=0xEB
[13:22:42][D][fujitsu.climate:175]: State updated - Mode: 6, Target: nan°C, Current: nan°C
[13:22:42][W][component:239]: Component fujitsu_climate.climate took a long time for an operation (102 ms).
[13:22:42][W][component:240]: Components should block for at most 30 ms.
[13:22:42][D][status_led:050]: 'Status LED': Setting state OFF
[13:22:42][D][fujitsu.heatpump:067]: UNIT  frame: FE DF DF 7F FF C9 EB 6B
[13:22:42][D][fujitsu.heatpump:108]: RAW [0xDF->0xDF]: FE DF DF 7F FF C9 EB 6B
[13:22:42][D][fujitsu.heatpump:124]:   B3=0x7F  pwr=1 mode=7 fan=7 err=0
[13:22:42][D][fujitsu.heatpump:128]:   B4=0xFF  temp_raw=127 (->143°C) eco=1
[13:22:42][D][fujitsu.heatpump:131]:   B5=0xC9  magic=12 swing=0 step=0
[13:22:42][D][fujitsu.heatpump:133]:   B6=0xEB  room=53°C ctrl_present=1
[13:22:42][W][fujitsu.heatpump:148]: Target temp raw=127 out of range (byte4=0xFF) — keeping nan°C
[13:22:42][W][fujitsu.heatpump:158]: Room temp 53.0°C out of range (byte6=0xEB) — keeping nan°C
[13:22:42][I][fujitsu.heatpump:164]: State: pwr=ON mode=7 temp=nan°C room=nan°C fan=7
[13:22:42][D][fujitsu.climate:175]: State updated - Mode: 6, Target: nan°C, Current: nan°C
[13:22:42][I][fujitsu.heatpump:071]: CTRL  frame: CC FF FF 5F FF C9 EB 4B
[13:22:42][I][fujitsu.heatpump:075]:   CTRL B1=0xFF B2=0xFF B3=0x5F B4=0xFF B5=0xC9 B6=0xEB
[13:22:42][D][fujitsu.climate:175]: State updated - Mode: 6, Target: nan°C, Current: nan°C
[13:22:42][W][component:239]: Component fujitsu_climate.climate took a long time for an operation (106 ms).
[13:22:42][W][component:240]: Components should block for at most 30 ms.
[13:22:42][D][climate:396]: 'Fujitsu Heat Pump' - Sending state:
[13:22:42][D][climate:399]:   Mode: AUTO
[13:22:42][D][climate:401]:   Action: IDLE
[13:22:42][D][climate:404]:   Fan Mode: AUTO
[13:22:42][D][climate:419]:   Current Temperature: nan°C
[13:22:42][D][climate:425]:   Target Temperature: nan°C
[13:22:42][V][json:020]: Attempting to allocate 512 bytes for JSON serialization
[13:22:42][V][json:040]: Size after shrink 208 bytes
[13:22:42][D][fujitsu.heatpump:067]: UNIT  frame: FE DF DF 7F FF C9 EB 6B
[13:22:42][D][fujitsu.heatpump:108]: RAW [0xDF->0xDF]: FE DF DF 7F FF C9 EB 6B
[13:22:42][D][fujitsu.heatpump:124]:   B3=0x7F  pwr=1 mode=7 fan=7 err=0
[13:22:42][D][fujitsu.heatpump:128]:   B4=0xFF  temp_raw=127 (->143°C) eco=1
[13:22:42][D][fujitsu.heatpump:131]:   B5=0xC9  magic=12 swing=0 step=0
[13:22:42][D][fujitsu.heatpump:133]:   B6=0xEB  room=53°C ctrl_present=1
[13:22:42][W][fujitsu.heatpump:148]: Target temp raw=127 out of range (byte4=0xFF) — keeping nan°C
[13:22:42][W][fujitsu.heatpump:158]: Room temp 53.0°C out of range (byte6=0xEB) — keeping nan°C
[13:22:42][I][fujitsu.heatpump:164]: State: pwr=ON mode=7 temp=nan°C room=nan°C fan=7
[13:22:42][D][fujitsu.climate:175]: State updated - Mode: 6, Target: nan°C, Current: nan°C
[13:22:42][I][fujitsu.heatpump:071]: CTRL  frame: CC FF FF 5F FF C9 EB 4B
[13:22:42][I][fujitsu.heatpump:075]:   CTRL B1=0xFF B2=0xFF B3=0x5F B4=0xFF B5=0xC9 B6=0xEB
[13:22:42][D][fujitsu.climate:175]: State updated - Mode: 6, Target: nan°C, Current: nan°C
[13:22:42][W][component:239]: Component fujitsu_climate.climate took a long time for an operation (99 ms).
[13:22:42][W][component:240]: Components should block for at most 30 ms.
[13:22:42][D][fujitsu.heatpump:067]: UNIT  frame: FE DF DF 7F FF C9 EB 6B
[13:22:42][D][fujitsu.heatpump:108]: RAW [0xDF->0xDF]: FE DF DF 7F FF C9 EB 6B
[13:22:42][D][fujitsu.heatpump:124]:   B3=0x7F  pwr=1 mode=7 fan=7 err=0
[13:22:42][D][fujitsu.heatpump:128]:   B4=0xFF  temp_raw=127 (->143°C) eco=1
[13:22:42][D][fujitsu.heatpump:131]:   B5=0xC9  magic=12 swing=0 step=0
[13:22:42][D][fujitsu.heatpump:133]:   B6=0xEB  room=53°C ctrl_present=1
[13:22:42][W][fujitsu.heatpump:148]: Target temp raw=127 out of range (byte4=0xFF) — keeping nan°C
[13:22:42][W][fujitsu.heatpump:158]: Room temp 53.0°C out of range (byte6=0xEB) — keeping nan°C
[13:22:42][I][fujitsu.heatpump:164]: State: pwr=ON mode=7 temp=nan°C room=nan°C fan=7
[13:22:42][D][fujitsu.climate:175]: State updated - Mode: 6, Target: nan°C, Current: nan°C
[13:22:42][I][fujitsu.heatpump:071]: CTRL  frame: CC FF FF 5F FF C9 EB 4B
[13:22:42][I][fujitsu.heatpump:075]:   CTRL B1=0xFF B2=0xFF B3=0x5F B4=0xFF B5=0xC9 B6=0xEB
[13:22:42][D][fujitsu.climate:175]: State updated - Mode: 6, Target: nan°C, Current: nan°C
[13:22:42][W][component:239]: Component fujitsu_climate.climate took a long time for an operation (100 ms).
[13:22:42][W][component:240]: Components should block for at most 30 ms.
[13:22:42][D][climate:396]: 'Fujitsu Heat Pump' - Sending state:
[13:22:42][D][climate:399]:   Mode: AUTO
[13:22:42][D][climate:401]:   Action: IDLE
[13:22:42][D][climate:404]:   Fan Mode: AUTO
[13:22:42][D][climate:419]:   Current Temperature: nan°C
[13:22:42][D][climate:425]:   Target Temperature: nan°C
[13:22:42][V][json:020]: Attempting to allocate 512 bytes for JSON serialization
[13:22:42][V][json:040]: Size after shrink 208 bytes
[13:22:42][D][fujitsu.heatpump:067]: UNIT  frame: FE DF DF 7F FF C9 EB 6B
[13:22:42][D][fujitsu.heatpump:108]: RAW [0xDF->0xDF]: FE DF DF 7F FF C9 EB 6B
[13:22:42][D][fujitsu.heatpump:124]:   B3=0x7F  pwr=1 mode=7 fan=7 err=0
[13:22:42][D][fujitsu.heatpump:128]:   B4=0xFF  temp_raw=127 (->143°C) eco=1
[13:22:42][D][fujitsu.heatpump:131]:   B5=0xC9  magic=12 swing=0 step=0
[13:22:42][D][fujitsu.heatpump:133]:   B6=0xEB  room=53°C ctrl_present=1
[13:22:42][W][fujitsu.heatpump:148]: Target temp raw=127 out of range (byte4=0xFF) — keeping nan°C
[13:22:42][W][fujitsu.heatpump:158]: Room temp 53.0°C out of range (byte6=0xEB) — keeping nan°C
[13:22:42][I][fujitsu.heatpump:164]: State: pwr=ON mode=7 temp=nan°C room=nan°C fan=7
[13:22:42][D][fujitsu.climate:175]: State updated - Mode: 6, Target: nan°C, Current: nan°C
[13:22:42][I][fujitsu.heatpump:071]: CTRL  frame: CC FF FF 5F FF C9 EB 4B
[13:22:42][I][fujitsu.heatpump:075]:   CTRL B1=0xFF B2=0xFF B3=0x5F B4=0xFF B5=0xC9 B6=0xEB
[13:22:42][D][fujitsu.climate:175]: State updated - Mode: 6, Target: nan°C, Current: nan°C
[13:22:42][W][component:239]: Component fujitsu_climate.climate took a long time for an operation (99 ms).
[13:22:42][W][component:240]: Components should block for at most 30 ms.
[13:22:42][D][status_led:050]: 'Status LED': Setting state ON
[13:22:43][D][fujitsu.heatpump:067]: UNIT  frame: FE DF DF 7F FF C9 EB 6B
[13:22:43][D][fujitsu.heatpump:108]: RAW [0xDF->0xDF]: FE DF DF 7F FF C9 EB 6B
[13:22:43][D][fujitsu.heatpump:124]:   B3=0x7F  pwr=1 mode=7 fan=7 err=0
[13:22:43][D][fujitsu.heatpump:128]:   B4=0xFF  temp_raw=127 (->143°C) eco=1
[13:22:43][D][fujitsu.heatpump:131]:   B5=0xC9  magic=12 swing=0 step=0
[13:22:43][D][fujitsu.heatpump:133]:   B6=0xEB  room=53°C ctrl_present=1
[13:22:43][W][fujitsu.heatpump:148]: Target temp raw=127 out of range (byte4=0xFF) — keeping nan°C
[13:22:43][W][fujitsu.heatpump:158]: Room temp 53.0°C out of range (byte6=0xEB) — keeping nan°C
[13:22:43][I][fujitsu.heatpump:164]: State: pwr=ON mode=7 temp=nan°C room=nan°C fan=7
[13:22:43][D][fujitsu.climate:175]: State updated - Mode: 6, Target: nan°C, Current: nan°C
[13:22:43][I][fujitsu.heatpump:071]: CTRL  frame: CC FF FF 5F FF C9 EB 4B
[13:22:43][I][fujitsu.heatpump:075]:   CTRL B1=0xFF B2=0xFF B3=0x5F B4=0xFF B5=0xC9 B6=0xEB
[13:22:43][D][fujitsu.climate:175]: State updated - Mode: 6, Target: nan°C, Current: nan°C
[13:22:43][W][component:239]: Component fujitsu_climate.climate took a long time for an operation (111 ms).
[13:22:43][W][component:240]: Components should block for at most 30 ms.
[13:22:43][D][status_led:050]: 'Status LED': Setting state OFF
[13:22:43][D][fujitsu.heatpump:067]: UNIT  frame: FE DF DF 7F FF C9 EB 6B
[13:22:43][D][fujitsu.heatpump:108]: RAW [0xDF->0xDF]: FE DF DF 7F FF C9 EB 6B
[13:22:43][D][fujitsu.heatpump:124]:   B3=0x7F  pwr=1 mode=7 fan=7 err=0
[13:22:43][D][fujitsu.heatpump:128]:   B4=0xFF  temp_raw=127 (->143°C) eco=1
[13:22:43][D][fujitsu.heatpump:131]:   B5=0xC9  magic=12 swing=0 step=0
[13:22:43][D][fujitsu.heatpump:133]:   B6=0xEB  room=53°C ctrl_present=1
[13:22:43][W][fujitsu.heatpump:148]: Target temp raw=127 out of range (byte4=0xFF) — keeping nan°C
[13:22:43][W][fujitsu.heatpump:158]: Room temp 53.0°C out of range (byte6=0xEB) — keeping nan°C
[13:22:43][I][fujitsu.heatpump:164]: State: pwr=ON mode=7 temp=nan°C room=nan°C fan=7
[13:22:43][D][fujitsu.climate:175]: State updated - Mode: 6, Target: nan°C, Current: nan°C
[13:22:43][I][fujitsu.heatpump:071]: CTRL  frame: CC FF FF 5F FF C9 EB 4B
[13:22:43][I][fujitsu.heatpump:075]:   CTRL B1=0xFF B2=0xFF B3=0x5F B4=0xFF B5=0xC9 B6=0xEB
[13:22:43][D][fujitsu.climate:175]: State updated - Mode: 6, Target: nan°C, Current: nan°C
[13:22:43][W][component:239]: Component fujitsu_climate.climate took a long time for an operation (97 ms).
[13:22:43][W][component:240]: Components should block for at most 30 ms.
[13:22:43][D][climate:396]: 'Fujitsu Heat Pump' - Sending state:
[13:22:43][D][climate:399]:   Mode: AUTO
[13:22:43][D][climate:401]:   Action: IDLE
[13:22:43][D][climate:404]:   Fan Mode: AUTO
[13:22:43][D][climate:419]:   Current Temperature: nan°C
[13:22:43][D][climate:425]:   Target Temperature: nan°C
[13:22:43][V][json:020]: Attempting to allocate 512 bytes for JSON serialization
[13:22:43][V][json:040]: Size after shrink 208 bytes
[13:22:45][D][fujitsu.heatpump:067]: UNIT  frame: FE DF DF 7F FF C9 EB 6B
[13:22:45][D][fujitsu.heatpump:108]: RAW [0xDF->0xDF]: FE DF DF 7F FF C9 EB 6B
[13:22:45][D][fujitsu.heatpump:124]:   B3=0x7F  pwr=1 mode=7 fan=7 err=0
[13:22:45][D][fujitsu.heatpump:128]:   B4=0xFF  temp_raw=127 (->143°C) eco=1
[13:22:45][D][fujitsu.heatpump:131]:   B5=0xC9  magic=12 swing=0 step=0
[13:22:45][D][fujitsu.heatpump:133]:   B6=0xEB  room=53°C ctrl_present=1
[13:22:45][W][fujitsu.heatpump:148]: Target temp raw=127 out of range (byte4=0xFF) — keeping nan°C
[13:22:45][W][fujitsu.heatpump:158]: Room temp 53.0°C out of range (byte6=0xEB) — keeping nan°C
[13:22:45][I][fujitsu.heatpump:164]: State: pwr=ON mode=7 temp=nan°C room=nan°C fan=7
[13:22:45][D][fujitsu.climate:175]: State updated - Mode: 6, Target: nan°C, Current: nan°C
[13:22:45][I][fujitsu.heatpump:071]: CTRL  frame: CC FF FF 5F FF C9 EB 4B
[13:22:45][I][fujitsu.heatpump:075]:   CTRL B1=0xFF B2=0xFF B3=0x5F B4=0xFF B5=0xC9 B6=0xEB
[13:22:45][D][fujitsu.climate:175]: State updated - Mode: 6, Target: nan°C, Current: nan°C
[13:22:45][W][component:239]: Component fujitsu_climate.climate took a long time for an operation (105 ms).
[13:22:45][W][component:240]: Components should block for at most 30 ms.
[13:22:45][V][sensor:043]: 'Uptime': Received new state 315.610992
[13:22:45][D][sensor:094]: 'Uptime': Sending state 315.61099 s with 0 decimals of accuracy
[13:22:45][V][json:020]: Attempting to allocate 512 bytes for JSON serialization
[13:22:45][V][json:040]: Size after shrink 68 bytes
[13:22:45][V][sensor:043]: 'WiFi Signal': Received new state -66.000000
[13:22:45][D][sensor:094]: 'WiFi Signal': Sending state -66.00000 dBm with 0 decimals of accuracy
[13:22:45][V][json:020]: Attempting to allocate 512 bytes for JSON serialization
[13:22:45][V][json:040]: Size after shrink 76 bytes
[13:22:45][D][climate:396]: 'Fujitsu Heat Pump' - Sending state:
[13:22:45][D][climate:399]:   Mode: AUTO
[13:22:45][D][climate:401]:   Action: IDLE
[13:22:45][D][climate:404]:   Fan Mode: AUTO
[13:22:45][D][climate:419]:   Current Temperature: nan°C
[13:22:45][D][climate:425]:   Target Temperature: nan°C
[13:22:45][V][json:020]: Attempting to allocate 512 bytes for JSON serialization
[13:22:45][V][json:040]: Size after shrink 208 bytes
[13:22:45][D][status_led:050]: 'Status LED': Setting state ON
[13:22:45][D][fujitsu.heatpump:067]: UNIT  frame: FE DF DF 7F FF C9 EB 6B
[13:22:45][D][fujitsu.heatpump:108]: RAW [0xDF->0xDF]: FE DF DF 7F FF C9 EB 6B
[13:22:45][D][fujitsu.heatpump:124]:   B3=0x7F  pwr=1 mode=7 fan=7 err=0
[13:22:45][D][fujitsu.heatpump:128]:   B4=0xFF  temp_raw=127 (->143°C) eco=1
[13:22:45][D][fujitsu.heatpump:131]:   B5=0xC9  magic=12 swing=0 step=0
[13:22:45][D][fujitsu.heatpump:133]:   B6=0xEB  room=53°C ctrl_present=1
[13:22:45][W][fujitsu.heatpump:148]: Target temp raw=127 out of range (byte4=0xFF) — keeping nan°C
[13:22:45][W][fujitsu.heatpump:158]: Room temp 53.0°C out of range (byte6=0xEB) — keeping nan°C
[13:22:45][I][fujitsu.heatpump:164]: State: pwr=ON mode=7 temp=nan°C room=nan°C fan=7
[13:22:45][D][fujitsu.climate:175]: State updated - Mode: 6, Target: nan°C, Current: nan°C
[13:22:45][I][fujitsu.heatpump:071]: CTRL  frame: CC FF FF 5F FF C9 EB 4B
[13:22:45][I][fujitsu.heatpump:075]:   CTRL B1=0xFF B2=0xFF B3=0x5F B4=0xFF B5=0xC9 B6=0xEB
[13:22:45][D][fujitsu.climate:175]: State updated - Mode: 6, Target: nan°C, Current: nan°C
[13:22:45][W][component:239]: Component fujitsu_climate.climate took a long time for an operation (186 ms).
[13:22:45][D][fujitsu.heatpump:067]: UNIT  frame: FE DF DF 7F FF C9 EB 6B
[13:22:45][D][fujitsu.heatpump:108]: RAW [0xDF->0xDF]: FE DF DF 7F FF C9 EB 6B
[13:22:45][D][fujitsu.heatpump:124]:   B3=0x7F  pwr=1 mode=7 fan=7 err=0
[13:22:45][D][fujitsu.heatpump:128]:   B4=0xFF  temp_raw=127 (->143°C) eco=1
[13:22:45][D][fujitsu.heatpump:131]:   B5=0xC9  magic=12 swing=0 step=0
[13:22:45][D][fujitsu.heatpump:133]:   B6=0xEB  room=53°C ctrl_present=1
[13:22:45][W][fujitsu.heatpump:148]: Target temp raw=127 out of range (byte4=0xFF) — keeping nan°C
[13:22:45][W][fujitsu.heatpump:158]: Room temp 53.0°C out of range (byte6=0xEB) — keeping nan°C
[13:22:45][I][fujitsu.heatpump:164]: State: pwr=ON mode=7 temp=nan°C room=nan°C fan=7
[13:22:45][D][fujitsu.climate:175]: State updated - Mode: 6, Target: nan°C, Current: nan°C
[13:22:45][I][fujitsu.heatpump:071]: CTRL  frame: CC FF FF 5F FF C9 EB 4B
[13:22:45][I][fujitsu.heatpump:075]:   CTRL B1=0xFF B2=0xFF B3=0x5F B4=0xFF B5=0xC9 B6=0xEB
[13:22:45][D][fujitsu.climate:175]: State updated - Mode: 6, Target: nan°C, Current: nan°C
[13:22:45][W][component:239]: Component fujitsu_climate.climate took a long time for an operation (102 ms).
[13:22:45][W][component:240]: Components should block for at most 30 ms.
[13:22:45][D][status_led:050]: 'Status LED': Setting state OFF
[13:22:45][D][fujitsu.heatpump:067]: UNIT  frame: FE DF DF 7F FF C9 EB 6B
[13:22:45][D][fujitsu.heatpump:108]: RAW [0xDF->0xDF]: FE DF DF 7F FF C9 EB 6B
[13:22:45][D][fujitsu.heatpump:124]:   B3=0x7F  pwr=1 mode=7 fan=7 err=0
[13:22:45][D][fujitsu.heatpump:128]:   B4=0xFF  temp_raw=127 (->143°C) eco=1
[13:22:45][D][fujitsu.heatpump:131]:   B5=0xC9  magic=12 swing=0 step=0
[13:22:45][D][fujitsu.heatpump:133]:   B6=0xEB  room=53°C ctrl_present=1
[13:22:45][W][fujitsu.heatpump:148]: Target temp raw=127 out of range (byte4=0xFF) — keeping nan°C
[13:22:45][W][fujitsu.heatpump:158]: Room temp 53.0°C out of range (byte6=0xEB) — keeping nan°C
[13:22:45][I][fujitsu.heatpump:164]: State: pwr=ON mode=7 temp=nan°C room=nan°C fan=7
[13:22:45][D][fujitsu.climate:175]: State updated - Mode: 6, Target: nan°C, Current: nan°C
[13:22:45][I][fujitsu.heatpump:071]: CTRL  frame: CC FF FF 5F FF C9 EB 4B
[13:22:45][I][fujitsu.heatpump:075]:   CTRL B1=0xFF B2=0xFF B3=0x5F B4=0xFF B5=0xC9 B6=0xEB
[13:22:45][D][fujitsu.climate:175]: State updated - Mode: 6, Target: nan°C, Current: nan°C
[13:22:45][W][component:239]: Component fujitsu_climate.climate took a long time for an operation (97 ms).
[13:22:45][W][component:240]: Components should block for at most 30 ms.
[13:22:45][D][climate:396]: 'Fujitsu Heat Pump' - Sending state:
[13:22:45][D][climate:399]:   Mode: AUTO
[13:22:45][D][climate:401]:   Action: IDLE
[13:22:45][D][climate:425]:   Target Temperature: nan°C
[13:22:45][V][json:020]: Attempting to allocate 512 bytes for JSON serialization
[13:22:45][V][json:040]: Size after shrink 208 bytes
[13:22:46][D][fujitsu.heatpump:067]: UNIT  frame: FE DF DF 7F FF C9 EB 6B
[13:22:46][D][fujitsu.heatpump:108]: RAW [0xDF->0xDF]: FE DF DF 7F FF C9 EB 6B
[13:22:46][D][fujitsu.heatpump:124]:   B3=0x7F  pwr=1 mode=7 fan=7 err=0
[13:22:46][D][fujitsu.heatpump:128]:   B4=0xFF  temp_raw=127 (->143°C) eco=1
[13:22:46][D][fujitsu.heatpump:131]:   B5=0xC9  magic=12 swing=0 step=0
[13:22:46][D][fujitsu.heatpump:133]:   B6=0xEB  room=53°C ctrl_present=1
[13:22:46][W][fujitsu.heatpump:148]: Target temp raw=127 out of range (byte4=0xFF) — keeping nan°C
[13:22:46][W][fujitsu.heatpump:158]: Room temp 53.0°C out of range (byte6=0xEB) — keeping nan°C
[13:22:46][I][fujitsu.heatpump:164]: State: pwr=ON mode=7 temp=nan°C room=nan°C fan=7
[13:22:46][D][fujitsu.climate:175]: State updated - Mode: 6, Target: nan°C, Current: nan°C
[13:22:46][I][fujitsu.heatpump:071]: CTRL  frame: CC FF FF 5F FF C9 EB 4B
[13:22:46][I][fujitsu.heatpump:075]:   CTRL B1=0xFF B2=0xFF B3=0x5F B4=0xFF B5=0xC9 B6=0xEB
[13:22:46][D][fujitsu.climate:175]: State updated - Mode: 6, Target: nan°C, Current: nan°C
[13:22:46][W][component:239]: Component fujitsu_climate.climate took a long time for an operation (98 ms).
[13:22:46][W][component:240]: Components should block for at most 30 ms.
