[13:17:49][I][app:100]: ESPHome version 2025.4.2 compiled on Apr 29 2026, 13:16:56
[13:17:49][I][app:102]: Project james.retro-fujitsu version 3B.10
[13:17:49][C][status_led:065]: Status Led Light:
[13:17:49][C][status_led:066]:   Pin: GPIO2
[13:17:49][C][wifi:600]: WiFi:
[13:17:49][C][wifi:428]:   Local MAC: A4:F0:0F:69:19:E8
[13:17:49][C][wifi:433]:   SSID: 'moose'
[13:17:49][C][wifi:436]:   IP Address: 192.168.1.40
[13:17:49][C][wifi:440]:   BSSID: 00:11:32:84:54:AF
[13:17:49][C][wifi:441]:   Hostname: 'aircon'
[13:17:49][C][wifi:443]:   Signal strength: -66 dB [13:17:49][V][wifi:445]:   Priority: 0.0
[13:17:49][C][wifi:447]:   Channel: 2
[13:17:49][C][wifi:448]:   Subnet: 255.255.255.0
[13:17:49][C][wifi:449]:   Gateway: 192.168.1.1
[13:17:49][C][wifi:450]:   DNS1: 192.168.1.1
[13:17:49][C][wifi:451]:   DNS2: 0.0.0.0
[13:17:49][D][climate:396]: 'Fujitsu Heat Pump' - Sending state:
[13:17:49][D][climate:401]:   Action: IDLE
[13:17:49][C][logger:181]:   Log Baud Rate: 115200
[13:17:49][D][fujitsu.heatpump:067]: UNIT  frame: FE DF DF 7F FF F7 E9 6B
[13:17:49][D][fujitsu.heatpump:124]:   B3=0x7F  pwr=1 mode=7 fan=7 err=0
[13:17:49][D][fujitsu.heatpump:133]:   B6=0xE9  room=52°C ctrl_present=1
[13:17:49][W][fujitsu.heatpump:158]: Room temp 52.0°C out of range (byte6=0xE9) — keeping nan°C
[13:17:49][I][fujitsu.heatpump:071]: CTRL  frame: CE FF FF 5F FF F7 E9 4B
[13:17:49][W][component:239]: Component fujitsu_climate.climate took a long time for an operation (103 ms).
[13:17:49][C][uart.arduino_esp32:151]: UART Bus 1:
[13:17:49][C][uart.arduino_esp32:158]:   Data Bits: 8
[13:17:49][C][uart.arduino_esp32:159]:   Parity: NONE
[13:17:49][C][uart.arduino_esp32:160]:   Stop bits: 1
[13:17:49][C][uptime.sensor:033]:   Unit of Measurement: 's'
[13:17:49][C][uptime.sensor:033]:   Icon: 'mdi:timer-outline'
[13:17:49][C][uptime.sensor:034]:   Type: Seconds
[13:17:49][C][light:092]: Light 'Status LED'
[13:17:49][C][wifi_info:014]: WifiInfo Mac Address 'MAC Address'
[13:17:49][V][wifi_info:014]:   Unique ID: 'a4f00f6919e8-wifiinfo-macadr'
[13:17:49][C][version.text_sensor:021]: Version Text Sensor 'ESPHome Version'
[13:17:49][C][version.text_sensor:021]:   Icon: 'mdi:new-box'
[13:17:49][C][status:034]:   Device Class: 'connectivity'
[13:17:49][C][homeassistant.time:011]:   Timezone: 'NZST-12NZDT,M9.5.0,M4.1.0/3'
[13:17:49][C][captive_portal:089]: Captive Portal:
[13:17:49][D][fujitsu.heatpump:067]: UNIT  frame: FE DF DF 7F FF F7 E9 6B
[13:17:49][D][fujitsu.heatpump:108]: RAW [0xDF->0xDF]: FE DF DF 7F FF F7 E9 6B
[13:17:49][D][fujitsu.heatpump:128]:   B4=0xFF  temp_raw=127 (->143°C) eco=1
[13:17:49][I][fujitsu.heatpump:164]: State: pwr=ON mode=7 temp=nan°C room=nan°C fan=7
[13:17:49][D][fujitsu.climate:175]: State updated - Mode: 6, Target: nan°C, Current: nan°C
[13:17:49][I][fujitsu.heatpump:071]: CTRL  frame: CE FF FF 5F FF F7 E9 4B
[13:17:49][I][fujitsu.heatpump:075]:   CTRL B1=0xFF B2=0xFF B3=0x5F B4=0xFF B5=0xF7 B6=0xE9
[13:17:49][D][fujitsu.climate:175]: State updated - Mode: 6, Target: nan°C, Current: nan°C
[13:17:49][W][component:239]: Component fujitsu_climate.climate took a long time for an operation (102 ms).
[13:17:49][W][component:240]: Components should block for at most 30 ms.
[13:17:49][C][web_server:285]: Web Server:
[13:17:49][C][web_server:286]:   Address: aircon.local:80
[13:17:49][C][mdns:116]: mDNS:
[13:17:49][C][mdns:117]:   Hostname: aircon
[13:17:49][V][mdns:120]:   - _esphomelib, _tcp, 6053
[13:17:49][V][mdns:122]:     TXT: mac = a4f00f6919e8
[13:17:49][V][mdns:122]:     TXT: project_name = james.retro-fujitsu
[13:17:49][C][esphome.ota:074]:   Address: aircon.local:3232
[13:17:49][C][safe_mode:020]:   Boot considered successful after 60 seconds
[13:17:50][C][api:140]: API Server:
[13:17:50][C][fujitsu.climate:059]:   Controller: Secondary
[13:17:50][C][fujitsu.climate:060]:   LIN Interface: TJA1021
[13:17:50][C][wifi_signal.sensor:010]: WiFi Signal 'WiFi Signal'
[13:17:50][C][wifi_signal.sensor:010]:   Device Class: 'signal_strength'
[13:17:50][C][wifi_info:012]: WifiInfo SSID 'WiFi SSID'
[13:17:50][V][wifi_info:010]:   Unique ID: 'a4f00f6919e8-wifiinfo-ip'
[13:17:50][D][fujitsu.heatpump:067]: UNIT  frame: FE DF DF 7F FF F7 E9 6B
[13:17:50][D][fujitsu.heatpump:108]: RAW [0xDF->0xDF]: FE DF DF 7F FF F7 E9 6B
[13:17:50][D][fujitsu.heatpump:124]:   B3=0x7F  pwr=1 mode=7 fan=7 err=0
[13:17:50][D][fujitsu.heatpump:128]:   B4=0xFF  temp_raw=127 (->143°C) eco=1
[13:17:50][D][fujitsu.heatpump:131]:   B5=0xF7  magic=15 swing=1 step=1
[13:17:50][D][fujitsu.heatpump:133]:   B6=0xE9  room=52°C ctrl_present=1
[13:17:50][W][fujitsu.heatpump:148]: Target temp raw=127 out of range (byte4=0xFF) — keeping nan°C
[13:17:50][W][fujitsu.heatpump:158]: Room temp 52.0°C out of range (byte6=0xE9) — keeping nan°C
[13:17:50][I][fujitsu.heatpump:164]: State: pwr=ON mode=7 temp=nan°C room=nan°C fan=7
[13:17:50][D][fujitsu.climate:175]: State updated - Mode: 6, Target: nan°C, Current: nan°C
[13:17:50][I][fujitsu.heatpump:071]: CTRL  frame: CE FF FF 5F FF F7 E9 4B
[13:17:50][I][fujitsu.heatpump:075]:   CTRL B1=0xFF B2=0xFF B3=0x5F B4=0xFF B5=0xF7 B6=0xE9
[13:17:50][D][fujitsu.climate:175]: State updated - Mode: 6, Target: nan°C, Current: nan°C
[13:17:50][W][component:239]: Component fujitsu_climate.climate took a long time for an operation (95 ms).
[13:17:50][W][component:240]: Components should block for at most 30 ms.
[13:17:50][D][climate:396]: 'Fujitsu Heat Pump' - Sending state:
[13:17:50][D][climate:399]:   Mode: AUTO
[13:17:54][D][climate:419]:   Current Temperature: nan°C
[13:17:54][D][climate:425]:   Target Temperature: nan°C
[13:17:54][D][status_led:050]: 'Status LED': Setting state OFF
[13:17:54][D][fujitsu.heatpump:067]: UNIT  frame: FE DF DF 7F FF F7 E9 6B
[13:17:54][D][fujitsu.heatpump:108]: RAW [0xDF->0xDF]: FE DF DF 7F FF F7 E9 6B
[13:17:54][D][fujitsu.heatpump:124]:   B3=0x7F  pwr=1 mode=7 fan=7 err=0
[13:17:54][D][fujitsu.heatpump:128]:   B4=0xFF  temp_raw=127 (->143°C) eco=1
[13:17:54][D][fujitsu.heatpump:131]:   B5=0xF7  magic=15 swing=1 step=1
[13:17:54][D][fujitsu.heatpump:133]:   B6=0xE9  room=52°C ctrl_present=1
[13:17:54][W][fujitsu.heatpump:148]: Target temp raw=127 out of range (byte4=0xFF) — keeping nan°C
[13:17:54][W][fujitsu.heatpump:158]: Room temp 52.0°C out of range (byte6=0xE9) — keeping nan°C
[13:17:54][I][fujitsu.heatpump:164]: State: pwr=ON mode=7 temp=nan°C room=nan°C fan=7
[13:17:54][D][fujitsu.climate:175]: State updated - Mode: 6, Target: nan°C, Current: nan°C
[13:17:54][I][fujitsu.heatpump:071]: CTRL  frame: CE FF FF 5F FF F7 E9 4B
[13:17:54][I][fujitsu.heatpump:075]:   CTRL B1=0xFF B2=0xFF B3=0x5F B4=0xFF B5=0xF7 B6=0xE9
[13:17:54][D][fujitsu.climate:175]: State updated - Mode: 6, Target: nan°C, Current: nan°C
[13:17:54][W][component:239]: Component fujitsu_climate.climate took a long time for an operation (93 ms).
[13:17:54][W][component:240]: Components should block for at most 30 ms.
[13:17:54][D][fujitsu.heatpump:067]: UNIT  frame: FE DF DF 7F FF F7 E9 6B
[13:17:54][D][fujitsu.heatpump:108]: RAW [0xDF->0xDF]: FE DF DF 7F FF F7 E9 6B
[13:17:54][D][fujitsu.heatpump:124]:   B3=0x7F  pwr=1 mode=7 fan=7 err=0
[13:17:54][D][fujitsu.heatpump:128]:   B4=0xFF  temp_raw=127 (->143°C) eco=1
[13:17:54][D][fujitsu.heatpump:131]:   B5=0xF7  magic=15 swing=1 step=1
[13:17:54][D][fujitsu.heatpump:133]:   B6=0xE9  room=52°C ctrl_present=1
[13:17:54][W][fujitsu.heatpump:148]: Target temp raw=127 out of range (byte4=0xFF) — keeping nan°C
[13:17:54][W][fujitsu.heatpump:158]: Room temp 52.0°C out of range (byte6=0xE9) — keeping nan°C
[13:17:54][I][fujitsu.heatpump:164]: State: pwr=ON mode=7 temp=nan°C room=nan°C fan=7
[13:17:54][D][fujitsu.climate:175]: State updated - Mode: 6, Target: nan°C, Current: nan°C
[13:17:54][I][fujitsu.heatpump:071]: CTRL  frame: CE FF FF 5F FF F7 E9 4B
[13:17:54][I][fujitsu.heatpump:075]:   CTRL B1=0xFF B2=0xFF B3=0x5F B4=0xFF B5=0xF7 B6=0xE9
[13:17:54][D][fujitsu.climate:175]: State updated - Mode: 6, Target: nan°C, Current: nan°C
[13:17:54][W][component:239]: Component fujitsu_climate.climate took a long time for an operation (100 ms).
[13:17:54][W][component:240]: Components should block for at most 30 ms.
[13:17:54][D][climate:396]: 'Fujitsu Heat Pump' - Sending state:
[13:17:54][D][climate:399]:   Mode: AUTO
[13:17:54][D][climate:401]:   Action: IDLE
[13:17:54][D][climate:404]:   Fan Mode: AUTO
[13:17:54][D][climate:419]:   Current Temperature: nan°C
[13:17:54][D][climate:425]:   Target Temperature: nan°C
[13:17:54][D][fujitsu.heatpump:067]: UNIT  frame: FE DF DF 7F FF F7 E9 6B
[13:17:54][D][fujitsu.heatpump:108]: RAW [0xDF->0xDF]: FE DF DF 7F FF F7 E9 6B
[13:17:54][D][fujitsu.heatpump:124]:   B3=0x7F  pwr=1 mode=7 fan=7 err=0
[13:17:54][D][fujitsu.heatpump:128]:   B4=0xFF  temp_raw=127 (->143°C) eco=1
[13:17:54][D][fujitsu.heatpump:131]:   B5=0xF7  magic=15 swing=1 step=1
[13:17:54][D][fujitsu.heatpump:133]:   B6=0xE9  room=52°C ctrl_present=1
[13:17:54][W][fujitsu.heatpump:148]: Target temp raw=127 out of range (byte4=0xFF) — keeping nan°C
[13:17:54][W][fujitsu.heatpump:158]: Room temp 52.0°C out of range (byte6=0xE9) — keeping nan°C
[13:17:54][I][fujitsu.heatpump:164]: State: pwr=ON mode=7 temp=nan°C room=nan°C fan=7
[13:17:54][D][fujitsu.climate:175]: State updated - Mode: 6, Target: nan°C, Current: nan°C
[13:17:54][I][fujitsu.heatpump:071]: CTRL  frame: CE FF FF 5F FF F7 E9 4B
[13:17:54][I][fujitsu.heatpump:075]:   CTRL B1=0xFF B2=0xFF B3=0x5F B4=0xFF B5=0xF7 B6=0xE9
[13:17:54][D][fujitsu.climate:175]: State updated - Mode: 6, Target: nan°C, Current: nan°C
[13:17:54][W][component:239]: Component fujitsu_climate.climate took a long time for an operation (95 ms).
[13:17:54][W][component:240]: Components should block for at most 30 ms.
[13:17:54][D][fujitsu.heatpump:067]: UNIT  frame: FE DF DF 7F FF F7 E9 6B
[13:17:54][D][fujitsu.heatpump:108]: RAW [0xDF->0xDF]: FE DF DF 7F FF F7 E9 6B
[13:17:54][D][fujitsu.heatpump:124]:   B3=0x7F  pwr=1 mode=7 fan=7 err=0
[13:17:54][D][fujitsu.heatpump:128]:   B4=0xFF  temp_raw=127 (->143°C) eco=1
[13:17:54][D][fujitsu.heatpump:131]:   B5=0xF7  magic=15 swing=1 step=1
[13:17:54][D][fujitsu.heatpump:133]:   B6=0xE9  room=52°C ctrl_present=1
[13:17:54][W][fujitsu.heatpump:148]: Target temp raw=127 out of range (byte4=0xFF) — keeping nan°C
[13:17:54][W][fujitsu.heatpump:158]: Room temp 52.0°C out of range (byte6=0xE9) — keeping nan°C
[13:17:54][I][fujitsu.heatpump:164]: State: pwr=ON mode=7 temp=nan°C room=nan°C fan=7
[13:17:54][D][fujitsu.climate:175]: State updated - Mode: 6, Target: nan°C, Current: nan°C
[13:17:54][I][fujitsu.heatpump:071]: CTRL  frame: CE FF FF 5F FF F7 E9 4B
[13:17:54][I][fujitsu.heatpump:075]:   CTRL B1=0xFF B2=0xFF B3=0x5F B4=0xFF B5=0xF7 B6=0xE9
[13:17:54][D][fujitsu.climate:175]: State updated - Mode: 6, Target: nan°C, Current: nan°C
[13:17:54][W][component:239]: Component fujitsu_climate.climate took a long time for an operation (90 ms).
[13:17:54][W][component:240]: Components should block for at most 30 ms.
[13:17:54][D][status_led:050]: 'Status LED': Setting state ON
[13:17:54][D][climate:396]: 'Fujitsu Heat Pump' - Sending state:
[13:17:54][D][climate:399]:   Mode: AUTO
[13:17:54][D][climate:401]:   Action: IDLE
[13:17:54][D][climate:404]:   Fan Mode: AUTO
[13:17:54][D][climate:419]:   Current Temperature: nan°C
[13:17:54][D][climate:425]:   Target Temperature: nan°C
[13:17:54][D][fujitsu.heatpump:067]: UNIT  frame: FE DF DF 7F FF F7 E9 6B
[13:17:54][D][fujitsu.heatpump:108]: RAW [0xDF->0xDF]: FE DF DF 7F FF F7 E9 6B
[13:17:54][D][fujitsu.heatpump:124]:   B3=0x7F  pwr=1 mode=7 fan=7 err=0
[13:17:54][D][fujitsu.heatpump:128]:   B4=0xFF  temp_raw=127 (->143°C) eco=1
[13:17:54][D][fujitsu.heatpump:131]:   B5=0xF7  magic=15 swing=1 step=1
[13:17:54][D][fujitsu.heatpump:133]:   B6=0xE9  room=52°C ctrl_present=1
[13:17:54][W][fujitsu.heatpump:148]: Target temp raw=127 out of range (byte4=0xFF) — keeping nan°C
[13:17:54][W][fujitsu.heatpump:158]: Room temp 52.0°C out of range (byte6=0xE9) — keeping nan°C
[13:17:54][I][fujitsu.heatpump:164]: State: pwr=ON mode=7 temp=nan°C room=nan°C fan=7
[13:17:54][D][fujitsu.climate:175]: State updated - Mode: 6, Target: nan°C, Current: nan°C
[13:17:54][I][fujitsu.heatpump:071]: CTRL  frame: CE FF FF 5F FF F7 E9 4B
[13:17:54][I][fujitsu.heatpump:075]:   CTRL B1=0xFF B2=0xFF B3=0x5F B4=0xFF B5=0xF7 B6=0xE9
[13:17:54][D][fujitsu.climate:175]: State updated - Mode: 6, Target: nan°C, Current: nan°C
[13:17:54][W][component:239]: Component fujitsu_climate.climate took a long time for an operation (99 ms).
[13:17:54][W][component:240]: Components should block for at most 30 ms.
[13:17:55][D][status_led:050]: 'Status LED': Setting state OFF
[13:17:55][D][fujitsu.heatpump:067]: UNIT  frame: FE DF DF 7F FF F7 E9 6B
[13:17:55][D][fujitsu.heatpump:108]: RAW [0xDF->0xDF]: FE DF DF 7F FF F7 E9 6B
[13:17:55][D][fujitsu.heatpump:124]:   B3=0x7F  pwr=1 mode=7 fan=7 err=0
[13:17:55][D][fujitsu.heatpump:128]:   B4=0xFF  temp_raw=127 (->143°C) eco=1
[13:17:55][D][fujitsu.heatpump:131]:   B5=0xF7  magic=15 swing=1 step=1
[13:17:55][D][fujitsu.heatpump:133]:   B6=0xE9  room=52°C ctrl_present=1
[13:17:55][W][fujitsu.heatpump:148]: Target temp raw=127 out of range (byte4=0xFF) — keeping nan°C
[13:17:55][W][fujitsu.heatpump:158]: Room temp 52.0°C out of range (byte6=0xE9) — keeping nan°C
[13:17:55][I][fujitsu.heatpump:164]: State: pwr=ON mode=7 temp=nan°C room=nan°C fan=7
[13:17:55][D][fujitsu.climate:175]: State updated - Mode: 6, Target: nan°C, Current: nan°C
[13:17:55][I][fujitsu.heatpump:071]: CTRL  frame: CE FF FF 5F FF F7 E9 4B
[13:17:55][I][fujitsu.heatpump:075]:   CTRL B1=0xFF B2=0xFF B3=0x5F B4=0xFF B5=0xF7 B6=0xE9
[13:17:55][D][fujitsu.climate:175]: State updated - Mode: 6, Target: nan°C, Current: nan°C
[13:17:55][W][component:239]: Component fujitsu_climate.climate took a long time for an operation (91 ms).
[13:17:55][W][component:240]: Components should block for at most 30 ms.
[13:17:55][D][fujitsu.heatpump:067]: UNIT  frame: FE DF DF 7F FF F7 E9 6B
[13:17:55][D][fujitsu.heatpump:108]: RAW [0xDF->0xDF]: FE DF DF 7F FF F7 E9 6B
[13:17:55][D][fujitsu.heatpump:124]:   B3=0x7F  pwr=1 mode=7 fan=7 err=0
[13:17:55][D][fujitsu.heatpump:128]:   B4=0xFF  temp_raw=127 (->143°C) eco=1
[13:17:55][D][fujitsu.heatpump:131]:   B5=0xF7  magic=15 swing=1 step=1
[13:17:55][D][fujitsu.heatpump:133]:   B6=0xE9  room=52°C ctrl_present=1
[13:17:55][W][fujitsu.heatpump:148]: Target temp raw=127 out of range (byte4=0xFF) — keeping nan°C
[13:17:55][W][fujitsu.heatpump:158]: Room temp 52.0°C out of range (byte6=0xE9) — keeping nan°C
[13:17:55][I][fujitsu.heatpump:164]: State: pwr=ON mode=7 temp=nan°C room=nan°C fan=7
[13:17:55][D][fujitsu.climate:175]: State updated - Mode: 6, Target: nan°C, Current: nan°C
[13:17:55][I][fujitsu.heatpump:071]: CTRL  frame: CE FF FF 5F FF F7 E9 4B
[13:17:55][I][fujitsu.heatpump:075]:   CTRL B1=0xFF B2=0xFF B3=0x5F B4=0xFF B5=0xF7 B6=0xE9
[13:17:55][D][fujitsu.climate:175]: State updated - Mode: 6, Target: nan°C, Current: nan°C
[13:17:55][W][component:239]: Component fujitsu_climate.climate took a long time for an operation (99 ms).
[13:17:55][W][component:240]: Components should block for at most 30 ms.
[13:17:55][D][climate:396]: 'Fujitsu Heat Pump' - Sending state:
[13:17:55][D][climate:399]:   Mode: AUTO
[13:17:55][D][climate:401]:   Action: IDLE
[13:17:55][D][climate:404]:   Fan Mode: AUTO
[13:17:55][D][climate:419]:   Current Temperature: nan°C
[13:17:55][D][climate:425]:   Target Temperature: nan°C
[13:17:55][D][fujitsu.heatpump:067]: UNIT  frame: FE DF DF 7F FF F7 E9 6B
[13:17:55][D][fujitsu.heatpump:108]: RAW [0xDF->0xDF]: FE DF DF 7F FF F7 E9 6B
[13:17:55][D][fujitsu.heatpump:124]:   B3=0x7F  pwr=1 mode=7 fan=7 err=0
[13:17:55][D][fujitsu.heatpump:128]:   B4=0xFF  temp_raw=127 (->143°C) eco=1
[13:17:55][D][fujitsu.heatpump:131]:   B5=0xF7  magic=15 swing=1 step=1
[13:17:55][D][fujitsu.heatpump:133]:   B6=0xE9  room=52°C ctrl_present=1
[13:17:55][W][fujitsu.heatpump:148]: Target temp raw=127 out of range (byte4=0xFF) — keeping nan°C
[13:17:55][W][fujitsu.heatpump:158]: Room temp 52.0°C out of range (byte6=0xE9) — keeping nan°C
[13:17:55][I][fujitsu.heatpump:164]: State: pwr=ON mode=7 temp=nan°C room=nan°C fan=7
[13:17:55][D][fujitsu.climate:175]: State updated - Mode: 6, Target: nan°C, Current: nan°C
[13:17:55][I][fujitsu.heatpump:071]: CTRL  frame: CE FF FF 5F FF F7 E9 4B
[13:17:55][I][fujitsu.heatpump:075]:   CTRL B1=0xFF B2=0xFF B3=0x5F B4=0xFF B5=0xF7 B6=0xE9
[13:17:55][D][fujitsu.climate:175]: State updated - Mode: 6, Target: nan°C, Current: nan°C
[13:17:55][W][component:239]: Component fujitsu_climate.climate took a long time for an operation (96 ms).
[13:17:55][W][component:240]: Components should block for at most 30 ms.
[13:17:55][D][fujitsu.heatpump:067]: UNIT  frame: FE DF DF 7F FF F7 E9 6B
[13:17:55][D][fujitsu.heatpump:108]: RAW [0xDF->0xDF]: FE DF DF 7F FF F7 E9 6B
[13:17:55][D][fujitsu.heatpump:124]:   B3=0x7F  pwr=1 mode=7 fan=7 err=0
[13:17:55][D][fujitsu.heatpump:128]:   B4=0xFF  temp_raw=127 (->143°C) eco=1
[13:17:55][D][fujitsu.heatpump:131]:   B5=0xF7  magic=15 swing=1 step=1
[13:17:55][D][fujitsu.heatpump:133]:   B6=0xE9  room=52°C ctrl_present=1
[13:17:55][W][fujitsu.heatpump:148]: Target temp raw=127 out of range (byte4=0xFF) — keeping nan°C
[13:17:55][W][fujitsu.heatpump:158]: Room temp 52.0°C out of range (byte6=0xE9) — keeping nan°C
[13:17:55][I][fujitsu.heatpump:164]: State: pwr=ON mode=7 temp=nan°C room=nan°C fan=7
[13:17:55][D][fujitsu.climate:175]: State updated - Mode: 6, Target: nan°C, Current: nan°C
[13:17:55][I][fujitsu.heatpump:071]: CTRL  frame: CE FF FF 5F FF F7 E9 4B
[13:17:55][I][fujitsu.heatpump:075]:   CTRL B1=0xFF B2=0xFF B3=0x5F B4=0xFF B5=0xF7 B6=0xE9
[13:17:55][D][fujitsu.climate:175]: State updated - Mode: 6, Target: nan°C, Current: nan°C
[13:17:55][W][component:239]: Component fujitsu_climate.climate took a long time for an operation (99 ms).
[13:17:55][W][component:240]: Components should block for at most 30 ms.
[13:17:55][D][status_led:050]: 'Status LED': Setting state ON
[13:17:55][D][climate:396]: 'Fujitsu Heat Pump' - Sending state:
[13:17:55][D][climate:399]:   Mode: AUTO
[13:17:55][D][climate:401]:   Action: IDLE
[13:17:55][D][climate:404]:   Fan Mode: AUTO
[13:17:55][D][climate:419]:   Current Temperature: nan°C
[13:17:55][D][climate:425]:   Target Temperature: nan°C
[13:17:55][D][fujitsu.heatpump:067]: UNIT  frame: FE DF DF 7F FF F7 E9 6B
[13:17:55][D][fujitsu.heatpump:108]: RAW [0xDF->0xDF]: FE DF DF 7F FF F7 E9 6B
[13:17:55][D][fujitsu.heatpump:124]:   B3=0x7F  pwr=1 mode=7 fan=7 err=0
[13:17:55][D][fujitsu.heatpump:128]:   B4=0xFF  temp_raw=127 (->143°C) eco=1
[13:17:55][D][fujitsu.heatpump:131]:   B5=0xF7  magic=15 swing=1 step=1
[13:17:55][D][fujitsu.heatpump:133]:   B6=0xE9  room=52°C ctrl_present=1
[13:17:55][W][fujitsu.heatpump:148]: Target temp raw=127 out of range (byte4=0xFF) — keeping nan°C
[13:17:55][W][fujitsu.heatpump:158]: Room temp 52.0°C out of range (byte6=0xE9) — keeping nan°C
[13:17:55][I][fujitsu.heatpump:164]: State: pwr=ON mode=7 temp=nan°C room=nan°C fan=7
[13:17:55][D][fujitsu.climate:175]: State updated - Mode: 6, Target: nan°C, Current: nan°C
[13:17:55][I][fujitsu.heatpump:071]: CTRL  frame: CE FF FF 5F FF F7 E9 4B
[13:17:55][I][fujitsu.heatpump:075]:   CTRL B1=0xFF B2=0xFF B3=0x5F B4=0xFF B5=0xF7 B6=0xE9
[13:17:55][D][fujitsu.climate:175]: State updated - Mode: 6, Target: nan°C, Current: nan°C
[13:17:55][W][component:239]: Component fujitsu_climate.climate took a long time for an operation (103 ms).
[13:17:55][W][component:240]: Components should block for at most 30 ms.
[13:17:55][D][status_led:050]: 'Status LED': Setting state OFF
[13:17:55][D][fujitsu.heatpump:067]: UNIT  frame: FE DF DF 7F FF F7 E9 6B
[13:17:55][D][fujitsu.heatpump:108]: RAW [0xDF->0xDF]: FE DF DF 7F FF F7 E9 6B
[13:17:55][D][fujitsu.heatpump:124]:   B3=0x7F  pwr=1 mode=7 fan=7 err=0
[13:17:55][D][fujitsu.heatpump:128]:   B4=0xFF  temp_raw=127 (->143°C) eco=1
[13:17:55][D][fujitsu.heatpump:131]:   B5=0xF7  magic=15 swing=1 step=1
[13:17:55][D][fujitsu.heatpump:133]:   B6=0xE9  room=52°C ctrl_present=1
[13:17:55][W][fujitsu.heatpump:148]: Target temp raw=127 out of range (byte4=0xFF) — keeping nan°C
[13:17:55][W][fujitsu.heatpump:158]: Room temp 52.0°C out of range (byte6=0xE9) — keeping nan°C
[13:17:55][I][fujitsu.heatpump:164]: State: pwr=ON mode=7 temp=nan°C room=nan°C fan=7
[13:17:55][D][fujitsu.climate:175]: State updated - Mode: 6, Target: nan°C, Current: nan°C
[13:17:55][I][fujitsu.heatpump:071]: CTRL  frame: CE FF FF 5F FF F7 E9 4B
[13:17:55][I][fujitsu.heatpump:075]:   CTRL B1=0xFF B2=0xFF B3=0x5F B4=0xFF B5=0xF7 B6=0xE9
[13:17:55][D][fujitsu.climate:175]: State updated - Mode: 6, Target: nan°C, Current: nan°C
[13:17:55][D][fujitsu.heatpump:067]: UNIT  frame: FE DF DF 7F FF F7 E9 6B
[13:17:55][D][fujitsu.heatpump:108]: RAW [0xDF->0xDF]: FE DF DF 7F FF F7 E9 6B
[13:17:55][D][fujitsu.heatpump:124]:   B3=0x7F  pwr=1 mode=7 fan=7 err=0
[13:17:55][D][fujitsu.heatpump:128]:   B4=0xFF  temp_raw=127 (->143°C) eco=1
[13:17:55][D][fujitsu.heatpump:131]:   B5=0xF7  magic=15 swing=1 step=1
[13:17:55][D][fujitsu.heatpump:133]:   B6=0xE9  room=52°C ctrl_present=1
[13:17:55][W][fujitsu.heatpump:148]: Target temp raw=127 out of range (byte4=0xFF) — keeping nan°C
[13:17:55][W][fujitsu.heatpump:158]: Room temp 52.0°C out of range (byte6=0xE9) — keeping nan°C
[13:17:55][I][fujitsu.heatpump:164]: State: pwr=ON mode=7 temp=nan°C room=nan°C fan=7
[13:17:55][D][fujitsu.climate:175]: State updated - Mode: 6, Target: nan°C, Current: nan°C
[13:17:55][I][fujitsu.heatpump:071]: CTRL  frame: CE FF FF 5F FF F7 E9 4B
[13:17:55][I][fujitsu.heatpump:075]:   CTRL B1=0xFF B2=0xFF B3=0x5F B4=0xFF B5=0xF7 B6=0xE9
[13:17:55][D][fujitsu.climate:175]: State updated - Mode: 6, Target: nan°C, Current: nan°C
[13:17:55][W][component:239]: Component fujitsu_climate.climate took a long time for an operation (197 ms).
[13:17:55][W][component:240]: Components should block for at most 30 ms.
[13:17:55][D][climate:396]: 'Fujitsu Heat Pump' - Sending state:
[13:17:55][D][climate:399]:   Mode: AUTO
[13:17:55][D][climate:401]:   Action: IDLE
[13:17:55][D][climate:404]:   Fan Mode: AUTO
[13:17:55][D][climate:419]:   Current Temperature: nan°C
[13:17:55][D][climate:425]:   Target Temperature: nan°C
[13:17:56][D][status_led:050]: 'Status LED': Setting state ON
[13:17:56][D][fujitsu.heatpump:067]: UNIT  frame: FE DF DF 7F FF F7 E9 6B
[13:17:56][D][fujitsu.heatpump:108]: RAW [0xDF->0xDF]: FE DF DF 7F FF F7 E9 6B
[13:17:56][D][fujitsu.heatpump:124]:   B3=0x7F  pwr=1 mode=7 fan=7 err=0
[13:17:56][D][fujitsu.heatpump:128]:   B4=0xFF  temp_raw=127 (->143°C) eco=1
[13:17:56][D][fujitsu.heatpump:131]:   B5=0xF7  magic=15 swing=1 step=1
[13:17:56][D][fujitsu.heatpump:133]:   B6=0xE9  room=52°C ctrl_present=1
[13:17:56][W][fujitsu.heatpump:148]: Target temp raw=127 out of range (byte4=0xFF) — keeping nan°C
[13:17:56][W][fujitsu.heatpump:158]: Room temp 52.0°C out of range (byte6=0xE9) — keeping nan°C
[13:17:56][I][fujitsu.heatpump:164]: State: pwr=ON mode=7 temp=nan°C room=nan°C fan=7
[13:17:56][D][fujitsu.climate:175]: State updated - Mode: 6, Target: nan°C, Current: nan°C
[13:17:56][I][fujitsu.heatpump:071]: CTRL  frame: CE FF FF 5F FF F7 E9 4B
[13:17:56][I][fujitsu.heatpump:075]:   CTRL B1=0xFF B2=0xFF B3=0x5F B4=0xFF B5=0xF7 B6=0xE9
[13:17:56][D][fujitsu.climate:175]: State updated - Mode: 6, Target: nan°C, Current: nan°C
[13:17:56][D][fujitsu.heatpump:067]: UNIT  frame: FE DF DF 7F FF F7 E9 6B
[13:17:56][D][fujitsu.heatpump:108]: RAW [0xDF->0xDF]: FE DF DF 7F FF F7 E9 6B
[13:17:56][D][fujitsu.heatpump:124]:   B3=0x7F  pwr=1 mode=7 fan=7 err=0
[13:17:56][D][fujitsu.heatpump:128]:   B4=0xFF  temp_raw=127 (->143°C) eco=1
[13:17:56][D][fujitsu.heatpump:131]:   B5=0xF7  magic=15 swing=1 step=1
[13:17:56][D][fujitsu.heatpump:133]:   B6=0xE9  room=52°C ctrl_present=1
[13:17:56][W][fujitsu.heatpump:148]: Target temp raw=127 out of range (byte4=0xFF) — keeping nan°C
[13:17:56][W][fujitsu.heatpump:158]: Room temp 52.0°C out of range (byte6=0xE9) — keeping nan°C
[13:17:56][I][fujitsu.heatpump:164]: State: pwr=ON mode=7 temp=nan°C room=nan°C fan=7
[13:17:56][D][fujitsu.climate:175]: State updated - Mode: 6, Target: nan°C, Current: nan°C
[13:17:56][I][fujitsu.heatpump:071]: CTRL  frame: CE FF FF 5F FF F7 E9 4B
[13:17:56][I][fujitsu.heatpump:075]:   CTRL B1=0xFF B2=0xFF B3=0x5F B4=0xFF B5=0xF7 B6=0xE9
[13:17:56][D][fujitsu.climate:175]: State updated - Mode: 6, Target: nan°C, Current: nan°C
[13:17:56][W][component:239]: Component fujitsu_climate.climate took a long time for an operation (193 ms).
[13:17:56][W][component:240]: Components should block for at most 30 ms.
[13:17:56][D][climate:396]: 'Fujitsu Heat Pump' - Sending state:
[13:17:56][D][climate:399]:   Mode: AUTO
[13:17:56][D][climate:401]:   Action: IDLE
[13:17:56][D][climate:404]:   Fan Mode: AUTO
[13:17:56][D][climate:419]:   Current Temperature: nan°C
[13:17:56][D][climate:425]:   Target Temperature: nan°C
[13:17:56][D][fujitsu.heatpump:067]: UNIT  frame: FE DF DF 7F FF F7 E9 6B
[13:17:56][D][fujitsu.heatpump:108]: RAW [0xDF->0xDF]: FE DF DF 7F FF F7 E9 6B
[13:17:56][D][fujitsu.heatpump:124]:   B3=0x7F  pwr=1 mode=7 fan=7 err=0
[13:17:56][D][fujitsu.heatpump:128]:   B4=0xFF  temp_raw=127 (->143°C) eco=1
[13:17:56][D][fujitsu.heatpump:131]:   B5=0xF7  magic=15 swing=1 step=1
[13:17:56][D][fujitsu.heatpump:133]:   B6=0xE9  room=52°C ctrl_present=1
[13:17:56][W][fujitsu.heatpump:148]: Target temp raw=127 out of range (byte4=0xFF) — keeping nan°C
[13:17:56][W][fujitsu.heatpump:158]: Room temp 52.0°C out of range (byte6=0xE9) — keeping nan°C
[13:17:56][I][fujitsu.heatpump:164]: State: pwr=ON mode=7 temp=nan°C room=nan°C fan=7
[13:17:56][D][fujitsu.climate:175]: State updated - Mode: 6, Target: nan°C, Current: nan°C
[13:17:56][I][fujitsu.heatpump:071]: CTRL  frame: CE FF FF 5F FF F7 E9 4B
[13:17:56][I][fujitsu.heatpump:075]:   CTRL B1=0xFF B2=0xFF B3=0x5F B4=0xFF B5=0xF7 B6=0xE9
[13:17:56][D][fujitsu.climate:175]: State updated - Mode: 6, Target: nan°C, Current: nan°C
[13:17:56][W][component:239]: Component fujitsu_climate.climate took a long time for an operation (92 ms).
[13:17:56][W][component:240]: Components should block for at most 30 ms.
[13:17:56][D][status_led:050]: 'Status LED': Setting state OFF
[13:17:57][D][fujitsu.heatpump:067]: UNIT  frame: FE DF DF 7F FF F7 E9 6B
[13:17:57][D][fujitsu.heatpump:108]: RAW [0xDF->0xDF]: FE DF DF 7F FF F7 E9 6B
[13:17:57][D][fujitsu.heatpump:124]:   B3=0x7F  pwr=1 mode=7 fan=7 err=0
[13:17:57][D][fujitsu.heatpump:128]:   B4=0xFF  temp_raw=127 (->143°C) eco=1
[13:17:57][D][fujitsu.heatpump:131]:   B5=0xF7  magic=15 swing=1 step=1
[13:17:57][D][fujitsu.heatpump:133]:   B6=0xE9  room=52°C ctrl_present=1
[13:17:57][W][fujitsu.heatpump:148]: Target temp raw=127 out of range (byte4=0xFF) — keeping nan°C
[13:17:57][W][fujitsu.heatpump:158]: Room temp 52.0°C out of range (byte6=0xE9) — keeping nan°C
[13:17:57][I][fujitsu.heatpump:164]: State: pwr=ON mode=7 temp=nan°C room=nan°C fan=7
[13:17:57][D][fujitsu.climate:175]: State updated - Mode: 6, Target: nan°C, Current: nan°C
[13:17:57][I][fujitsu.heatpump:071]: CTRL  frame: CE FF FF 5F FF F7 E9 4B
[13:17:57][I][fujitsu.heatpump:075]:   CTRL B1=0xFF B2=0xFF B3=0x5F B4=0xFF B5=0xF7 B6=0xE9
[13:17:57][D][fujitsu.climate:175]: State updated - Mode: 6, Target: nan°C, Current: nan°C
[13:17:57][W][component:239]: Component fujitsu_climate.climate took a long time for an operation (89 ms).
[13:17:57][W][component:240]: Components should block for at most 30 ms.
[13:17:57][D][fujitsu.heatpump:067]: UNIT  frame: FE DF DF 7F FF F7 E9 6B
[13:17:57][D][fujitsu.heatpump:108]: RAW [0xDF->0xDF]: FE DF DF 7F FF F7 E9 6B
[13:17:57][D][fujitsu.heatpump:124]:   B3=0x7F  pwr=1 mode=7 fan=7 err=0
[13:17:57][D][fujitsu.heatpump:128]:   B4=0xFF  temp_raw=127 (->143°C) eco=1
[13:17:57][D][fujitsu.heatpump:131]:   B5=0xF7  magic=15 swing=1 step=1
[13:17:57][D][fujitsu.heatpump:133]:   B6=0xE9  room=52°C ctrl_present=1
[13:17:57][W][fujitsu.heatpump:148]: Target temp raw=127 out of range (byte4=0xFF) — keeping nan°C
[13:17:57][W][fujitsu.heatpump:158]: Room temp 52.0°C out of range (byte6=0xE9) — keeping nan°C
[13:17:57][I][fujitsu.heatpump:164]: State: pwr=ON mode=7 temp=nan°C room=nan°C fan=7
[13:17:57][D][fujitsu.climate:175]: State updated - Mode: 6, Target: nan°C, Current: nan°C
[13:17:57][I][fujitsu.heatpump:071]: CTRL  frame: CE FF FF 5F FF F7 E9 4B
[13:17:57][I][fujitsu.heatpump:075]:   CTRL B1=0xFF B2=0xFF B3=0x5F B4=0xFF B5=0xF7 B6=0xE9
[13:17:57][D][fujitsu.climate:175]: State updated - Mode: 6, Target: nan°C, Current: nan°C
[13:17:57][W][component:239]: Component fujitsu_climate.climate took a long time for an operation (90 ms).
[13:17:57][W][component:240]: Components should block for at most 30 ms.
[13:17:57][D][climate:396]: 'Fujitsu Heat Pump' - Sending state:
[13:17:57][D][climate:399]:   Mode: AUTO
[13:17:57][D][climate:401]:   Action: IDLE
[13:17:57][D][climate:404]:   Fan Mode: AUTO
[13:17:57][D][climate:419]:   Current Temperature: nan°C
[13:17:57][D][climate:425]:   Target Temperature: nan°C
[13:17:58][D][fujitsu.heatpump:067]: UNIT  frame: FE DF DF 7F FF F7 E9 6B
[13:17:58][D][fujitsu.heatpump:108]: RAW [0xDF->0xDF]: FE DF DF 7F FF F7 E9 6B
[13:17:58][D][fujitsu.heatpump:124]:   B3=0x7F  pwr=1 mode=7 fan=7 err=0
[13:17:58][D][fujitsu.heatpump:128]:   B4=0xFF  temp_raw=127 (->143°C) eco=1
[13:17:58][D][fujitsu.heatpump:131]:   B5=0xF7  magic=15 swing=1 step=1
[13:17:58][D][fujitsu.heatpump:133]:   B6=0xE9  room=52°C ctrl_present=1
[13:17:58][W][fujitsu.heatpump:148]: Target temp raw=127 out of range (byte4=0xFF) — keeping nan°C
[13:17:58][W][fujitsu.heatpump:158]: Room temp 52.0°C out of range (byte6=0xE9) — keeping nan°C
[13:17:58][I][fujitsu.heatpump:164]: State: pwr=ON mode=7 temp=nan°C room=nan°C fan=7
[13:17:58][D][fujitsu.climate:175]: State updated - Mode: 6, Target: nan°C, Current: nan°C
[13:17:58][I][fujitsu.heatpump:071]: CTRL  frame: CE FF FF 5F FF F7 E9 4B
[13:17:58][I][fujitsu.heatpump:075]:   CTRL B1=0xFF B2=0xFF B3=0x5F B4=0xFF B5=0xF7 B6=0xE9
[13:17:58][D][fujitsu.climate:175]: State updated - Mode: 6, Target: nan°C, Current: nan°C
[13:17:58][W][component:239]: Component fujitsu_climate.climate took a long time for an operation (91 ms).
[13:17:58][W][component:240]: Components should block for at most 30 ms.
[13:17:58][D][status_led:050]: 'Status LED': Setting state ON
[13:17:58][D][fujitsu.heatpump:067]: UNIT  frame: FE DF DF 7F FF F7 E9 6B
[13:17:58][D][fujitsu.heatpump:108]: RAW [0xDF->0xDF]: FE DF DF 7F FF F7 E9 6B
[13:17:58][D][fujitsu.heatpump:124]:   B3=0x7F  pwr=1 mode=7 fan=7 err=0
[13:17:58][D][fujitsu.heatpump:128]:   B4=0xFF  temp_raw=127 (->143°C) eco=1
[13:17:58][D][fujitsu.heatpump:131]:   B5=0xF7  magic=15 swing=1 step=1
[13:17:58][D][fujitsu.heatpump:133]:   B6=0xE9  room=52°C ctrl_present=1
[13:17:58][W][fujitsu.heatpump:148]: Target temp raw=127 out of range (byte4=0xFF) — keeping nan°C
[13:17:58][W][fujitsu.heatpump:158]: Room temp 52.0°C out of range (byte6=0xE9) — keeping nan°C
[13:17:58][I][fujitsu.heatpump:164]: State: pwr=ON mode=7 temp=nan°C room=nan°C fan=7
[13:17:58][D][fujitsu.climate:175]: State updated - Mode: 6, Target: nan°C, Current: nan°C
[13:17:58][I][fujitsu.heatpump:071]: CTRL  frame: CE FF FF 5F FF F7 E9 4B
[13:17:58][I][fujitsu.heatpump:075]:   CTRL B1=0xFF B2=0xFF B3=0x5F B4=0xFF B5=0xF7 B6=0xE9
[13:17:58][D][fujitsu.climate:175]: State updated - Mode: 6, Target: nan°C, Current: nan°C
[13:17:58][W][component:239]: Component fujitsu_climate.climate took a long time for an operation (96 ms).
[13:17:58][W][component:240]: Components should block for at most 30 ms.
[13:17:58][D][climate:396]: 'Fujitsu Heat Pump' - Sending state:
[13:17:58][D][climate:399]:   Mode: AUTO
[13:17:58][D][climate:401]:   Action: IDLE
[13:17:58][D][climate:404]:   Fan Mode: AUTO
[13:17:58][D][climate:419]:   Current Temperature: nan°C
[13:17:58][D][climate:425]:   Target Temperature: nan°C
[13:17:58][D][status_led:050]: 'Status LED': Setting state OFF
[13:17:58][D][fujitsu.heatpump:067]: UNIT  frame: FE DF DF 7F FF F7 E9 6B
[13:17:58][D][fujitsu.heatpump:108]: RAW [0xDF->0xDF]: FE DF DF 7F FF F7 E9 6B
[13:17:58][D][fujitsu.heatpump:124]:   B3=0x7F  pwr=1 mode=7 fan=7 err=0
[13:17:58][D][fujitsu.heatpump:128]:   B4=0xFF  temp_raw=127 (->143°C) eco=1
[13:17:58][D][fujitsu.heatpump:131]:   B5=0xF7  magic=15 swing=1 step=1
[13:17:58][D][fujitsu.heatpump:133]:   B6=0xE9  room=52°C ctrl_present=1
[13:17:58][W][fujitsu.heatpump:148]: Target temp raw=127 out of range (byte4=0xFF) — keeping nan°C
[13:17:58][W][fujitsu.heatpump:158]: Room temp 52.0°C out of range (byte6=0xE9) — keeping nan°C
[13:17:58][I][fujitsu.heatpump:164]: State: pwr=ON mode=7 temp=nan°C room=nan°C fan=7
[13:17:58][D][fujitsu.climate:175]: State updated - Mode: 6, Target: nan°C, Current: nan°C
[13:17:58][I][fujitsu.heatpump:071]: CTRL  frame: CE FF FF 5F FF F7 E9 4B
[13:17:58][I][fujitsu.heatpump:075]:   CTRL B1=0xFF B2=0xFF B3=0x5F B4=0xFF B5=0xF7 B6=0xE9
[13:17:58][D][fujitsu.climate:175]: State updated - Mode: 6, Target: nan°C, Current: nan°C
[13:17:58][W][component:239]: Component fujitsu_climate.climate took a long time for an operation (99 ms).
[13:17:58][W][component:240]: Components should block for at most 30 ms.
[13:18:03][D][fujitsu.heatpump:067]: UNIT  frame: FE DF DF 7F FF F7 E9 6B
[13:18:03][D][fujitsu.heatpump:108]: RAW [0xDF->0xDF]: FE DF DF 7F FF F7 E9 6B
[13:18:03][D][fujitsu.heatpump:124]:   B3=0x7F  pwr=1 mode=7 fan=7 err=0
[13:18:03][D][fujitsu.heatpump:128]:   B4=0xFF  temp_raw=127 (->143°C) eco=1
[13:18:03][D][fujitsu.heatpump:131]:   B5=0xF7  magic=15 swing=1 step=1
[13:18:03][D][fujitsu.heatpump:133]:   B6=0xE9  room=52°C ctrl_present=1
[13:18:03][W][fujitsu.heatpump:148]: Target temp raw=127 out of range (byte4=0xFF) — keeping nan°C
[13:18:03][W][fujitsu.heatpump:158]: Room temp 52.0°C out of range (byte6=0xE9) — keeping nan°C
[13:18:03][I][fujitsu.heatpump:164]: State: pwr=ON mode=7 temp=nan°C room=nan°C fan=7
[13:18:03][D][fujitsu.climate:175]: State updated - Mode: 6, Target: nan°C, Current: nan°C
[13:18:03][I][fujitsu.heatpump:071]: CTRL  frame: CE FF FF 5F FF F7 E9 4B
[13:18:03][I][fujitsu.heatpump:075]:   CTRL B1=0xFF B2=0xFF B3=0x5F B4=0xFF B5=0xF7 B6=0xE9
[13:18:03][D][fujitsu.climate:175]: State updated - Mode: 6, Target: nan°C, Current: nan°C
[13:18:03][W][component:239]: Component fujitsu_climate.climate took a long time for an operation (96 ms).
[13:18:03][W][component:240]: Components should block for at most 30 ms.
[13:18:03][D][climate:396]: 'Fujitsu Heat Pump' - Sending state:
[13:18:03][D][climate:399]:   Mode: AUTO
[13:18:03][D][climate:401]:   Action: IDLE
[13:18:03][D][climate:404]:   Fan Mode: AUTO
[13:18:03][D][climate:419]:   Current Temperature: nan°C
[13:18:03][D][climate:425]:   Target Temperature: nan°C
[13:18:03][D][fujitsu.heatpump:067]: UNIT  frame: FE DF DF 7F FF F7 E9 6B
[13:18:03][D][fujitsu.heatpump:108]: RAW [0xDF->0xDF]: FE DF DF 7F FF F7 E9 6B
[13:18:03][D][fujitsu.heatpump:124]:   B3=0x7F  pwr=1 mode=7 fan=7 err=0
[13:18:03][D][fujitsu.heatpump:128]:   B4=0xFF  temp_raw=127 (->143°C) eco=1
[13:18:03][D][fujitsu.heatpump:131]:   B5=0xF7  magic=15 swing=1 step=1
[13:18:03][D][fujitsu.heatpump:133]:   B6=0xE9  room=52°C ctrl_present=1
[13:18:03][W][fujitsu.heatpump:148]: Target temp raw=127 out of range (byte4=0xFF) — keeping nan°C
[13:18:03][W][fujitsu.heatpump:158]: Room temp 52.0°C out of range (byte6=0xE9) — keeping nan°C
[13:18:03][I][fujitsu.heatpump:164]: State: pwr=ON mode=7 temp=nan°C room=nan°C fan=7
[13:18:03][D][fujitsu.climate:175]: State updated - Mode: 6, Target: nan°C, Current: nan°C
[13:18:03][I][fujitsu.heatpump:071]: CTRL  frame: CE FF FF 5F FF F7 E9 4B
[13:18:03][I][fujitsu.heatpump:075]:   CTRL B1=0xFF B2=0xFF B3=0x5F B4=0xFF B5=0xF7 B6=0xE9
[13:18:03][D][fujitsu.climate:175]: State updated - Mode: 6, Target: nan°C, Current: nan°C
[13:18:03][W][component:239]: Component fujitsu_climate.climate took a long time for an operation (101 ms).
[13:18:03][W][component:240]: Components should block for at most 30 ms.
[13:18:03][D][fujitsu.heatpump:067]: UNIT  frame: FE DF DF 7F FF F7 E9 6B
[13:18:03][D][fujitsu.heatpump:108]: RAW [0xDF->0xDF]: FE DF DF 7F FF F7 E9 6B
[13:18:03][D][fujitsu.heatpump:124]:   B3=0x7F  pwr=1 mode=7 fan=7 err=0
[13:18:03][D][fujitsu.heatpump:128]:   B4=0xFF  temp_raw=127 (->143°C) eco=1
[13:18:03][D][fujitsu.heatpump:131]:   B5=0xF7  magic=15 swing=1 step=1
[13:18:03][D][fujitsu.heatpump:133]:   B6=0xE9  room=52°C ctrl_present=1
[13:18:03][W][fujitsu.heatpump:148]: Target temp raw=127 out of range (byte4=0xFF) — keeping nan°C
[13:18:03][W][fujitsu.heatpump:158]: Room temp 52.0°C out of range (byte6=0xE9) — keeping nan°C
[13:18:03][I][fujitsu.heatpump:164]: State: pwr=ON mode=7 temp=nan°C room=nan°C fan=7
[13:18:03][D][fujitsu.climate:175]: State updated - Mode: 6, Target: nan°C, Current: nan°C
[13:18:03][I][fujitsu.heatpump:071]: CTRL  frame: CE FF FF 5F FF F7 E9 4B
[13:18:03][I][fujitsu.heatpump:075]:   CTRL B1=0xFF B2=0xFF B3=0x5F B4=0xFF B5=0xF7 B6=0xE9
[13:18:03][D][fujitsu.climate:175]: State updated - Mode: 6, Target: nan°C, Current: nan°C
[13:18:03][W][component:239]: Component fujitsu_climate.climate took a long time for an operation (98 ms).
[13:18:03][W][component:240]: Components should block for at most 30 ms.
[13:18:03][D][status_led:050]: 'Status LED': Setting state ON
[13:18:03][D][fujitsu.heatpump:067]: UNIT  frame: FE DF DF 7F FF F7 E9 6B
[13:18:03][D][fujitsu.heatpump:108]: RAW [0xDF->0xDF]: FE DF DF 7F FF F7 E9 6B
[13:18:03][D][fujitsu.heatpump:124]:   B3=0x7F  pwr=1 mode=7 fan=7 err=0
[13:18:03][D][fujitsu.heatpump:128]:   B4=0xFF  temp_raw=127 (->143°C) eco=1
[13:18:03][D][fujitsu.heatpump:131]:   B5=0xF7  magic=15 swing=1 step=1
[13:18:03][D][fujitsu.heatpump:133]:   B6=0xE9  room=52°C ctrl_present=1
[13:18:03][W][fujitsu.heatpump:148]: Target temp raw=127 out of range (byte4=0xFF) — keeping nan°C
[13:18:03][W][fujitsu.heatpump:158]: Room temp 52.0°C out of range (byte6=0xE9) — keeping nan°C
[13:18:03][I][fujitsu.heatpump:164]: State: pwr=ON mode=7 temp=nan°C room=nan°C fan=7
[13:18:03][D][fujitsu.climate:175]: State updated - Mode: 6, Target: nan°C, Current: nan°C
[13:18:03][I][fujitsu.heatpump:071]: CTRL  frame: CE FF FF 5F FF F7 E9 4B
[13:18:03][I][fujitsu.heatpump:075]:   CTRL B1=0xFF B2=0xFF B3=0x5F B4=0xFF B5=0xF7 B6=0xE9
[13:18:03][D][fujitsu.climate:175]: State updated - Mode: 6, Target: nan°C, Current: nan°C
[13:18:03][W][component:239]: Component fujitsu_climate.climate took a long time for an operation (94 ms).
[13:18:03][W][component:240]: Components should block for at most 30 ms.
[13:18:03][D][climate:396]: 'Fujitsu Heat Pump' - Sending state:
[13:18:03][D][climate:399]:   Mode: AUTO
[13:18:03][D][climate:401]:   Action: IDLE
[13:18:03][D][climate:404]:   Fan Mode: AUTO
[13:18:03][D][climate:419]:   Current Temperature: nan°C
[13:18:03][D][climate:425]:   Target Temperature: nan°C
[13:18:03][D][status_led:050]: 'Status LED': Setting state OFF
[13:18:03][D][fujitsu.heatpump:067]: UNIT  frame: FE DF DF 7F FF F7 E9 6B
[13:18:03][D][fujitsu.heatpump:108]: RAW [0xDF->0xDF]: FE DF DF 7F FF F7 E9 6B
[13:18:03][D][fujitsu.heatpump:124]:   B3=0x7F  pwr=1 mode=7 fan=7 err=0
[13:18:03][D][fujitsu.heatpump:128]:   B4=0xFF  temp_raw=127 (->143°C) eco=1
[13:18:03][D][fujitsu.heatpump:131]:   B5=0xF7  magic=15 swing=1 step=1
[13:18:03][D][fujitsu.heatpump:133]:   B6=0xE9  room=52°C ctrl_present=1
[13:18:03][W][fujitsu.heatpump:148]: Target temp raw=127 out of range (byte4=0xFF) — keeping nan°C
[13:18:03][W][fujitsu.heatpump:158]: Room temp 52.0°C out of range (byte6=0xE9) — keeping nan°C
[13:18:03][I][fujitsu.heatpump:164]: State: pwr=ON mode=7 temp=nan°C room=nan°C fan=7
[13:18:03][D][fujitsu.climate:175]: State updated - Mode: 6, Target: nan°C, Current: nan°C
[13:18:03][I][fujitsu.heatpump:071]: CTRL  frame: CE FF FF 5F FF F7 E9 4B
[13:18:03][I][fujitsu.heatpump:075]:   CTRL B1=0xFF B2=0xFF B3=0x5F B4=0xFF B5=0xF7 B6=0xE9
[13:18:03][D][fujitsu.climate:175]: State updated - Mode: 6, Target: nan°C, Current: nan°C
[13:18:03][W][component:239]: Component fujitsu_climate.climate took a long time for an operation (93 ms).
[13:18:03][W][component:240]: Components should block for at most 30 ms.
[13:18:03][D][fujitsu.heatpump:067]: UNIT  frame: FE DF DF 7F FF F7 E9 6B
[13:18:03][D][fujitsu.heatpump:108]: RAW [0xDF->0xDF]: FE DF DF 7F FF F7 E9 6B
[13:18:03][D][fujitsu.heatpump:124]:   B3=0x7F  pwr=1 mode=7 fan=7 err=0
[13:18:03][D][fujitsu.heatpump:128]:   B4=0xFF  temp_raw=127 (->143°C) eco=1
[13:18:03][D][fujitsu.heatpump:131]:   B5=0xF7  magic=15 swing=1 step=1
[13:18:03][D][fujitsu.heatpump:133]:   B6=0xE9  room=52°C ctrl_present=1
[13:18:03][W][fujitsu.heatpump:148]: Target temp raw=127 out of range (byte4=0xFF) — keeping nan°C
[13:18:03][W][fujitsu.heatpump:158]: Room temp 52.0°C out of range (byte6=0xE9) — keeping nan°C
[13:18:03][I][fujitsu.heatpump:164]: State: pwr=ON mode=7 temp=nan°C room=nan°C fan=7
[13:18:03][D][fujitsu.climate:175]: State updated - Mode: 6, Target: nan°C, Current: nan°C
[13:18:03][I][fujitsu.heatpump:071]: CTRL  frame: CE FF FF 5F FF F7 E9 4B
[13:18:03][I][fujitsu.heatpump:075]:   CTRL B1=0xFF B2=0xFF B3=0x5F B4=0xFF B5=0xF7 B6=0xE9
[13:18:03][D][fujitsu.climate:175]: State updated - Mode: 6, Target: nan°C, Current: nan°C
[13:18:03][W][component:239]: Component fujitsu_climate.climate took a long time for an operation (98 ms).
[13:18:03][W][component:240]: Components should block for at most 30 ms.
[13:18:03][D][climate:396]: 'Fujitsu Heat Pump' - Sending state:
[13:18:03][D][climate:399]:   Mode: AUTO
[13:18:03][D][climate:401]:   Action: IDLE
[13:18:03][D][climate:404]:   Fan Mode: AUTO
[13:18:03][D][climate:419]:   Current Temperature: nan°C
[13:18:03][D][climate:425]:   Target Temperature: nan°C
[13:18:03][D][fujitsu.heatpump:067]: UNIT  frame: FE DF DF 7F FF F7 E9 6B
[13:18:03][D][fujitsu.heatpump:108]: RAW [0xDF->0xDF]: FE DF DF 7F FF F7 E9 6B
[13:18:03][D][fujitsu.heatpump:124]:   B3=0x7F  pwr=1 mode=7 fan=7 err=0
[13:18:03][D][fujitsu.heatpump:128]:   B4=0xFF  temp_raw=127 (->143°C) eco=1
[13:18:03][D][fujitsu.heatpump:131]:   B5=0xF7  magic=15 swing=1 step=1
[13:18:03][D][fujitsu.heatpump:133]:   B6=0xE9  room=52°C ctrl_present=1
[13:18:03][W][fujitsu.heatpump:148]: Target temp raw=127 out of range (byte4=0xFF) — keeping nan°C
[13:18:03][W][fujitsu.heatpump:158]: Room temp 52.0°C out of range (byte6=0xE9) — keeping nan°C
[13:18:03][I][fujitsu.heatpump:164]: State: pwr=ON mode=7 temp=nan°C room=nan°C fan=7
[13:18:03][D][fujitsu.climate:175]: State updated - Mode: 6, Target: nan°C, Current: nan°C
[13:18:03][I][fujitsu.heatpump:071]: CTRL  frame: CE FF FF 5F FF F7 E9 4B
[13:18:03][I][fujitsu.heatpump:075]:   CTRL B1=0xFF B2=0xFF B3=0x5F B4=0xFF B5=0xF7 B6=0xE9
[13:18:03][D][fujitsu.climate:175]: State updated - Mode: 6, Target: nan°C, Current: nan°C
[13:18:03][W][component:239]: Component fujitsu_climate.climate took a long time for an operation (91 ms).
[13:18:03][W][component:240]: Components should block for at most 30 ms.
[13:18:03][D][fujitsu.heatpump:067]: UNIT  frame: FE DF DF 7F FF F7 E9 6B
[13:18:03][D][fujitsu.heatpump:108]: RAW [0xDF->0xDF]: FE DF DF 7F FF F7 E9 6B
[13:18:03][D][fujitsu.heatpump:124]:   B3=0x7F  pwr=1 mode=7 fan=7 err=0
[13:18:03][D][fujitsu.heatpump:128]:   B4=0xFF  temp_raw=127 (->143°C) eco=1
[13:18:03][D][fujitsu.heatpump:131]:   B5=0xF7  magic=15 swing=1 step=1
[13:18:03][D][fujitsu.heatpump:133]:   B6=0xE9  room=52°C ctrl_present=1
[13:18:03][W][fujitsu.heatpump:148]: Target temp raw=127 out of range (byte4=0xFF) — keeping nan°C
[13:18:03][W][fujitsu.heatpump:158]: Room temp 52.0°C out of range (byte6=0xE9) — keeping nan°C
[13:18:03][I][fujitsu.heatpump:164]: State: pwr=ON mode=7 temp=nan°C room=nan°C fan=7
[13:18:03][D][fujitsu.climate:175]: State updated - Mode: 6, Target: nan°C, Current: nan°C
[13:18:03][I][fujitsu.heatpump:071]: CTRL  frame: CE FF FF 5F FF F7 E9 4B
[13:18:03][I][fujitsu.heatpump:075]:   CTRL B1=0xFF B2=0xFF B3=0x5F B4=0xFF B5=0xF7 B6=0xE9
[13:18:03][D][fujitsu.climate:175]: State updated - Mode: 6, Target: nan°C, Current: nan°C
[13:18:03][W][component:239]: Component fujitsu_climate.climate took a long time for an operation (90 ms).
[13:18:03][W][component:240]: Components should block for at most 30 ms.
[13:18:03][D][status_led:050]: 'Status LED': Setting state ON
[13:18:03][D][fujitsu.heatpump:067]: UNIT  frame: FE DF DF 7F FF F7 E9 6B
[13:18:03][D][fujitsu.heatpump:108]: RAW [0xDF->0xDF]: FE DF DF 7F FF F7 E9 6B
[13:18:03][D][fujitsu.heatpump:124]:   B3=0x7F  pwr=1 mode=7 fan=7 err=0
[13:18:03][D][fujitsu.heatpump:128]:   B4=0xFF  temp_raw=127 (->143°C) eco=1
[13:18:03][D][fujitsu.heatpump:131]:   B5=0xF7  magic=15 swing=1 step=1
[13:18:03][D][fujitsu.heatpump:133]:   B6=0xE9  room=52°C ctrl_present=1
[13:18:03][W][fujitsu.heatpump:148]: Target temp raw=127 out of range (byte4=0xFF) — keeping nan°C
[13:18:03][W][fujitsu.heatpump:158]: Room temp 52.0°C out of range (byte6=0xE9) — keeping nan°C
[13:18:03][I][fujitsu.heatpump:164]: State: pwr=ON mode=7 temp=nan°C room=nan°C fan=7
[13:18:03][D][fujitsu.climate:175]: State updated - Mode: 6, Target: nan°C, Current: nan°C
[13:18:03][I][fujitsu.heatpump:071]: CTRL  frame: CE FF FF 5F FF F7 E9 4B
[13:18:03][I][fujitsu.heatpump:075]:   CTRL B1=0xFF B2=0xFF B3=0x5F B4=0xFF B5=0xF7 B6=0xE9
[13:18:03][D][fujitsu.climate:175]: State updated - Mode: 6, Target: nan°C, Current: nan°C
[13:18:03][W][component:239]: Component fujitsu_climate.climate took a long time for an operation (91 ms).
[13:18:03][W][component:240]: Components should block for at most 30 ms.
[13:18:03][D][climate:396]: 'Fujitsu Heat Pump' - Sending state:
[13:18:03][D][climate:399]:   Mode: AUTO
[13:18:03][D][climate:401]:   Action: IDLE
[13:18:03][D][climate:404]:   Fan Mode: AUTO
[13:18:03][D][climate:419]:   Current Temperature: nan°C
[13:18:03][D][climate:425]:   Target Temperature: nan°C
[13:18:03][D][status_led:050]: 'Status LED': Setting state OFF
[13:18:04][D][climate:396]: 'Fujitsu Heat Pump' - Sending state:
[13:18:04][D][climate:399]:   Mode: AUTO
[13:18:04][D][climate:401]:   Action: IDLE
[13:18:04][D][climate:404]:   Fan Mode: AUTO
[13:18:04][D][climate:419]:   Current Temperature: nan°C
[13:18:04][D][climate:425]:   Target Temperature: nan°C
[13:18:04][D][fujitsu.heatpump:067]: UNIT  frame: FE DF DF 7F FF F7 E9 6B
[13:18:04][D][fujitsu.heatpump:108]: RAW [0xDF->0xDF]: FE DF DF 7F FF F7 E9 6B
[13:18:04][D][fujitsu.heatpump:124]:   B3=0x7F  pwr=1 mode=7 fan=7 err=0
[13:18:04][D][fujitsu.heatpump:128]:   B4=0xFF  temp_raw=127 (->143°C) eco=1
[13:18:04][D][fujitsu.heatpump:131]:   B5=0xF7  magic=15 swing=1 step=1
[13:18:04][D][fujitsu.heatpump:133]:   B6=0xE9  room=52°C ctrl_present=1
[13:18:04][W][fujitsu.heatpump:148]: Target temp raw=127 out of range (byte4=0xFF) — keeping nan°C
[13:18:04][W][fujitsu.heatpump:158]: Room temp 52.0°C out of range (byte6=0xE9) — keeping nan°C
[13:18:04][I][fujitsu.heatpump:164]: State: pwr=ON mode=7 temp=nan°C room=nan°C fan=7
[13:18:04][D][fujitsu.climate:175]: State updated - Mode: 6, Target: nan°C, Current: nan°C
[13:18:04][I][fujitsu.heatpump:071]: CTRL  frame: CE FF FF 5F FF F7 E9 4B
[13:18:04][I][fujitsu.heatpump:075]:   CTRL B1=0xFF B2=0xFF B3=0x5F B4=0xFF B5=0xF7 B6=0xE9
[13:18:04][D][fujitsu.climate:175]: State updated - Mode: 6, Target: nan°C, Current: nan°C
[13:18:04][D][fujitsu.heatpump:067]: UNIT  frame: FE DF DF 7F FF F7 E9 6B
[13:18:04][D][fujitsu.heatpump:108]: RAW [0xDF->0xDF]: FE DF DF 7F FF F7 E9 6B
[13:18:04][D][fujitsu.heatpump:124]:   B3=0x7F  pwr=1 mode=7 fan=7 err=0
[13:18:04][D][fujitsu.heatpump:128]:   B4=0xFF  temp_raw=127 (->143°C) eco=1
[13:18:04][D][fujitsu.heatpump:131]:   B5=0xF7  magic=15 swing=1 step=1
[13:18:04][D][fujitsu.heatpump:133]:   B6=0xE9  room=52°C ctrl_present=1
[13:18:04][D][status_led:050]: 'Status LED': Setting state ON
[13:18:04][D][climate:396]: 'Fujitsu Heat Pump' - Sending state:
[13:18:04][D][climate:399]:   Mode: AUTO
[13:18:04][D][climate:401]:   Action: IDLE
[13:18:04][D][climate:404]:   Fan Mode: AUTO
[13:18:04][D][climate:419]:   Current Temperature: nan°C
[13:18:04][D][climate:425]:   Target Temperature: nan°C
[13:18:04][D][fujitsu.heatpump:067]: UNIT  frame: FE DF DF 7F FF F7 E9 6B
[13:18:04][D][fujitsu.heatpump:108]: RAW [0xDF->0xDF]: FE DF DF 7F FF F7 E9 6B
[13:18:04][D][fujitsu.heatpump:124]:   B3=0x7F  pwr=1 mode=7 fan=7 err=0
[13:18:04][D][fujitsu.heatpump:128]:   B4=0xFF  temp_raw=127 (->143°C) eco=1
[13:18:04][D][fujitsu.heatpump:131]:   B5=0xF7  magic=15 swing=1 step=1
[13:18:04][D][fujitsu.heatpump:133]:   B6=0xE9  room=52°C ctrl_present=1
[13:18:04][W][fujitsu.heatpump:148]: Target temp raw=127 out of range (byte4=0xFF) — keeping nan°C
[13:18:04][W][fujitsu.heatpump:158]: Room temp 52.0°C out of range (byte6=0xE9) — keeping nan°C
[13:18:04][I][fujitsu.heatpump:071]: CTRL  frame: CE FF FF 5F FF F7 E9 4B
[13:18:04][I][fujitsu.heatpump:075]:   CTRL B1=0xFF B2=0xFF B3=0x5F B4=0xFF B5=0xF7 B6=0xE9
[13:18:04][D][fujitsu.climate:175]: State updated - Mode: 6, Target: nan°C, Current: nan°C
[13:18:04][W][fujitsu.heatpump:158]: Room temp 52.0°C out of range (byte6=0xE9) — keeping nan°C
[13:18:07][D][fujitsu.heatpump:067]: UNIT  frame: FE DF DF 7F FF F7 E9 6B
[13:18:07][D][fujitsu.heatpump:108]: RAW [0xDF->0xDF]: FE DF DF 7F FF F7 E9 6B
[13:18:07][D][fujitsu.heatpump:124]:   B3=0x7F  pwr=1 mode=7 fan=7 err=0
[13:18:07][D][fujitsu.heatpump:128]:   B4=0xFF  temp_raw=127 (->143°C) eco=1
[13:18:07][D][fujitsu.heatpump:131]:   B5=0xF7  magic=15 swing=1 step=1
[13:18:07][D][fujitsu.heatpump:133]:   B6=0xE9  room=52°C ctrl_present=1
[13:18:07][W][fujitsu.heatpump:148]: Target temp raw=127 out of range (byte4=0xFF) — keeping nan°C
[13:18:07][W][fujitsu.heatpump:158]: Room temp 52.0°C out of range (byte6=0xE9) — keeping nan°C
[13:18:07][I][fujitsu.heatpump:164]: State: pwr=ON mode=7 temp=nan°C room=nan°C fan=7
[13:18:07][D][fujitsu.climate:175]: State updated - Mode: 6, Target: nan°C, Current: nan°C
[13:18:07][I][fujitsu.heatpump:071]: CTRL  frame: CE FF FF 5F FF F7 E9 4B
[13:18:07][I][fujitsu.heatpump:075]:   CTRL B1=0xFF B2=0xFF B3=0x5F B4=0xFF B5=0xF7 B6=0xE9
[13:18:07][D][fujitsu.climate:175]: State updated - Mode: 6, Target: nan°C, Current: nan°C
[13:18:07][W][component:239]: Component fujitsu_climate.climate took a long time for an operation (97 ms).
[13:18:07][W][component:240]: Components should block for at most 30 ms.
[13:18:07][D][fujitsu.heatpump:067]: UNIT  frame: FE DF DF 7F FF F7 E9 6B
[13:18:07][D][fujitsu.heatpump:108]: RAW [0xDF->0xDF]: FE DF DF 7F FF F7 E9 6B
[13:18:07][D][fujitsu.heatpump:124]:   B3=0x7F  pwr=1 mode=7 fan=7 err=0
[13:18:07][D][fujitsu.heatpump:128]:   B4=0xFF  temp_raw=127 (->143°C) eco=1
[13:18:07][D][fujitsu.heatpump:131]:   B5=0xF7  magic=15 swing=1 step=1
[13:18:07][D][fujitsu.heatpump:133]:   B6=0xE9  room=52°C ctrl_present=1
[13:18:07][W][fujitsu.heatpump:148]: Target temp raw=127 out of range (byte4=0xFF) — keeping nan°C
[13:18:07][W][fujitsu.heatpump:158]: Room temp 52.0°C out of range (byte6=0xE9) — keeping nan°C
[13:18:07][I][fujitsu.heatpump:164]: State: pwr=ON mode=7 temp=nan°C room=nan°C fan=7
[13:18:07][D][fujitsu.climate:175]: State updated - Mode: 6, Target: nan°C, Current: nan°C
[13:18:07][I][fujitsu.heatpump:071]: CTRL  frame: CE FF FF 5F FF F7 E9 4B
[13:18:07][I][fujitsu.heatpump:075]:   CTRL B1=0xFF B2=0xFF B3=0x5F B4=0xFF B5=0xF7 B6=0xE9
[13:18:07][D][fujitsu.climate:175]: State updated - Mode: 6, Target: nan°C, Current: nan°C
[13:18:07][W][component:239]: Component fujitsu_climate.climate took a long time for an operation (96 ms).
[13:18:07][W][component:240]: Components should block for at most 30 ms.
[13:18:07][D][climate:396]: 'Fujitsu Heat Pump' - Sending state:
[13:18:07][D][climate:399]:   Mode: AUTO
[13:18:07][D][climate:401]:   Action: IDLE
[13:18:07][D][climate:404]:   Fan Mode: AUTO
[13:18:07][D][climate:419]:   Current Temperature: nan°C
[13:18:07][D][climate:425]:   Target Temperature: nan°C
[13:18:07][D][fujitsu.heatpump:067]: UNIT  frame: FE DF DF 7F FF F7 E9 6B
[13:18:07][D][fujitsu.heatpump:108]: RAW [0xDF->0xDF]: FE DF DF 7F FF F7 E9 6B
[13:18:07][D][fujitsu.heatpump:124]:   B3=0x7F  pwr=1 mode=7 fan=7 err=0
[13:18:07][D][fujitsu.heatpump:128]:   B4=0xFF  temp_raw=127 (->143°C) eco=1
[13:18:07][D][fujitsu.heatpump:131]:   B5=0xF7  magic=15 swing=1 step=1
[13:18:07][D][fujitsu.heatpump:133]:   B6=0xE9  room=52°C ctrl_present=1
[13:18:07][W][fujitsu.heatpump:148]: Target temp raw=127 out of range (byte4=0xFF) — keeping nan°C
[13:18:07][W][fujitsu.heatpump:158]: Room temp 52.0°C out of range (byte6=0xE9) — keeping nan°C
[13:18:07][I][fujitsu.heatpump:164]: State: pwr=ON mode=7 temp=nan°C room=nan°C fan=7
[13:18:07][D][fujitsu.climate:175]: State updated - Mode: 6, Target: nan°C, Current: nan°C
[13:18:07][I][fujitsu.heatpump:071]: CTRL  frame: CE FF FF 5F FF F7 E9 4B
[13:18:07][I][fujitsu.heatpump:075]:   CTRL B1=0xFF B2=0xFF B3=0x5F B4=0xFF B5=0xF7 B6=0xE9
[13:18:07][D][fujitsu.climate:175]: State updated - Mode: 6, Target: nan°C, Current: nan°C
[13:18:07][W][component:239]: Component fujitsu_climate.climate took a long time for an operation (96 ms).
[13:18:07][W][component:240]: Components should block for at most 30 ms.
[13:18:07][D][fujitsu.heatpump:067]: UNIT  frame: FE DF DF 7F FF F7 E9 6B
[13:18:07][D][fujitsu.heatpump:108]: RAW [0xDF->0xDF]: FE DF DF 7F FF F7 E9 6B
[13:18:07][D][fujitsu.heatpump:124]:   B3=0x7F  pwr=1 mode=7 fan=7 err=0
[13:18:07][D][fujitsu.heatpump:128]:   B4=0xFF  temp_raw=127 (->143°C) eco=1
[13:18:07][D][fujitsu.heatpump:131]:   B5=0xF7  magic=15 swing=1 step=1
[13:18:07][D][fujitsu.heatpump:133]:   B6=0xE9  room=52°C ctrl_present=1
[13:18:07][W][fujitsu.heatpump:148]: Target temp raw=127 out of range (byte4=0xFF) — keeping nan°C
[13:18:07][W][fujitsu.heatpump:158]: Room temp 52.0°C out of range (byte6=0xE9) — keeping nan°C
[13:18:07][I][fujitsu.heatpump:164]: State: pwr=ON mode=7 temp=nan°C room=nan°C fan=7
[13:18:07][D][fujitsu.climate:175]: State updated - Mode: 6, Target: nan°C, Current: nan°C
[13:18:07][I][fujitsu.heatpump:071]: CTRL  frame: CE FF FF 5F FF F7 E9 4B
[13:18:07][I][fujitsu.heatpump:075]:   CTRL B1=0xFF B2=0xFF B3=0x5F B4=0xFF B5=0xF7 B6=0xE9
[13:18:07][D][fujitsu.climate:175]: State updated - Mode: 6, Target: nan°C, Current: nan°C
[13:18:07][W][component:239]: Component fujitsu_climate.climate took a long time for an operation (94 ms).
[13:18:07][W][component:240]: Components should block for at most 30 ms.
[13:18:07][D][status_led:050]: 'Status LED': Setting state ON
[13:18:07][D][climate:396]: 'Fujitsu Heat Pump' - Sending state:
[13:18:07][D][climate:399]:   Mode: AUTO
[13:18:07][D][climate:401]:   Action: IDLE
[13:18:07][D][climate:404]:   Fan Mode: AUTO
[13:18:07][D][climate:419]:   Current Temperature: nan°C
[13:18:07][D][climate:425]:   Target Temperature: nan°C
[13:18:07][D][status_led:050]: 'Status LED': Setting state OFF
[13:18:07][D][fujitsu.heatpump:067]: UNIT  frame: FE DF DF 7F FF F7 E9 6B
[13:18:07][D][fujitsu.heatpump:108]: RAW [0xDF->0xDF]: FE DF DF 7F FF F7 E9 6B
[13:18:07][D][fujitsu.heatpump:124]:   B3=0x7F  pwr=1 mode=7 fan=7 err=0
[13:18:07][D][fujitsu.heatpump:128]:   B4=0xFF  temp_raw=127 (->143°C) eco=1
[13:18:07][D][fujitsu.heatpump:131]:   B5=0xF7  magic=15 swing=1 step=1
[13:18:07][D][fujitsu.heatpump:133]:   B6=0xE9  room=52°C ctrl_present=1
[13:18:07][W][fujitsu.heatpump:148]: Target temp raw=127 out of range (byte4=0xFF) — keeping nan°C
[13:18:07][W][fujitsu.heatpump:158]: Room temp 52.0°C out of range (byte6=0xE9) — keeping nan°C
[13:18:07][I][fujitsu.heatpump:164]: State: pwr=ON mode=7 temp=nan°C room=nan°C fan=7
[13:18:07][D][fujitsu.climate:175]: State updated - Mode: 6, Target: nan°C, Current: nan°C
[13:18:07][I][fujitsu.heatpump:071]: CTRL  frame: CE FF FF 5F FF F7 E9 4B
[13:18:07][I][fujitsu.heatpump:075]:   CTRL B1=0xFF B2=0xFF B3=0x5F B4=0xFF B5=0xF7 B6=0xE9
[13:18:07][D][fujitsu.climate:175]: State updated - Mode: 6, Target: nan°C, Current: nan°C
[13:18:07][D][fujitsu.heatpump:067]: UNIT  frame: FE DF DF 7F FF F7 E9 6B
[13:18:07][D][fujitsu.heatpump:108]: RAW [0xDF->0xDF]: FE DF DF 7F FF F7 E9 6B
[13:18:07][D][fujitsu.heatpump:124]:   B3=0x7F  pwr=1 mode=7 fan=7 err=0
[13:18:07][D][fujitsu.heatpump:128]:   B4=0xFF  temp_raw=127 (->143°C) eco=1
[13:18:07][D][fujitsu.heatpump:131]:   B5=0xF7  magic=15 swing=1 step=1
[13:18:07][D][fujitsu.heatpump:133]:   B6=0xE9  room=52°C ctrl_present=1
[13:18:07][W][fujitsu.heatpump:148]: Target temp raw=127 out of range (byte4=0xFF) — keeping nan°C
[13:18:07][W][fujitsu.heatpump:158]: Room temp 52.0°C out of range (byte6=0xE9) — keeping nan°C
[13:18:07][I][fujitsu.heatpump:164]: State: pwr=ON mode=7 temp=nan°C room=nan°C fan=7
[13:18:07][D][fujitsu.climate:175]: State updated - Mode: 6, Target: nan°C, Current: nan°C
[13:18:07][I][fujitsu.heatpump:071]: CTRL  frame: CE FF FF 5F FF F7 E9 4B
[13:18:07][I][fujitsu.heatpump:075]:   CTRL B1=0xFF B2=0xFF B3=0x5F B4=0xFF B5=0xF7 B6=0xE9
[13:18:07][D][fujitsu.climate:175]: State updated - Mode: 6, Target: nan°C, Current: nan°C
[13:18:07][W][component:239]: Component fujitsu_climate.climate took a long time for an operation (198 ms).
[13:18:07][W][component:240]: Components should block for at most 30 ms.
[13:18:07][D][fujitsu.heatpump:067]: UNIT  frame: FE DF DF 7F FF F7 E9 6B
[13:18:07][D][fujitsu.heatpump:108]: RAW [0xDF->0xDF]: FE DF DF 7F FF F7 E9 6B
[13:18:07][D][fujitsu.heatpump:124]:   B3=0x7F  pwr=1 mode=7 fan=7 err=0
[13:18:07][D][fujitsu.heatpump:128]:   B4=0xFF  temp_raw=127 (->143°C) eco=1
[13:18:07][D][fujitsu.heatpump:131]:   B5=0xF7  magic=15 swing=1 step=1
[13:18:07][D][fujitsu.heatpump:133]:   B6=0xE9  room=52°C ctrl_present=1
[13:18:07][W][fujitsu.heatpump:148]: Target temp raw=127 out of range (byte4=0xFF) — keeping nan°C
[13:18:07][W][fujitsu.heatpump:158]: Room temp 52.0°C out of range (byte6=0xE9) — keeping nan°C
[13:18:07][I][fujitsu.heatpump:164]: State: pwr=ON mode=7 temp=nan°C room=nan°C fan=7
[13:18:07][D][fujitsu.climate:175]: State updated - Mode: 6, Target: nan°C, Current: nan°C
[13:18:07][I][fujitsu.heatpump:071]: CTRL  frame: CE FF FF 5F FF F7 E9 4B
[13:18:07][I][fujitsu.heatpump:075]:   CTRL B1=0xFF B2=0xFF B3=0x5F B4=0xFF B5=0xF7 B6=0xE9
[13:18:07][D][fujitsu.climate:175]: State updated - Mode: 6, Target: nan°C, Current: nan°C
[13:18:07][W][component:239]: Component fujitsu_climate.climate took a long time for an operation (89 ms).
[13:18:07][W][component:240]: Components should block for at most 30 ms.
[13:18:07][D][climate:396]: 'Fujitsu Heat Pump' - Sending state:
[13:18:11][D][fujitsu.heatpump:067]: UNIT  frame: FE DF DF 7F FF F7 E9 6B
[13:18:11][D][fujitsu.heatpump:108]: RAW [0xDF->0xDF]: FE DF DF 7F FF F7 E9 6B
[13:18:11][D][fujitsu.heatpump:124]:   B3=0x7F  pwr=1 mode=7 fan=7 err=0
[13:18:11][D][fujitsu.heatpump:128]:   B4=0xFF  temp_raw=127 (->143°C) eco=1
[13:18:11][D][fujitsu.heatpump:131]:   B5=0xF7  magic=15 swing=1 step=1
[13:18:11][D][fujitsu.heatpump:133]:   B6=0xE9  room=52°C ctrl_present=1
[13:18:11][W][fujitsu.heatpump:148]: Target temp raw=127 out of range (byte4=0xFF) — keeping nan°C
[13:18:11][W][fujitsu.heatpump:158]: Room temp 52.0°C out of range (byte6=0xE9) — keeping nan°C
[13:18:11][I][fujitsu.heatpump:164]: State: pwr=ON mode=7 temp=nan°C room=nan°C fan=7
[13:18:11][D][fujitsu.climate:175]: State updated - Mode: 6, Target: nan°C, Current: nan°C
[13:18:11][I][fujitsu.heatpump:071]: CTRL  frame: CE FF FF 5F FF F7 E9 4B
[13:18:11][I][fujitsu.heatpump:075]:   CTRL B1=0xFF B2=0xFF B3=0x5F B4=0xFF B5=0xF7 B6=0xE9
[13:18:11][D][fujitsu.climate:175]: State updated - Mode: 6, Target: nan°C, Current: nan°C
[13:18:11][W][component:239]: Component fujitsu_climate.climate took a long time for an operation (93 ms).
[13:18:11][W][component:240]: Components should block for at most 30 ms.
[13:18:11][D][status_led:050]: 'Status LED': Setting state ON
[13:18:11][D][climate:396]: 'Fujitsu Heat Pump' - Sending state:
[13:18:11][D][climate:399]:   Mode: AUTO
[13:18:11][D][climate:401]:   Action: IDLE
[13:18:11][D][climate:404]:   Fan Mode: AUTO
[13:18:11][D][climate:419]:   Current Temperature: nan°C
[13:18:11][D][climate:425]:   Target Temperature: nan°C
[13:18:11][D][fujitsu.heatpump:067]: UNIT  frame: FE DF DF 7F FF F7 E9 6B
[13:18:11][D][fujitsu.heatpump:108]: RAW [0xDF->0xDF]: FE DF DF 7F FF F7 E9 6B
[13:18:11][D][fujitsu.heatpump:124]:   B3=0x7F  pwr=1 mode=7 fan=7 err=0
[13:18:11][D][fujitsu.heatpump:128]:   B4=0xFF  temp_raw=127 (->143°C) eco=1
[13:18:11][D][fujitsu.heatpump:131]:   B5=0xF7  magic=15 swing=1 step=1
[13:18:11][D][fujitsu.heatpump:133]:   B6=0xE9  room=52°C ctrl_present=1
[13:18:11][W][fujitsu.heatpump:148]: Target temp raw=127 out of range (byte4=0xFF) — keeping nan°C
[13:18:11][W][fujitsu.heatpump:158]: Room temp 52.0°C out of range (byte6=0xE9) — keeping nan°C
[13:18:11][I][fujitsu.heatpump:164]: State: pwr=ON mode=7 temp=nan°C room=nan°C fan=7
[13:18:11][D][fujitsu.climate:175]: State updated - Mode: 6, Target: nan°C, Current: nan°C
[13:18:11][I][fujitsu.heatpump:071]: CTRL  frame: CE FF FF 5F FF F7 E9 4B
[13:18:11][I][fujitsu.heatpump:075]:   CTRL B1=0xFF B2=0xFF B3=0x5F B4=0xFF B5=0xF7 B6=0xE9
[13:18:11][D][fujitsu.climate:175]: State updated - Mode: 6, Target: nan°C, Current: nan°C
[13:18:11][D][fujitsu.heatpump:067]: UNIT  frame: FE DF DF 7F FF F7 E9 6B
[13:18:11][D][fujitsu.heatpump:108]: RAW [0xDF->0xDF]: FE DF DF 7F FF F7 E9 6B
[13:18:11][D][fujitsu.heatpump:124]:   B3=0x7F  pwr=1 mode=7 fan=7 err=0
[13:18:11][D][fujitsu.heatpump:128]:   B4=0xFF  temp_raw=127 (->143°C) eco=1
[13:18:11][D][fujitsu.heatpump:131]:   B5=0xF7  magic=15 swing=1 step=1
[13:18:11][D][fujitsu.heatpump:133]:   B6=0xE9  room=52°C ctrl_present=1
[13:18:11][W][fujitsu.heatpump:148]: Target temp raw=127 out of range (byte4=0xFF) — keeping nan°C
[13:18:11][W][fujitsu.heatpump:158]: Room temp 52.0°C out of range (byte6=0xE9) — keeping nan°C
[13:18:11][D][fujitsu.climate:175]: State updated - Mode: 6, Target: nan°C, Current: nan°C
[13:18:11][W][component:239]: Component fujitsu_climate.climate took a long time for an operation (199 ms).
[13:18:11][W][component:240]: Components should block for at most 30 ms.
[13:18:11][D][status_led:050]: 'Status LED': Setting state OFF
[13:18:11][D][fujitsu.heatpump:067]: UNIT  frame: FE DF DF 7F FF F7 E9 6B
[13:18:11][D][fujitsu.heatpump:108]: RAW [0xDF->0xDF]: FE DF DF 7F FF F7 E9 6B
[13:18:11][D][fujitsu.heatpump:124]:   B3=0x7F  pwr=1 mode=7 fan=7 err=0
[13:18:11][D][fujitsu.heatpump:128]:   B4=0xFF  temp_raw=127 (->143°C) eco=1
[13:18:11][D][fujitsu.heatpump:131]:   B5=0xF7  magic=15 swing=1 step=1
[13:18:11][D][fujitsu.heatpump:133]:   B6=0xE9  room=52°C ctrl_present=1
[13:18:11][W][fujitsu.heatpump:148]: Target temp raw=127 out of range (byte4=0xFF) — keeping nan°C
[13:18:11][W][fujitsu.heatpump:158]: Room temp 52.0°C out of range (byte6=0xE9) — keeping nan°C
[13:18:11][I][fujitsu.heatpump:164]: State: pwr=ON mode=7 temp=nan°C room=nan°C fan=7
[13:18:11][D][fujitsu.climate:175]: State updated - Mode: 6, Target: nan°C, Current: nan°C
[13:18:11][I][fujitsu.heatpump:071]: CTRL  frame: CE FF FF 5F FF F7 E9 4B
[13:18:11][I][fujitsu.heatpump:075]:   CTRL B1=0xFF B2=0xFF B3=0x5F B4=0xFF B5=0xF7 B6=0xE9
[13:18:11][D][fujitsu.climate:175]: State updated - Mode: 6, Target: nan°C, Current: nan°C
[13:18:11][W][component:239]: Component fujitsu_climate.climate took a long time for an operation (95 ms).
[13:18:11][W][component:240]: Components should block for at most 30 ms.
[13:18:11][D][climate:396]: 'Fujitsu Heat Pump' - Sending state:
[13:18:11][D][climate:399]:   Mode: AUTO
[13:18:11][D][climate:401]:   Action: IDLE
[13:18:11][D][climate:404]:   Fan Mode: AUTO
[13:18:11][D][climate:419]:   Current Temperature: nan°C
[13:18:11][D][climate:425]:   Target Temperature: nan°C
[13:18:11][D][fujitsu.heatpump:067]: UNIT  frame: FE DF DF 7F FF F7 E9 6B
[13:18:11][D][fujitsu.heatpump:108]: RAW [0xDF->0xDF]: FE DF DF 7F FF F7 E9 6B
[13:18:11][D][fujitsu.heatpump:124]:   B3=0x7F  pwr=1 mode=7 fan=7 err=0
[13:18:11][D][fujitsu.heatpump:128]:   B4=0xFF  temp_raw=127 (->143°C) eco=1
[13:18:11][D][fujitsu.heatpump:131]:   B5=0xF7  magic=15 swing=1 step=1
[13:18:11][D][fujitsu.heatpump:133]:   B6=0xE9  room=52°C ctrl_present=1
[13:18:11][W][fujitsu.heatpump:148]: Target temp raw=127 out of range (byte4=0xFF) — keeping nan°C
[13:18:11][W][fujitsu.heatpump:158]: Room temp 52.0°C out of range (byte6=0xE9) — keeping nan°C
[13:18:11][I][fujitsu.heatpump:164]: State: pwr=ON mode=7 temp=nan°C room=nan°C fan=7
[13:18:11][D][fujitsu.climate:175]: State updated - Mode: 6, Target: nan°C, Current: nan°C
[13:18:11][I][fujitsu.heatpump:071]: CTRL  frame: CE FF FF 5F FF F7 E9 4B
[13:18:11][I][fujitsu.heatpump:075]:   CTRL B1=0xFF B2=0xFF B3=0x5F B4=0xFF B5=0xF7 B6=0xE9
[13:18:11][D][fujitsu.climate:175]: State updated - Mode: 6, Target: nan°C, Current: nan°C
[13:18:11][D][fujitsu.heatpump:067]: UNIT  frame: FE DF DF 7F FF F7 E9 6B
[13:18:11][D][fujitsu.heatpump:108]: RAW [0xDF->0xDF]: FE DF DF 7F FF F7 E9 6B
[13:18:11][D][fujitsu.heatpump:124]:   B3=0x7F  pwr=1 mode=7 fan=7 err=0
[13:18:11][D][fujitsu.heatpump:128]:   B4=0xFF  temp_raw=127 (->143°C) eco=1
[13:18:11][D][fujitsu.heatpump:131]:   B5=0xF7  magic=15 swing=1 step=1
[13:18:11][D][fujitsu.heatpump:133]:   B6=0xE9  room=52°C ctrl_present=1
[13:18:11][W][fujitsu.heatpump:148]: Target temp raw=127 out of range (byte4=0xFF) — keeping nan°C
[13:18:11][W][fujitsu.heatpump:158]: Room temp 52.0°C out of range (byte6=0xE9) — keeping nan°C
[13:18:11][I][fujitsu.heatpump:164]: State: pwr=ON mode=7 temp=nan°C room=nan°C fan=7
[13:18:11][D][fujitsu.climate:175]: State updated - Mode: 6, Target: nan°C, Current: nan°C
[13:18:11][I][fujitsu.heatpump:071]: CTRL  frame: CE FF FF 5F FF F7 E9 4B
[13:18:11][I][fujitsu.heatpump:075]:   CTRL B1=0xFF B2=0xFF B3=0x5F B4=0xFF B5=0xF7 B6=0xE9
[13:18:11][D][fujitsu.climate:175]: State updated - Mode: 6, Target: nan°C, Current: nan°C
[13:18:11][W][component:239]: Component fujitsu_climate.climate took a long time for an operation (196 ms).
[13:18:11][W][component:240]: Components should block for at most 30 ms.
[13:18:11][D][fujitsu.heatpump:067]: UNIT  frame: FE DF DF 7F FF F7 E9 6B
[13:18:11][D][fujitsu.heatpump:108]: RAW [0xDF->0xDF]: FE DF DF 7F FF F7 E9 6B
[13:18:11][D][fujitsu.heatpump:124]:   B3=0x7F  pwr=1 mode=7 fan=7 err=0
[13:18:11][D][fujitsu.heatpump:128]:   B4=0xFF  temp_raw=127 (->143°C) eco=1
[13:18:11][D][fujitsu.heatpump:131]:   B5=0xF7  magic=15 swing=1 step=1
[13:18:11][D][fujitsu.heatpump:133]:   B6=0xE9  room=52°C ctrl_present=1
[13:18:11][W][fujitsu.heatpump:148]: Target temp raw=127 out of range (byte4=0xFF) — keeping nan°C
[13:18:11][W][fujitsu.heatpump:158]: Room temp 52.0°C out of range (byte6=0xE9) — keeping nan°C
[13:18:11][I][fujitsu.heatpump:164]: State: pwr=ON mode=7 temp=nan°C room=nan°C fan=7
[13:18:11][D][fujitsu.climate:175]: State updated - Mode: 6, Target: nan°C, Current: nan°C
[13:18:11][I][fujitsu.heatpump:071]: CTRL  frame: CE FF FF 5F FF F7 E9 4B
[13:18:11][I][fujitsu.heatpump:075]:   CTRL B1=0xFF B2=0xFF B3=0x5F B4=0xFF B5=0xF7 B6=0xE9
[13:18:11][D][fujitsu.climate:175]: State updated - Mode: 6, Target: nan°C, Current: nan°C
[13:18:11][W][component:239]: Component fujitsu_climate.climate took a long time for an operation (94 ms).
[13:18:11][W][component:240]: Components should block for at most 30 ms.
[13:18:11][D][status_led:050]: 'Status LED': Setting state ON
[13:18:11][D][climate:396]: 'Fujitsu Heat Pump' - Sending state:
[13:18:11][D][climate:399]:   Mode: AUTO
[13:18:11][D][climate:401]:   Action: IDLE
[13:18:11][D][climate:404]:   Fan Mode: AUTO
[13:18:11][D][climate:419]:   Current Temperature: nan°C
[13:18:11][D][climate:425]:   Target Temperature: nan°C
[13:18:11][D][fujitsu.heatpump:067]: UNIT  frame: FE DF DF 7F FF F7 E9 6B
[13:18:11][D][fujitsu.heatpump:108]: RAW [0xDF->0xDF]: FE DF DF 7F FF F7 E9 6B
[13:18:11][D][fujitsu.heatpump:124]:   B3=0x7F  pwr=1 mode=7 fan=7 err=0
[13:18:11][D][fujitsu.heatpump:128]:   B4=0xFF  temp_raw=127 (->143°C) eco=1
[13:18:11][D][fujitsu.heatpump:131]:   B5=0xF7  magic=15 swing=1 step=1
[13:18:11][D][fujitsu.heatpump:133]:   B6=0xE9  room=52°C ctrl_present=1
[13:18:11][W][fujitsu.heatpump:148]: Target temp raw=127 out of range (byte4=0xFF) — keeping nan°C
[13:18:11][W][fujitsu.heatpump:158]: Room temp 52.0°C out of range (byte6=0xE9) — keeping nan°C
[13:18:11][I][fujitsu.heatpump:164]: State: pwr=ON mode=7 temp=nan°C room=nan°C fan=7
[13:18:11][D][fujitsu.climate:175]: State updated - Mode: 6, Target: nan°C, Current: nan°C
[13:18:11][I][fujitsu.heatpump:071]: CTRL  frame: CE FF FF 5F FF F7 E9 4B
[13:18:11][I][fujitsu.heatpump:075]:   CTRL B1=0xFF B2=0xFF B3=0x5F B4=0xFF B5=0xF7 B6=0xE9
[13:18:11][D][fujitsu.climate:175]: State updated - Mode: 6, Target: nan°C, Current: nan°C
[13:18:11][W][component:239]: Component fujitsu_climate.climate took a long time for an operation (95 ms).
[13:18:11][W][component:240]: Components should block for at most 30 ms.
[13:18:11][D][status_led:050]: 'Status LED': Setting state OFF
[13:18:11][D][fujitsu.heatpump:067]: UNIT  frame: FE DF DF 7F FF F7 E9 6B
[13:18:11][D][fujitsu.heatpump:108]: RAW [0xDF->0xDF]: FE DF DF 7F FF F7 E9 6B
[13:18:11][D][fujitsu.heatpump:124]:   B3=0x7F  pwr=1 mode=7 fan=7 err=0
[13:18:11][D][fujitsu.heatpump:128]:   B4=0xFF  temp_raw=127 (->143°C) eco=1
[13:18:11][D][fujitsu.heatpump:131]:   B5=0xF7  magic=15 swing=1 step=1
[13:18:11][D][fujitsu.heatpump:133]:   B6=0xE9  room=52°C ctrl_present=1
[13:18:11][W][fujitsu.heatpump:148]: Target temp raw=127 out of range (byte4=0xFF) — keeping nan°C
[13:18:11][W][fujitsu.heatpump:158]: Room temp 52.0°C out of range (byte6=0xE9) — keeping nan°C
[13:18:11][I][fujitsu.heatpump:164]: State: pwr=ON mode=7 temp=nan°C room=nan°C fan=7
[13:18:11][D][fujitsu.climate:175]: State updated - Mode: 6, Target: nan°C, Current: nan°C
[13:18:11][I][fujitsu.heatpump:071]: CTRL  frame: CE FF FF 5F FF F7 E9 4B
[13:18:11][I][fujitsu.heatpump:075]:   CTRL B1=0xFF B2=0xFF B3=0x5F B4=0xFF B5=0xF7 B6=0xE9
[13:18:11][D][fujitsu.climate:175]: State updated - Mode: 6, Target: nan°C, Current: nan°C
[13:18:11][W][component:239]: Component fujitsu_climate.climate took a long time for an operation (91 ms).
[13:18:11][W][component:240]: Components should block for at most 30 ms.
[13:18:11][D][climate:396]: 'Fujitsu Heat Pump' - Sending state:
[13:18:11][D][climate:399]:   Mode: AUTO
[13:18:11][D][climate:401]:   Action: IDLE
[13:18:11][D][climate:404]:   Fan Mode: AUTO
[13:18:11][D][climate:419]:   Current Temperature: nan°C
[13:18:11][D][climate:425]:   Target Temperature: nan°C
[13:18:11][D][fujitsu.heatpump:067]: UNIT  frame: FE DF DF 7F FF F7 E9 6B
[13:18:11][D][fujitsu.heatpump:108]: RAW [0xDF->0xDF]: FE DF DF 7F FF F7 E9 6B
[13:18:11][D][fujitsu.heatpump:124]:   B3=0x7F  pwr=1 mode=7 fan=7 err=0
[13:18:11][D][fujitsu.heatpump:128]:   B4=0xFF  temp_raw=127 (->143°C) eco=1
[13:18:11][D][fujitsu.heatpump:131]:   B5=0xF7  magic=15 swing=1 step=1
[13:18:11][D][fujitsu.heatpump:133]:   B6=0xE9  room=52°C ctrl_present=1
[13:18:11][W][fujitsu.heatpump:148]: Target temp raw=127 out of range (byte4=0xFF) — keeping nan°C
[13:18:11][W][fujitsu.heatpump:158]: Room temp 52.0°C out of range (byte6=0xE9) — keeping nan°C
[13:18:11][I][fujitsu.heatpump:164]: State: pwr=ON mode=7 temp=nan°C room=nan°C fan=7
[13:18:11][D][fujitsu.climate:175]: State updated - Mode: 6, Target: nan°C, Current: nan°C
[13:18:11][I][fujitsu.heatpump:071]: CTRL  frame: CE FF FF 5F FF F7 E9 4B
[13:18:11][I][fujitsu.heatpump:075]:   CTRL B1=0xFF B2=0xFF B3=0x5F B4=0xFF B5=0xF7 B6=0xE9
[13:18:11][D][fujitsu.climate:175]: State updated - Mode: 6, Target: nan°C, Current: nan°C
[13:18:11][W][component:239]: Component fujitsu_climate.climate took a long time for an operation (98 ms).
[13:18:11][W][component:240]: Components should block for at most 30 ms.
[13:18:16][D][fujitsu.heatpump:067]: UNIT  frame: FE DF DF 7F FF F7 E9 6B
[13:18:16][D][fujitsu.heatpump:108]: RAW [0xDF->0xDF]: FE DF DF 7F FF F7 E9 6B
[13:18:16][D][fujitsu.heatpump:124]:   B3=0x7F  pwr=1 mode=7 fan=7 err=0
[13:18:16][D][fujitsu.heatpump:128]:   B4=0xFF  temp_raw=127 (->143°C) eco=1
[13:18:16][D][fujitsu.heatpump:131]:   B5=0xF7  magic=15 swing=1 step=1
[13:18:16][D][fujitsu.heatpump:133]:   B6=0xE9  room=52°C ctrl_present=1
[13:18:16][W][fujitsu.heatpump:148]: Target temp raw=127 out of range (byte4=0xFF) — keeping nan°C
[13:18:16][W][fujitsu.heatpump:158]: Room temp 52.0°C out of range (byte6=0xE9) — keeping nan°C
[13:18:16][I][fujitsu.heatpump:164]: State: pwr=ON mode=7 temp=nan°C room=nan°C fan=7
[13:18:16][D][fujitsu.climate:175]: State updated - Mode: 6, Target: nan°C, Current: nan°C
[13:18:16][I][fujitsu.heatpump:071]: CTRL  frame: CE FF FF 5F FF F7 E9 4B
[13:18:16][I][fujitsu.heatpump:075]:   CTRL B1=0xFF B2=0xFF B3=0x5F B4=0xFF B5=0xF7 B6=0xE9
[13:18:16][D][fujitsu.climate:175]: State updated - Mode: 6, Target: nan°C, Current: nan°C
[13:18:16][W][component:239]: Component fujitsu_climate.climate took a long time for an operation (90 ms).
[13:18:16][W][component:240]: Components should block for at most 30 ms.
[13:18:16][D][fujitsu.heatpump:067]: UNIT  frame: FE DF DF 7F FF F7 E9 6B
[13:18:16][D][fujitsu.heatpump:108]: RAW [0xDF->0xDF]: FE DF DF 7F FF F7 E9 6B
[13:18:16][D][fujitsu.heatpump:124]:   B3=0x7F  pwr=1 mode=7 fan=7 err=0
[13:18:16][D][fujitsu.heatpump:128]:   B4=0xFF  temp_raw=127 (->143°C) eco=1
[13:18:16][D][fujitsu.heatpump:131]:   B5=0xF7  magic=15 swing=1 step=1
[13:18:16][D][fujitsu.heatpump:133]:   B6=0xE9  room=52°C ctrl_present=1
[13:18:16][W][fujitsu.heatpump:148]: Target temp raw=127 out of range (byte4=0xFF) — keeping nan°C
[13:18:16][W][fujitsu.heatpump:158]: Room temp 52.0°C out of range (byte6=0xE9) — keeping nan°C
[13:18:16][I][fujitsu.heatpump:164]: State: pwr=ON mode=7 temp=nan°C room=nan°C fan=7
[13:18:16][D][fujitsu.climate:175]: State updated - Mode: 6, Target: nan°C, Current: nan°C
[13:18:16][I][fujitsu.heatpump:071]: CTRL  frame: CE FF FF 5F FF F7 E9 4B
[13:18:16][I][fujitsu.heatpump:075]:   CTRL B1=0xFF B2=0xFF B3=0x5F B4=0xFF B5=0xF7 B6=0xE9
[13:18:16][D][fujitsu.climate:175]: State updated - Mode: 6, Target: nan°C, Current: nan°C
[13:18:16][W][component:239]: Component fujitsu_climate.climate took a long time for an operation (92 ms).
[13:18:16][W][component:240]: Components should block for at most 30 ms.
[13:18:16][D][climate:396]: 'Fujitsu Heat Pump' - Sending state:
[13:18:16][D][climate:399]:   Mode: AUTO
[13:18:16][D][climate:401]:   Action: IDLE
[13:18:16][D][climate:404]:   Fan Mode: AUTO
[13:18:16][D][climate:419]:   Current Temperature: nan°C
[13:18:16][D][climate:425]:   Target Temperature: nan°C
[13:18:16][D][status_led:050]: 'Status LED': Setting state ON
[13:18:16][D][fujitsu.heatpump:067]: UNIT  frame: FE DF DF 7F FF F7 E9 6B
[13:18:16][D][fujitsu.heatpump:108]: RAW [0xDF->0xDF]: FE DF DF 7F FF F7 E9 6B
[13:18:16][D][fujitsu.heatpump:124]:   B3=0x7F  pwr=1 mode=7 fan=7 err=0
[13:18:16][D][fujitsu.heatpump:128]:   B4=0xFF  temp_raw=127 (->143°C) eco=1
[13:18:16][D][fujitsu.heatpump:131]:   B5=0xF7  magic=15 swing=1 step=1
[13:18:16][D][fujitsu.heatpump:133]:   B6=0xE9  room=52°C ctrl_present=1
[13:18:16][W][fujitsu.heatpump:148]: Target temp raw=127 out of range (byte4=0xFF) — keeping nan°C
[13:18:16][W][fujitsu.heatpump:158]: Room temp 52.0°C out of range (byte6=0xE9) — keeping nan°C
[13:18:16][I][fujitsu.heatpump:164]: State: pwr=ON mode=7 temp=nan°C room=nan°C fan=7
[13:18:16][D][fujitsu.climate:175]: State updated - Mode: 6, Target: nan°C, Current: nan°C
[13:18:16][I][fujitsu.heatpump:071]: CTRL  frame: CE FF FF 5F FF F7 E9 4B
[13:18:16][I][fujitsu.heatpump:075]:   CTRL B1=0xFF B2=0xFF B3=0x5F B4=0xFF B5=0xF7 B6=0xE9
[13:18:16][D][fujitsu.climate:175]: State updated - Mode: 6, Target: nan°C, Current: nan°C
[13:18:16][W][component:239]: Component fujitsu_climate.climate took a long time for an operation (92 ms).
[13:18:16][W][component:240]: Components should block for at most 30 ms.
[13:18:16][D][status_led:050]: 'Status LED': Setting state OFF
[13:18:16][D][fujitsu.heatpump:067]: UNIT  frame: FE DF DF 7F FF F7 E9 6B
[13:18:16][D][fujitsu.heatpump:108]: RAW [0xDF->0xDF]: FE DF DF 7F FF F7 E9 6B
[13:18:16][D][fujitsu.heatpump:124]:   B3=0x7F  pwr=1 mode=7 fan=7 err=0
[13:18:16][D][fujitsu.heatpump:128]:   B4=0xFF  temp_raw=127 (->143°C) eco=1
[13:18:16][D][fujitsu.heatpump:131]:   B5=0xF7  magic=15 swing=1 step=1
[13:18:16][D][fujitsu.heatpump:133]:   B6=0xE9  room=52°C ctrl_present=1
[13:18:16][W][fujitsu.heatpump:148]: Target temp raw=127 out of range (byte4=0xFF) — keeping nan°C
[13:18:16][W][fujitsu.heatpump:158]: Room temp 52.0°C out of range (byte6=0xE9) — keeping nan°C
[13:18:16][I][fujitsu.heatpump:164]: State: pwr=ON mode=7 temp=nan°C room=nan°C fan=7
[13:18:16][D][fujitsu.climate:175]: State updated - Mode: 6, Target: nan°C, Current: nan°C
[13:18:16][I][fujitsu.heatpump:071]: CTRL  frame: CE FF FF 5F FF F7 E9 4B
[13:18:16][I][fujitsu.heatpump:075]:   CTRL B1=0xFF B2=0xFF B3=0x5F B4=0xFF B5=0xF7 B6=0xE9
[13:18:16][D][fujitsu.climate:175]: State updated - Mode: 6, Target: nan°C, Current: nan°C
[13:18:16][W][component:239]: Component fujitsu_climate.climate took a long time for an operation (95 ms).
[13:18:16][W][component:240]: Components should block for at most 30 ms.
[13:18:16][D][climate:396]: 'Fujitsu Heat Pump' - Sending state:
[13:18:16][D][climate:399]:   Mode: AUTO
[13:18:16][D][climate:401]:   Action: IDLE
[13:18:16][D][climate:404]:   Fan Mode: AUTO
[13:18:16][D][climate:419]:   Current Temperature: nan°C
[13:18:16][D][climate:425]:   Target Temperature: nan°C
[13:18:16][D][fujitsu.heatpump:067]: UNIT  frame: FE DF DF 7F FF F7 E9 6B
[13:18:16][D][fujitsu.heatpump:108]: RAW [0xDF->0xDF]: FE DF DF 7F FF F7 E9 6B
[13:18:16][D][fujitsu.heatpump:124]:   B3=0x7F  pwr=1 mode=7 fan=7 err=0
[13:18:16][D][fujitsu.heatpump:128]:   B4=0xFF  temp_raw=127 (->143°C) eco=1
[13:18:16][D][fujitsu.heatpump:131]:   B5=0xF7  magic=15 swing=1 step=1
[13:18:16][D][fujitsu.heatpump:133]:   B6=0xE9  room=52°C ctrl_present=1
[13:18:16][W][fujitsu.heatpump:148]: Target temp raw=127 out of range (byte4=0xFF) — keeping nan°C
[13:18:16][W][fujitsu.heatpump:158]: Room temp 52.0°C out of range (byte6=0xE9) — keeping nan°C
[13:18:16][I][fujitsu.heatpump:164]: State: pwr=ON mode=7 temp=nan°C room=nan°C fan=7
[13:18:16][D][fujitsu.climate:175]: State updated - Mode: 6, Target: nan°C, Current: nan°C
[13:18:16][I][fujitsu.heatpump:071]: CTRL  frame: CE FF FF 5F FF F7 E9 4B
[13:18:16][I][fujitsu.heatpump:075]:   CTRL B1=0xFF B2=0xFF B3=0x5F B4=0xFF B5=0xF7 B6=0xE9
[13:18:16][D][fujitsu.climate:175]: State updated - Mode: 6, Target: nan°C, Current: nan°C
[13:18:16][W][component:239]: Component fujitsu_climate.climate took a long time for an operation (95 ms).
[13:18:16][W][component:240]: Components should block for at most 30 ms.
[13:18:16][V][sensor:043]: 'WiFi Signal': Received new state -67.000000
[13:18:16][D][sensor:094]: 'WiFi Signal': Sending state -67.00000 dBm with 0 decimals of accuracy
[13:18:16][D][fujitsu.heatpump:067]: UNIT  frame: FE DF DF 7F FF F7 E9 6B
[13:18:16][D][fujitsu.heatpump:108]: RAW [0xDF->0xDF]: FE DF DF 7F FF F7 E9 6B
[13:18:16][D][fujitsu.heatpump:124]:   B3=0x7F  pwr=1 mode=7 fan=7 err=0
[13:18:16][D][fujitsu.heatpump:128]:   B4=0xFF  temp_raw=127 (->143°C) eco=1
[13:18:16][D][fujitsu.heatpump:131]:   B5=0xF7  magic=15 swing=1 step=1
[13:18:16][D][fujitsu.heatpump:133]:   B6=0xE9  room=52°C ctrl_present=1
[13:18:16][W][fujitsu.heatpump:148]: Target temp raw=127 out of range (byte4=0xFF) — keeping nan°C
[13:18:16][W][fujitsu.heatpump:158]: Room temp 52.0°C out of range (byte6=0xE9) — keeping nan°C
[13:18:16][I][fujitsu.heatpump:164]: State: pwr=ON mode=7 temp=nan°C room=nan°C fan=7
[13:18:16][D][fujitsu.climate:175]: State updated - Mode: 6, Target: nan°C, Current: nan°C
[13:18:16][I][fujitsu.heatpump:071]: CTRL  frame: CE FF FF 5F FF F7 E9 4B
[13:18:16][I][fujitsu.heatpump:075]:   CTRL B1=0xFF B2=0xFF B3=0x5F B4=0xFF B5=0xF7 B6=0xE9
[13:18:16][D][fujitsu.climate:175]: State updated - Mode: 6, Target: nan°C, Current: nan°C
[13:18:16][W][component:239]: Component fujitsu_climate.climate took a long time for an operation (94 ms).
[13:18:16][W][component:240]: Components should block for at most 30 ms.
[13:18:16][D][fujitsu.heatpump:067]: UNIT  frame: FE DF DF 7F FF F7 E9 6B
[13:18:16][D][fujitsu.heatpump:108]: RAW [0xDF->0xDF]: FE DF DF 7F FF F7 E9 6B
[13:18:16][D][fujitsu.heatpump:124]:   B3=0x7F  pwr=1 mode=7 fan=7 err=0
[13:18:16][D][fujitsu.heatpump:128]:   B4=0xFF  temp_raw=127 (->143°C) eco=1
[13:18:16][D][fujitsu.heatpump:131]:   B5=0xF7  magic=15 swing=1 step=1
[13:18:16][D][fujitsu.heatpump:133]:   B6=0xE9  room=52°C ctrl_present=1
[13:18:16][W][fujitsu.heatpump:148]: Target temp raw=127 out of range (byte4=0xFF) — keeping nan°C
[13:18:16][W][fujitsu.heatpump:158]: Room temp 52.0°C out of range (byte6=0xE9) — keeping nan°C
[13:18:16][I][fujitsu.heatpump:164]: State: pwr=ON mode=7 temp=nan°C room=nan°C fan=7
[13:18:16][D][fujitsu.climate:175]: State updated - Mode: 6, Target: nan°C, Current: nan°C
[13:18:16][I][fujitsu.heatpump:071]: CTRL  frame: CE FF FF 5F FF F7 E9 4B
[13:18:16][I][fujitsu.heatpump:075]:   CTRL B1=0xFF B2=0xFF B3=0x5F B4=0xFF B5=0xF7 B6=0xE9
[13:18:16][D][fujitsu.climate:175]: State updated - Mode: 6, Target: nan°C, Current: nan°C
[13:18:16][W][component:239]: Component fujitsu_climate.climate took a long time for an operation (98 ms).
[13:18:16][W][component:240]: Components should block for at most 30 ms.
[13:18:16][D][climate:396]: 'Fujitsu Heat Pump' - Sending state:
[13:18:16][D][climate:399]:   Mode: AUTO
[13:18:16][D][climate:401]:   Action: IDLE
[13:18:16][D][status_led:050]: 'Status LED': Setting state ON
[13:18:16][D][fujitsu.heatpump:067]: UNIT  frame: FE DF DF 7F FF F7 E9 6B
[13:18:16][D][fujitsu.heatpump:108]: RAW [0xDF->0xDF]: FE DF DF 7F FF F7 E9 6B
[13:18:16][D][fujitsu.heatpump:124]:   B3=0x7F  pwr=1 mode=7 fan=7 err=0
[13:18:16][D][fujitsu.heatpump:128]:   B4=0xFF  temp_raw=127 (->143°C) eco=1
[13:18:16][D][fujitsu.heatpump:131]:   B5=0xF7  magic=15 swing=1 step=1
[13:18:16][D][fujitsu.heatpump:133]:   B6=0xE9  room=52°C ctrl_present=1
[13:18:16][W][fujitsu.heatpump:148]: Target temp raw=127 out of range (byte4=0xFF) — keeping nan°C
[13:18:16][W][fujitsu.heatpump:158]: Room temp 52.0°C out of range (byte6=0xE9) — keeping nan°C
[13:18:16][I][fujitsu.heatpump:164]: State: pwr=ON mode=7 temp=nan°C room=nan°C fan=7
[13:18:16][D][fujitsu.climate:175]: State updated - Mode: 6, Target: nan°C, Current: nan°C
[13:18:16][I][fujitsu.heatpump:071]: CTRL  frame: CE FF FF 5F FF F7 E9 4B
[13:18:16][I][fujitsu.heatpump:075]:   CTRL B1=0xFF B2=0xFF B3=0x5F B4=0xFF B5=0xF7 B6=0xE9
[13:18:16][D][fujitsu.climate:175]: State updated - Mode: 6, Target: nan°C, Current: nan°C
[13:18:16][W][component:239]: Component fujitsu_climate.climate took a long time for an operation (100 ms).
[13:18:16][W][component:240]: Components should block for at most 30 ms.
[13:18:16][D][status_led:050]: 'Status LED': Setting state OFF
[13:18:16][D][climate:396]: 'Fujitsu Heat Pump' - Sending state:
[13:18:16][D][climate:399]:   Mode: AUTO
[13:18:16][D][climate:401]:   Action: IDLE
[13:18:16][D][climate:404]:   Fan Mode: AUTO
[13:18:16][D][climate:419]:   Current Temperature: nan°C
[13:18:16][D][climate:425]:   Target Temperature: nan°C
[13:18:16][D][fujitsu.heatpump:067]: UNIT  frame: FE DF DF 7F FF F7 E9 6B
[13:18:16][D][fujitsu.heatpump:108]: RAW [0xDF->0xDF]: FE DF DF 7F FF F7 E9 6B
[13:18:16][D][fujitsu.heatpump:124]:   B3=0x7F  pwr=1 mode=7 fan=7 err=0
[13:18:16][D][fujitsu.heatpump:128]:   B4=0xFF  temp_raw=127 (->143°C) eco=1
[13:18:16][D][fujitsu.heatpump:131]:   B5=0xF7  magic=15 swing=1 step=1
[13:18:16][D][fujitsu.heatpump:133]:   B6=0xE9  room=52°C ctrl_present=1
[13:18:16][W][fujitsu.heatpump:148]: Target temp raw=127 out of range (byte4=0xFF) — keeping nan°C
[13:18:16][W][fujitsu.heatpump:158]: Room temp 52.0°C out of range (byte6=0xE9) — keeping nan°C
[13:18:16][I][fujitsu.heatpump:164]: State: pwr=ON mode=7 temp=nan°C room=nan°C fan=7
[13:18:16][D][fujitsu.climate:175]: State updated - Mode: 6, Target: nan°C, Current: nan°C
[13:18:16][I][fujitsu.heatpump:071]: CTRL  frame: CE FF FF 5F FF F7 E9 4B
[13:18:16][I][fujitsu.heatpump:075]:   CTRL B1=0xFF B2=0xFF B3=0x5F B4=0xFF B5=0xF7 B6=0xE9
[13:18:16][D][fujitsu.climate:175]: State updated - Mode: 6, Target: nan°C, Current: nan°C
[13:18:16][D][fujitsu.heatpump:067]: UNIT  frame: FE DF DF 7F FF F7 E9 6B
[13:18:16][D][fujitsu.heatpump:108]: RAW [0xDF->0xDF]: FE DF DF 7F FF F7 E9 6B
[13:18:16][D][fujitsu.heatpump:124]:   B3=0x7F  pwr=1 mode=7 fan=7 err=0
[13:18:16][D][fujitsu.heatpump:128]:   B4=0xFF  temp_raw=127 (->143°C) eco=1
[13:18:16][D][fujitsu.heatpump:131]:   B5=0xF7  magic=15 swing=1 step=1
[13:18:16][D][fujitsu.heatpump:133]:   B6=0xE9  room=52°C ctrl_present=1
[13:18:16][W][fujitsu.heatpump:148]: Target temp raw=127 out of range (byte4=0xFF) — keeping nan°C
[13:18:16][W][fujitsu.heatpump:158]: Room temp 52.0°C out of range (byte6=0xE9) — keeping nan°C
[13:18:16][I][fujitsu.heatpump:164]: State: pwr=ON mode=7 temp=nan°C room=nan°C fan=7
[13:18:16][D][fujitsu.climate:175]: State updated - Mode: 6, Target: nan°C, Current: nan°C
[13:18:16][I][fujitsu.heatpump:071]: CTRL  frame: CE FF FF 5F FF F7 E9 4B
[13:18:16][I][fujitsu.heatpump:075]:   CTRL B1=0xFF B2=0xFF B3=0x5F B4=0xFF B5=0xF7 B6=0xE9
[13:18:16][D][fujitsu.climate:175]: State updated - Mode: 6, Target: nan°C, Current: nan°C
[13:18:16][W][component:239]: Component fujitsu_climate.climate took a long time for an operation (190 ms).
[13:18:16][W][component:240]: Components should block for at most 30 ms.
[13:18:18][D][climate:396]: 'Fujitsu Heat Pump' - Sending state:
[13:18:18][D][climate:399]:   Mode: AUTO
[13:18:18][D][climate:401]:   Action: IDLE
[13:18:18][D][climate:404]:   Fan Mode: AUTO
[13:18:18][D][climate:419]:   Current Temperature: nan°C
[13:18:18][D][climate:425]:   Target Temperature: nan°C
[13:18:18][D][status_led:050]: 'Status LED': Setting state ON
[13:18:18][D][fujitsu.heatpump:067]: UNIT  frame: FE DF DF 7F FF F7 E9 6B
[13:18:18][D][fujitsu.heatpump:108]: RAW [0xDF->0xDF]: FE DF DF 7F FF F7 E9 6B
[13:18:18][D][fujitsu.heatpump:124]:   B3=0x7F  pwr=1 mode=7 fan=7 err=0
[13:18:18][D][fujitsu.heatpump:128]:   B4=0xFF  temp_raw=127 (->143°C) eco=1
[13:18:18][D][fujitsu.heatpump:131]:   B5=0xF7  magic=15 swing=1 step=1
[13:18:18][D][fujitsu.heatpump:133]:   B6=0xE9  room=52°C ctrl_present=1
[13:18:18][W][fujitsu.heatpump:148]: Target temp raw=127 out of range (byte4=0xFF) — keeping nan°C
[13:18:18][W][fujitsu.heatpump:158]: Room temp 52.0°C out of range (byte6=0xE9) — keeping nan°C
[13:18:18][I][fujitsu.heatpump:164]: State: pwr=ON mode=7 temp=nan°C room=nan°C fan=7
[13:18:18][D][fujitsu.climate:175]: State updated - Mode: 6, Target: nan°C, Current: nan°C
[13:18:18][I][fujitsu.heatpump:071]: CTRL  frame: CE FF FF 5F FF F7 E9 4B
[13:18:18][I][fujitsu.heatpump:075]:   CTRL B1=0xFF B2=0xFF B3=0x5F B4=0xFF B5=0xF7 B6=0xE9
[13:18:18][D][fujitsu.climate:175]: State updated - Mode: 6, Target: nan°C, Current: nan°C
[13:18:18][D][fujitsu.heatpump:067]: UNIT  frame: FE DF DF 7F FF F7 E9 6B
[13:18:18][D][fujitsu.heatpump:108]: RAW [0xDF->0xDF]: FE DF DF 7F FF F7 E9 6B
[13:18:18][D][fujitsu.heatpump:124]:   B3=0x7F  pwr=1 mode=7 fan=7 err=0
[13:18:18][D][fujitsu.heatpump:128]:   B4=0xFF  temp_raw=127 (->143°C) eco=1
[13:18:18][D][fujitsu.heatpump:131]:   B5=0xF7  magic=15 swing=1 step=1
[13:18:18][D][fujitsu.heatpump:133]:   B6=0xE9  room=52°C ctrl_present=1
[13:18:18][W][fujitsu.heatpump:148]: Target temp raw=127 out of range (byte4=0xFF) — keeping nan°C
[13:18:18][W][fujitsu.heatpump:158]: Room temp 52.0°C out of range (byte6=0xE9) — keeping nan°C
[13:18:18][I][fujitsu.heatpump:164]: State: pwr=ON mode=7 temp=nan°C room=nan°C fan=7
[13:18:18][D][fujitsu.climate:175]: State updated - Mode: 6, Target: nan°C, Current: nan°C
[13:18:18][I][fujitsu.heatpump:071]: CTRL  frame: CE FF FF 5F FF F7 E9 4B
[13:18:18][I][fujitsu.heatpump:075]:   CTRL B1=0xFF B2=0xFF B3=0x5F B4=0xFF B5=0xF7 B6=0xE9
[13:18:18][D][fujitsu.climate:175]: State updated - Mode: 6, Target: nan°C, Current: nan°C
[13:18:18][D][fujitsu.heatpump:067]: UNIT  frame: FE DF DF 7F FF F7 E9 6B
[13:18:18][D][fujitsu.heatpump:108]: RAW [0xDF->0xDF]: FE DF DF 7F FF F7 E9 6B
[13:18:18][D][fujitsu.heatpump:124]:   B3=0x7F  pwr=1 mode=7 fan=7 err=0
[13:18:18][D][fujitsu.heatpump:128]:   B4=0xFF  temp_raw=127 (->143°C) eco=1
[13:18:18][D][fujitsu.heatpump:131]:   B5=0xF7  magic=15 swing=1 step=1
[13:18:18][D][fujitsu.heatpump:133]:   B6=0xE9  room=52°C ctrl_present=1
[13:18:18][W][fujitsu.heatpump:148]: Target temp raw=127 out of range (byte4=0xFF) — keeping nan°C
[13:18:18][W][fujitsu.heatpump:158]: Room temp 52.0°C out of range (byte6=0xE9) — keeping nan°C
[13:18:18][I][fujitsu.heatpump:164]: State: pwr=ON mode=7 temp=nan°C room=nan°C fan=7
[13:18:18][D][fujitsu.climate:175]: State updated - Mode: 6, Target: nan°C, Current: nan°C
[13:18:18][I][fujitsu.heatpump:071]: CTRL  frame: CE FF FF 5F FF F7 E9 4B
[13:18:18][I][fujitsu.heatpump:075]:   CTRL B1=0xFF B2=0xFF B3=0x5F B4=0xFF B5=0xF7 B6=0xE9
[13:18:18][D][fujitsu.climate:175]: State updated - Mode: 6, Target: nan°C, Current: nan°C
[13:18:18][W][component:239]: Component fujitsu_climate.climate took a long time for an operation (300 ms).
[13:18:18][W][component:240]: Components should block for at most 30 ms.
[13:18:18][D][status_led:050]: 'Status LED': Setting state OFF
[13:18:18][D][fujitsu.heatpump:067]: UNIT  frame: FE DF DF 7F FF F7 E9 6B
[13:18:18][D][fujitsu.heatpump:108]: RAW [0xDF->0xDF]: FE DF DF 7F FF F7 E9 6B
[13:18:18][D][fujitsu.heatpump:124]:   B3=0x7F  pwr=1 mode=7 fan=7 err=0
[13:18:18][D][fujitsu.heatpump:128]:   B4=0xFF  temp_raw=127 (->143°C) eco=1
[13:18:18][D][fujitsu.heatpump:131]:   B5=0xF7  magic=15 swing=1 step=1
[13:18:18][D][fujitsu.heatpump:133]:   B6=0xE9  room=52°C ctrl_present=1
[13:18:18][W][fujitsu.heatpump:148]: Target temp raw=127 out of range (byte4=0xFF) — keeping nan°C
[13:18:18][W][fujitsu.heatpump:158]: Room temp 52.0°C out of range (byte6=0xE9) — keeping nan°C
[13:18:18][I][fujitsu.heatpump:164]: State: pwr=ON mode=7 temp=nan°C room=nan°C fan=7
[13:18:18][D][fujitsu.climate:175]: State updated - Mode: 6, Target: nan°C, Current: nan°C
[13:18:18][I][fujitsu.heatpump:071]: CTRL  frame: CE FF FF 5F FF F7 E9 4B
[13:18:18][I][fujitsu.heatpump:075]:   CTRL B1=0xFF B2=0xFF B3=0x5F B4=0xFF B5=0xF7 B6=0xE9
[13:18:18][D][fujitsu.climate:175]: State updated - Mode: 6, Target: nan°C, Current: nan°C
[13:18:18][W][component:239]: Component fujitsu_climate.climate took a long time for an operation (93 ms).
[13:18:18][W][component:240]: Components should block for at most 30 ms.
[13:18:18][D][climate:396]: 'Fujitsu Heat Pump' - Sending state:
[13:18:18][D][climate:399]:   Mode: AUTO
[13:18:18][D][climate:401]:   Action: IDLE
[13:18:18][D][climate:404]:   Fan Mode: AUTO
[13:18:18][D][climate:419]:   Current Temperature: nan°C
[13:18:18][D][climate:425]:   Target Temperature: nan°C
[13:18:22][D][climate:396]: 'Fujitsu Heat Pump' - Sending state:
[13:18:22][D][climate:399]:   Mode: AUTO
[13:18:22][D][climate:401]:   Action: IDLE
[13:18:22][D][climate:404]:   Fan Mode: AUTO
[13:18:22][D][climate:419]:   Current Temperature: nan°C
[13:18:22][D][climate:425]:   Target Temperature: nan°C
[13:18:22][D][fujitsu.heatpump:067]: UNIT  frame: FE DF DF 7F FF F7 E9 6B
[13:18:22][D][fujitsu.heatpump:108]: RAW [0xDF->0xDF]: FE DF DF 7F FF F7 E9 6B
[13:18:22][D][fujitsu.heatpump:124]:   B3=0x7F  pwr=1 mode=7 fan=7 err=0
[13:18:22][D][fujitsu.heatpump:128]:   B4=0xFF  temp_raw=127 (->143°C) eco=1
[13:18:22][D][fujitsu.heatpump:131]:   B5=0xF7  magic=15 swing=1 step=1
[13:18:22][D][fujitsu.heatpump:133]:   B6=0xE9  room=52°C ctrl_present=1
[13:18:22][W][fujitsu.heatpump:148]: Target temp raw=127 out of range (byte4=0xFF) — keeping nan°C
[13:18:22][W][fujitsu.heatpump:158]: Room temp 52.0°C out of range (byte6=0xE9) — keeping nan°C
[13:18:22][I][fujitsu.heatpump:164]: State: pwr=ON mode=7 temp=nan°C room=nan°C fan=7
[13:18:22][D][fujitsu.climate:175]: State updated - Mode: 6, Target: nan°C, Current: nan°C
[13:18:22][I][fujitsu.heatpump:071]: CTRL  frame: CE FF FF 5F FF F7 E9 4B
[13:18:22][I][fujitsu.heatpump:075]:   CTRL B1=0xFF B2=0xFF B3=0x5F B4=0xFF B5=0xF7 B6=0xE9
[13:18:22][D][fujitsu.climate:175]: State updated - Mode: 6, Target: nan°C, Current: nan°C
[13:18:22][D][fujitsu.heatpump:067]: UNIT  frame: FE DF DF 7F FF F7 E9 6B
[13:18:22][D][fujitsu.heatpump:108]: RAW [0xDF->0xDF]: FE DF DF 7F FF F7 E9 6B
[13:18:22][D][fujitsu.heatpump:124]:   B3=0x7F  pwr=1 mode=7 fan=7 err=0
[13:18:22][D][fujitsu.heatpump:128]:   B4=0xFF  temp_raw=127 (->143°C) eco=1
[13:18:22][D][fujitsu.heatpump:131]:   B5=0xF7  magic=15 swing=1 step=1
[13:18:22][D][fujitsu.heatpump:133]:   B6=0xE9  room=52°C ctrl_present=1
[13:18:22][W][fujitsu.heatpump:148]: Target temp raw=127 out of range (byte4=0xFF) — keeping nan°C
[13:18:22][W][fujitsu.heatpump:158]: Room temp 52.0°C out of range (byte6=0xE9) — keeping nan°C
[13:18:22][I][fujitsu.heatpump:164]: State: pwr=ON mode=7 temp=nan°C room=nan°C fan=7
[13:18:22][D][fujitsu.climate:175]: State updated - Mode: 6, Target: nan°C, Current: nan°C
[13:18:22][I][fujitsu.heatpump:071]: CTRL  frame: CE FF FF 5F FF F7 E9 4B
[13:18:22][I][fujitsu.heatpump:075]:   CTRL B1=0xFF B2=0xFF B3=0x5F B4=0xFF B5=0xF7 B6=0xE9
[13:18:22][D][fujitsu.climate:175]: State updated - Mode: 6, Target: nan°C, Current: nan°C
[13:18:22][D][fujitsu.heatpump:067]: UNIT  frame: FE DF DF 7F FF F7 E9 6B
[13:18:22][D][fujitsu.heatpump:108]: RAW [0xDF->0xDF]: FE DF DF 7F FF F7 E9 6B
[13:18:22][D][fujitsu.heatpump:124]:   B3=0x7F  pwr=1 mode=7 fan=7 err=0
[13:18:22][D][fujitsu.heatpump:128]:   B4=0xFF  temp_raw=127 (->143°C) eco=1
[13:18:22][D][fujitsu.heatpump:131]:   B5=0xF7  magic=15 swing=1 step=1
[13:18:22][D][fujitsu.heatpump:133]:   B6=0xE9  room=52°C ctrl_present=1
[13:18:22][W][fujitsu.heatpump:148]: Target temp raw=127 out of range (byte4=0xFF) — keeping nan°C
[13:18:22][W][fujitsu.heatpump:158]: Room temp 52.0°C out of range (byte6=0xE9) — keeping nan°C
[13:18:22][I][fujitsu.heatpump:164]: State: pwr=ON mode=7 temp=nan°C room=nan°C fan=7
[13:18:22][D][fujitsu.climate:175]: State updated - Mode: 6, Target: nan°C, Current: nan°C
[13:18:22][I][fujitsu.heatpump:071]: CTRL  frame: CE FF FF 5F FF F7 E9 4B
[13:18:22][I][fujitsu.heatpump:075]:   CTRL B1=0xFF B2=0xFF B3=0x5F B4=0xFF B5=0xF7 B6=0xE9
[13:18:22][D][fujitsu.climate:175]: State updated - Mode: 6, Target: nan°C, Current: nan°C
[13:18:22][W][component:239]: Component fujitsu_climate.climate took a long time for an operation (289 ms).
[13:18:22][W][component:240]: Components should block for at most 30 ms.
[13:18:22][D][status_led:050]: 'Status LED': Setting state ON
[13:18:22][D][fujitsu.heatpump:067]: UNIT  frame: FE DF DF 7F FF F7 E9 6B
[13:18:22][D][fujitsu.heatpump:108]: RAW [0xDF->0xDF]: FE DF DF 7F FF F7 E9 6B
[13:18:22][D][fujitsu.heatpump:124]:   B3=0x7F  pwr=1 mode=7 fan=7 err=0
[13:18:22][D][fujitsu.heatpump:128]:   B4=0xFF  temp_raw=127 (->143°C) eco=1
[13:18:22][D][fujitsu.heatpump:131]:   B5=0xF7  magic=15 swing=1 step=1
[13:18:22][D][fujitsu.heatpump:133]:   B6=0xE9  room=52°C ctrl_present=1
[13:18:22][W][fujitsu.heatpump:148]: Target temp raw=127 out of range (byte4=0xFF) — keeping nan°C
[13:18:22][W][fujitsu.heatpump:158]: Room temp 52.0°C out of range (byte6=0xE9) — keeping nan°C
[13:18:22][I][fujitsu.heatpump:164]: State: pwr=ON mode=7 temp=nan°C room=nan°C fan=7
[13:18:22][D][fujitsu.climate:175]: State updated - Mode: 6, Target: nan°C, Current: nan°C
[13:18:22][I][fujitsu.heatpump:071]: CTRL  frame: CE FF FF 5F FF F7 E9 4B
[13:18:22][I][fujitsu.heatpump:075]:   CTRL B1=0xFF B2=0xFF B3=0x5F B4=0xFF B5=0xF7 B6=0xE9
[13:18:22][D][fujitsu.climate:175]: State updated - Mode: 6, Target: nan°C, Current: nan°C
[13:18:22][W][component:239]: Component fujitsu_climate.climate took a long time for an operation (97 ms).
[13:18:22][W][component:240]: Components should block for at most 30 ms.
[13:18:22][D][status_led:050]: 'Status LED': Setting state OFF
[13:18:22][D][climate:396]: 'Fujitsu Heat Pump' - Sending state:
[13:18:22][D][climate:399]:   Mode: AUTO
[13:18:22][D][climate:401]:   Action: IDLE
[13:18:22][D][climate:404]:   Fan Mode: AUTO
[13:18:22][D][climate:419]:   Current Temperature: nan°C
[13:18:22][D][climate:425]:   Target Temperature: nan°C
[13:18:22][D][fujitsu.heatpump:067]: UNIT  frame: FE DF DF 7F FF F7 E9 6B
[13:18:22][D][fujitsu.heatpump:108]: RAW [0xDF->0xDF]: FE DF DF 7F FF F7 E9 6B
[13:18:22][D][fujitsu.heatpump:124]:   B3=0x7F  pwr=1 mode=7 fan=7 err=0
[13:18:22][D][fujitsu.heatpump:128]:   B4=0xFF  temp_raw=127 (->143°C) eco=1
[13:18:22][D][fujitsu.heatpump:131]:   B5=0xF7  magic=15 swing=1 step=1
[13:18:22][D][fujitsu.heatpump:133]:   B6=0xE9  room=52°C ctrl_present=1
[13:18:22][W][fujitsu.heatpump:148]: Target temp raw=127 out of range (byte4=0xFF) — keeping nan°C
[13:18:22][W][fujitsu.heatpump:158]: Room temp 52.0°C out of range (byte6=0xE9) — keeping nan°C
[13:18:22][I][fujitsu.heatpump:164]: State: pwr=ON mode=7 temp=nan°C room=nan°C fan=7
[13:18:22][D][fujitsu.climate:175]: State updated - Mode: 6, Target: nan°C, Current: nan°C
[13:18:22][I][fujitsu.heatpump:071]: CTRL  frame: CE FF FF 5F FF F7 E9 4B
[13:18:22][I][fujitsu.heatpump:075]:   CTRL B1=0xFF B2=0xFF B3=0x5F B4=0xFF B5=0xF7 B6=0xE9
[13:18:22][D][fujitsu.climate:175]: State updated - Mode: 6, Target: nan°C, Current: nan°C
[13:18:22][D][fujitsu.heatpump:067]: UNIT  frame: FE DF DF 7F FF F7 E9 6B
[13:18:22][D][fujitsu.heatpump:108]: RAW [0xDF->0xDF]: FE DF DF 7F FF F7 E9 6B
[13:18:22][D][fujitsu.heatpump:124]:   B3=0x7F  pwr=1 mode=7 fan=7 err=0
[13:18:22][D][fujitsu.heatpump:128]:   B4=0xFF  temp_raw=127 (->143°C) eco=1
[13:18:22][D][fujitsu.heatpump:131]:   B5=0xF7  magic=15 swing=1 step=1
[13:18:22][D][fujitsu.heatpump:133]:   B6=0xE9  room=52°C ctrl_present=1
[13:18:22][W][fujitsu.heatpump:148]: Target temp raw=127 out of range (byte4=0xFF) — keeping nan°C
[13:18:22][W][fujitsu.heatpump:158]: Room temp 52.0°C out of range (byte6=0xE9) — keeping nan°C
[13:18:22][I][fujitsu.heatpump:164]: State: pwr=ON mode=7 temp=nan°C room=nan°C fan=7
[13:18:22][D][fujitsu.climate:175]: State updated - Mode: 6, Target: nan°C, Current: nan°C
[13:18:22][I][fujitsu.heatpump:071]: CTRL  frame: CE FF FF 5F FF F7 E9 4B
[13:18:22][I][fujitsu.heatpump:075]:   CTRL B1=0xFF B2=0xFF B3=0x5F B4=0xFF B5=0xF7 B6=0xE9
[13:18:22][D][fujitsu.climate:175]: State updated - Mode: 6, Target: nan°C, Current: nan°C
[13:18:22][W][component:239]: Component fujitsu_climate.climate took a long time for an operation (201 ms).
[13:18:22][W][component:240]: Components should block for at most 30 ms.
[13:18:22][D][fujitsu.heatpump:067]: UNIT  frame: FE DF DF 7F FF F7 E9 6B
[13:18:22][D][fujitsu.heatpump:108]: RAW [0xDF->0xDF]: FE DF DF 7F FF F7 E9 6B
[13:18:22][D][fujitsu.heatpump:124]:   B3=0x7F  pwr=1 mode=7 fan=7 err=0
[13:18:22][D][fujitsu.heatpump:128]:   B4=0xFF  temp_raw=127 (->143°C) eco=1
[13:18:22][D][fujitsu.heatpump:131]:   B5=0xF7  magic=15 swing=1 step=1
[13:18:22][D][fujitsu.heatpump:133]:   B6=0xE9  room=52°C ctrl_present=1
[13:18:22][W][fujitsu.heatpump:148]: Target temp raw=127 out of range (byte4=0xFF) — keeping nan°C
[13:18:22][W][fujitsu.heatpump:158]: Room temp 52.0°C out of range (byte6=0xE9) — keeping nan°C
[13:18:22][I][fujitsu.heatpump:164]: State: pwr=ON mode=7 temp=nan°C room=nan°C fan=7
[13:18:22][D][fujitsu.climate:175]: State updated - Mode: 6, Target: nan°C, Current: nan°C
[13:18:22][I][fujitsu.heatpump:071]: CTRL  frame: CE FF FF 5F FF F7 E9 4B
[13:18:22][I][fujitsu.heatpump:075]:   CTRL B1=0xFF B2=0xFF B3=0x5F B4=0xFF B5=0xF7 B6=0xE9
[13:18:22][D][fujitsu.climate:175]: State updated - Mode: 6, Target: nan°C, Current: nan°C
[13:18:22][W][component:239]: Component fujitsu_climate.climate took a long time for an operation (97 ms).
[13:18:22][W][component:240]: Components should block for at most 30 ms.
[13:18:22][D][climate:396]: 'Fujitsu Heat Pump' - Sending state:
[13:18:22][D][climate:399]:   Mode: AUTO
[13:18:22][D][climate:401]:   Action: IDLE
[13:18:22][D][climate:404]:   Fan Mode: AUTO
[13:18:22][D][climate:419]:   Current Temperature: nan°C
[13:18:22][D][climate:425]:   Target Temperature: nan°C
[13:18:22][D][fujitsu.heatpump:067]: UNIT  frame: FE DF DF 7F FF F7 E9 6B
[13:18:22][D][fujitsu.heatpump:108]: RAW [0xDF->0xDF]: FE DF DF 7F FF F7 E9 6B
[13:18:22][D][fujitsu.heatpump:124]:   B3=0x7F  pwr=1 mode=7 fan=7 err=0
[13:18:22][D][fujitsu.heatpump:128]:   B4=0xFF  temp_raw=127 (->143°C) eco=1
[13:18:22][D][fujitsu.heatpump:131]:   B5=0xF7  magic=15 swing=1 step=1
[13:18:22][D][fujitsu.heatpump:133]:   B6=0xE9  room=52°C ctrl_present=1
[13:18:22][W][fujitsu.heatpump:148]: Target temp raw=127 out of range (byte4=0xFF) — keeping nan°C
[13:18:22][W][fujitsu.heatpump:158]: Room temp 52.0°C out of range (byte6=0xE9) — keeping nan°C
[13:18:22][I][fujitsu.heatpump:164]: State: pwr=ON mode=7 temp=nan°C room=nan°C fan=7
[13:18:22][D][fujitsu.climate:175]: State updated - Mode: 6, Target: nan°C, Current: nan°C
[13:18:22][I][fujitsu.heatpump:071]: CTRL  frame: CE FF FF 5F FF F7 E9 4B
[13:18:22][I][fujitsu.heatpump:075]:   CTRL B1=0xFF B2=0xFF B3=0x5F B4=0xFF B5=0xF7 B6=0xE9
[13:18:22][D][fujitsu.climate:175]: State updated - Mode: 6, Target: nan°C, Current: nan°C
[13:18:22][W][component:239]: Component fujitsu_climate.climate took a long time for an operation (96 ms).
[13:18:22][W][component:240]: Components should block for at most 30 ms.
[13:18:22][D][status_led:050]: 'Status LED': Setting state ON
[13:18:22][D][fujitsu.heatpump:067]: UNIT  frame: FE DF DF 7F FF F7 E9 6B
[13:18:22][D][fujitsu.heatpump:108]: RAW [0xDF->0xDF]: FE DF DF 7F FF F7 E9 6B
[13:18:22][D][fujitsu.heatpump:124]:   B3=0x7F  pwr=1 mode=7 fan=7 err=0
[13:18:22][D][fujitsu.heatpump:128]:   B4=0xFF  temp_raw=127 (->143°C) eco=1
[13:18:22][D][fujitsu.heatpump:131]:   B5=0xF7  magic=15 swing=1 step=1
[13:18:22][D][fujitsu.heatpump:133]:   B6=0xE9  room=52°C ctrl_present=1
[13:18:22][W][fujitsu.heatpump:148]: Target temp raw=127 out of range (byte4=0xFF) — keeping nan°C
[13:18:22][W][fujitsu.heatpump:158]: Room temp 52.0°C out of range (byte6=0xE9) — keeping nan°C
[13:18:22][I][fujitsu.heatpump:164]: State: pwr=ON mode=7 temp=nan°C room=nan°C fan=7
[13:18:22][D][fujitsu.climate:175]: State updated - Mode: 6, Target: nan°C, Current: nan°C
[13:18:22][I][fujitsu.heatpump:071]: CTRL  frame: CE FF FF 5F FF F7 E9 4B
[13:18:22][I][fujitsu.heatpump:075]:   CTRL B1=0xFF B2=0xFF B3=0x5F B4=0xFF B5=0xF7 B6=0xE9
[13:18:22][D][fujitsu.climate:175]: State updated - Mode: 6, Target: nan°C, Current: nan°C
[13:18:22][W][component:239]: Component fujitsu_climate.climate took a long time for an operation (99 ms).
[13:18:22][W][component:240]: Components should block for at most 30 ms.
[13:18:22][D][status_led:050]: 'Status LED': Setting state OFF
[13:18:22][D][climate:396]: 'Fujitsu Heat Pump' - Sending state:
[13:18:22][D][climate:399]:   Mode: AUTO
[13:18:22][D][climate:401]:   Action: IDLE
[13:18:22][D][climate:404]:   Fan Mode: AUTO
[13:18:22][D][climate:419]:   Current Temperature: nan°C
[13:18:22][D][climate:425]:   Target Temperature: nan°C
[13:18:22][D][fujitsu.heatpump:067]: UNIT  frame: FE DF DF 7F FF F7 E9 6B
[13:18:22][D][fujitsu.heatpump:108]: RAW [0xDF->0xDF]: FE DF DF 7F FF F7 E9 6B
[13:18:22][D][fujitsu.heatpump:124]:   B3=0x7F  pwr=1 mode=7 fan=7 err=0
[13:18:22][D][fujitsu.heatpump:128]:   B4=0xFF  temp_raw=127 (->143°C) eco=1
[13:18:22][D][fujitsu.heatpump:131]:   B5=0xF7  magic=15 swing=1 step=1
[13:18:22][D][fujitsu.heatpump:133]:   B6=0xE9  room=52°C ctrl_present=1
[13:18:22][W][fujitsu.heatpump:148]: Target temp raw=127 out of range (byte4=0xFF) — keeping nan°C
[13:18:22][W][fujitsu.heatpump:158]: Room temp 52.0°C out of range (byte6=0xE9) — keeping nan°C
[13:18:22][I][fujitsu.heatpump:164]: State: pwr=ON mode=7 temp=nan°C room=nan°C fan=7
[13:18:22][D][fujitsu.climate:175]: State updated - Mode: 6, Target: nan°C, Current: nan°C
[13:18:22][I][fujitsu.heatpump:071]: CTRL  frame: CE FF FF 5F FF F7 E9 4B
[13:18:22][I][fujitsu.heatpump:075]:   CTRL B1=0xFF B2=0xFF B3=0x5F B4=0xFF B5=0xF7 B6=0xE9
[13:18:22][D][fujitsu.climate:175]: State updated - Mode: 6, Target: nan°C, Current: nan°C
[13:18:22][W][component:239]: Component fujitsu_climate.climate took a long time for an operation (91 ms).
[13:18:22][W][component:240]: Components should block for at most 30 ms.
[13:18:22][D][fujitsu.heatpump:067]: UNIT  frame: FE DF DF 7F FF F7 E9 6B
[13:18:22][D][fujitsu.heatpump:108]: RAW [0xDF->0xDF]: FE DF DF 7F FF F7 E9 6B
[13:18:22][D][fujitsu.heatpump:124]:   B3=0x7F  pwr=1 mode=7 fan=7 err=0
[13:18:22][D][fujitsu.heatpump:128]:   B4=0xFF  temp_raw=127 (->143°C) eco=1
[13:18:22][D][fujitsu.heatpump:131]:   B5=0xF7  magic=15 swing=1 step=1
[13:18:22][D][fujitsu.heatpump:133]:   B6=0xE9  room=52°C ctrl_present=1
[13:18:22][W][fujitsu.heatpump:148]: Target temp raw=127 out of range (byte4=0xFF) — keeping nan°C
[13:18:22][W][fujitsu.heatpump:158]: Room temp 52.0°C out of range (byte6=0xE9) — keeping nan°C
[13:18:22][I][fujitsu.heatpump:164]: State: pwr=ON mode=7 temp=nan°C room=nan°C fan=7
[13:18:22][D][fujitsu.climate:175]: State updated - Mode: 6, Target: nan°C, Current: nan°C
[13:18:22][I][fujitsu.heatpump:071]: CTRL  frame: CE FF FF 5F FF F7 E9 4B
[13:18:22][I][fujitsu.heatpump:075]:   CTRL B1=0xFF B2=0xFF B3=0x5F B4=0xFF B5=0xF7 B6=0xE9
[13:18:22][D][fujitsu.climate:175]: State updated - Mode: 6, Target: nan°C, Current: nan°C
[13:18:22][W][component:239]: Component fujitsu_climate.climate took a long time for an operation (100 ms).
[13:18:22][W][component:240]: Components should block for at most 30 ms.
[13:18:22][D][fujitsu.heatpump:067]: UNIT  frame: FE DF DF 7F FF F7 E9 6B
[13:18:22][D][fujitsu.heatpump:108]: RAW [0xDF->0xDF]: FE DF DF 7F FF F7 E9 6B
[13:18:22][D][fujitsu.heatpump:124]:   B3=0x7F  pwr=1 mode=7 fan=7 err=0
[13:18:22][D][fujitsu.heatpump:128]:   B4=0xFF  temp_raw=127 (->143°C) eco=1
[13:18:22][D][fujitsu.heatpump:131]:   B5=0xF7  magic=15 swing=1 step=1
[13:18:22][D][fujitsu.heatpump:133]:   B6=0xE9  room=52°C ctrl_present=1
[13:18:22][W][fujitsu.heatpump:148]: Target temp raw=127 out of range (byte4=0xFF) — keeping nan°C
[13:18:22][W][fujitsu.heatpump:158]: Room temp 52.0°C out of range (byte6=0xE9) — keeping nan°C
[13:18:22][I][fujitsu.heatpump:164]: State: pwr=ON mode=7 temp=nan°C room=nan°C fan=7
[13:18:22][D][fujitsu.climate:175]: State updated - Mode: 6, Target: nan°C, Current: nan°C
[13:18:22][I][fujitsu.heatpump:071]: CTRL  frame: CE FF FF 5F FF F7 E9 4B
[13:18:22][I][fujitsu.heatpump:075]:   CTRL B1=0xFF B2=0xFF B3=0x5F B4=0xFF B5=0xF7 B6=0xE9
[13:18:22][D][fujitsu.climate:175]: State updated - Mode: 6, Target: nan°C, Current: nan°C
[13:18:22][W][component:239]: Component fujitsu_climate.climate took a long time for an operation (89 ms).
[13:18:22][W][component:240]: Components should block for at most 30 ms.
[13:18:22][D][climate:396]: 'Fujitsu Heat Pump' - Sending state:
[13:18:22][D][climate:399]:   Mode: AUTO
[13:18:22][D][climate:401]:   Action: IDLE
[13:18:23][D][fujitsu.heatpump:067]: UNIT  frame: FE DF DF 7F FF F7 E9 6B
[13:18:23][D][fujitsu.heatpump:108]: RAW [0xDF->0xDF]: FE DF DF 7F FF F7 E9 6B
[13:18:23][D][fujitsu.heatpump:124]:   B3=0x7F  pwr=1 mode=7 fan=7 err=0
[13:18:23][D][fujitsu.heatpump:128]:   B4=0xFF  temp_raw=127 (->143°C) eco=1
[13:18:23][D][fujitsu.heatpump:131]:   B5=0xF7  magic=15 swing=1 step=1
[13:18:23][D][fujitsu.heatpump:133]:   B6=0xE9  room=52°C ctrl_present=1
[13:18:23][W][fujitsu.heatpump:148]: Target temp raw=127 out of range (byte4=0xFF) — keeping nan°C
[13:18:23][W][fujitsu.heatpump:158]: Room temp 52.0°C out of range (byte6=0xE9) — keeping nan°C
[13:18:23][I][fujitsu.heatpump:164]: State: pwr=ON mode=7 temp=nan°C room=nan°C fan=7
[13:18:23][D][fujitsu.climate:175]: State updated - Mode: 6, Target: nan°C, Current: nan°C
[13:18:23][I][fujitsu.heatpump:071]: CTRL  frame: CE FF FF 5F FF F7 E9 4B
[13:18:23][I][fujitsu.heatpump:075]:   CTRL B1=0xFF B2=0xFF B3=0x5F B4=0xFF B5=0xF7 B6=0xE9
[13:18:23][D][fujitsu.climate:175]: State updated - Mode: 6, Target: nan°C, Current: nan°C
[13:18:23][W][component:239]: Component fujitsu_climate.climate took a long time for an operation (95 ms).
[13:18:23][W][component:240]: Components should block for at most 30 ms.
[13:18:23][D][status_led:050]: 'Status LED': Setting state ON
[13:18:24][D][status_led:050]: 'Status LED': Setting state OFF
[13:18:24][D][climate:396]: 'Fujitsu Heat Pump' - Sending state:
[13:18:24][D][climate:399]:   Mode: AUTO
[13:18:24][D][climate:401]:   Action: IDLE
[13:18:24][D][climate:404]:   Fan Mode: AUTO
[13:18:24][D][climate:419]:   Current Temperature: nan°C
[13:18:24][D][climate:425]:   Target Temperature: nan°C
[13:18:24][D][fujitsu.heatpump:067]: UNIT  frame: FE DF DF 7F FF F7 E9 6B
[13:18:24][D][fujitsu.heatpump:108]: RAW [0xDF->0xDF]: FE DF DF 7F FF F7 E9 6B
[13:18:24][D][fujitsu.heatpump:124]:   B3=0x7F  pwr=1 mode=7 fan=7 err=0
[13:18:24][D][fujitsu.heatpump:128]:   B4=0xFF  temp_raw=127 (->143°C) eco=1
[13:18:24][D][fujitsu.heatpump:131]:   B5=0xF7  magic=15 swing=1 step=1
[13:18:24][D][fujitsu.heatpump:133]:   B6=0xE9  room=52°C ctrl_present=1
[13:18:24][W][fujitsu.heatpump:148]: Target temp raw=127 out of range (byte4=0xFF) — keeping nan°C
[13:18:24][W][fujitsu.heatpump:158]: Room temp 52.0°C out of range (byte6=0xE9) — keeping nan°C
[13:18:24][I][fujitsu.heatpump:164]: State: pwr=ON mode=7 temp=nan°C room=nan°C fan=7
[13:18:24][D][fujitsu.climate:175]: State updated - Mode: 6, Target: nan°C, Current: nan°C
[13:18:24][I][fujitsu.heatpump:071]: CTRL  frame: CE FF FF 5F FF F7 E9 4B
[13:18:24][I][fujitsu.heatpump:075]:   CTRL B1=0xFF B2=0xFF B3=0x5F B4=0xFF B5=0xF7 B6=0xE9
[13:18:24][D][fujitsu.climate:175]: State updated - Mode: 6, Target: nan°C, Current: nan°C
[13:18:24][D][fujitsu.heatpump:067]: UNIT  frame: FE DF DF 7F FF F7 E9 6B
[13:18:24][D][fujitsu.heatpump:108]: RAW [0xDF->0xDF]: FE DF DF 7F FF F7 E9 6B
[13:18:24][D][fujitsu.heatpump:124]:   B3=0x7F  pwr=1 mode=7 fan=7 err=0
[13:18:24][D][fujitsu.heatpump:128]:   B4=0xFF  temp_raw=127 (->143°C) eco=1
[13:18:24][D][fujitsu.heatpump:131]:   B5=0xF7  magic=15 swing=1 step=1
[13:18:24][D][fujitsu.heatpump:133]:   B6=0xE9  room=52°C ctrl_present=1
[13:18:24][W][fujitsu.heatpump:148]: Target temp raw=127 out of range (byte4=0xFF) — keeping nan°C
[13:18:24][W][fujitsu.heatpump:158]: Room temp 52.0°C out of range (byte6=0xE9) — keeping nan°C
[13:18:24][I][fujitsu.heatpump:164]: State: pwr=ON mode=7 temp=nan°C room=nan°C fan=7
[13:18:24][D][fujitsu.climate:175]: State updated - Mode: 6, Target: nan°C, Current: nan°C
[13:18:24][I][fujitsu.heatpump:071]: CTRL  frame: CE FF FF 5F FF F7 E9 4B
[13:18:24][I][fujitsu.heatpump:075]:   CTRL B1=0xFF B2=0xFF B3=0x5F B4=0xFF B5=0xF7 B6=0xE9
[13:18:24][D][fujitsu.climate:175]: State updated - Mode: 6, Target: nan°C, Current: nan°C
[13:18:24][W][component:239]: Component fujitsu_climate.climate took a long time for an operation (198 ms).
[13:18:24][W][component:240]: Components should block for at most 30 ms.
[13:18:26][D][climate:396]: 'Fujitsu Heat Pump' - Sending state:
[13:18:26][D][climate:399]:   Mode: AUTO
[13:18:26][D][climate:401]:   Action: IDLE
[13:18:26][D][climate:404]:   Fan Mode: AUTO
[13:18:26][D][climate:419]:   Current Temperature: nan°C
[13:18:26][D][climate:425]:   Target Temperature: nan°C
[13:18:26][D][fujitsu.heatpump:067]: UNIT  frame: FE DF DF 7F FF F7 E9 6B
[13:18:26][D][fujitsu.heatpump:108]: RAW [0xDF->0xDF]: FE DF DF 7F FF F7 E9 6B
[13:18:26][D][fujitsu.heatpump:124]:   B3=0x7F  pwr=1 mode=7 fan=7 err=0
[13:18:26][D][fujitsu.heatpump:128]:   B4=0xFF  temp_raw=127 (->143°C) eco=1
[13:18:26][D][fujitsu.heatpump:131]:   B5=0xF7  magic=15 swing=1 step=1
[13:18:26][D][fujitsu.heatpump:133]:   B6=0xE9  room=52°C ctrl_present=1
[13:18:26][W][fujitsu.heatpump:148]: Target temp raw=127 out of range (byte4=0xFF) — keeping nan°C
[13:18:26][W][fujitsu.heatpump:158]: Room temp 52.0°C out of range (byte6=0xE9) — keeping nan°C
[13:18:26][I][fujitsu.heatpump:164]: State: pwr=ON mode=7 temp=nan°C room=nan°C fan=7
[13:18:26][D][fujitsu.climate:175]: State updated - Mode: 6, Target: nan°C, Current: nan°C
[13:18:26][I][fujitsu.heatpump:071]: CTRL  frame: CE FF FF 5F FF F7 E9 4B
[13:18:26][I][fujitsu.heatpump:075]:   CTRL B1=0xFF B2=0xFF B3=0x5F B4=0xFF B5=0xF7 B6=0xE9
[13:18:26][D][fujitsu.climate:175]: State updated - Mode: 6, Target: nan°C, Current: nan°C
[13:18:26][D][fujitsu.heatpump:067]: UNIT  frame: FE DF DF 7F FF F7 E9 6B
[13:18:26][D][fujitsu.heatpump:108]: RAW [0xDF->0xDF]: FE DF DF 7F FF F7 E9 6B
[13:18:26][D][fujitsu.heatpump:124]:   B3=0x7F  pwr=1 mode=7 fan=7 err=0
[13:18:26][D][fujitsu.heatpump:128]:   B4=0xFF  temp_raw=127 (->143°C) eco=1
[13:18:26][D][fujitsu.heatpump:131]:   B5=0xF7  magic=15 swing=1 step=1
[13:18:26][D][fujitsu.heatpump:133]:   B6=0xE9  room=52°C ctrl_present=1
[13:18:26][W][fujitsu.heatpump:148]: Target temp raw=127 out of range (byte4=0xFF) — keeping nan°C
[13:18:26][W][fujitsu.heatpump:158]: Room temp 52.0°C out of range (byte6=0xE9) — keeping nan°C
[13:18:26][I][fujitsu.heatpump:164]: State: pwr=ON mode=7 temp=nan°C room=nan°C fan=7
[13:18:26][D][fujitsu.climate:175]: State updated - Mode: 6, Target: nan°C, Current: nan°C
[13:18:26][I][fujitsu.heatpump:071]: CTRL  frame: CE FF FF 5F FF F7 E9 4B
[13:18:26][I][fujitsu.heatpump:075]:   CTRL B1=0xFF B2=0xFF B3=0x5F B4=0xFF B5=0xF7 B6=0xE9
[13:18:26][D][fujitsu.climate:175]: State updated - Mode: 6, Target: nan°C, Current: nan°C
[13:18:26][D][fujitsu.heatpump:067]: UNIT  frame: FE DF DF 7F FF F7 E9 6B
[13:18:26][D][fujitsu.heatpump:108]: RAW [0xDF->0xDF]: FE DF DF 7F FF F7 E9 6B
[13:18:26][D][fujitsu.heatpump:124]:   B3=0x7F  pwr=1 mode=7 fan=7 err=0
[13:18:26][D][fujitsu.heatpump:128]:   B4=0xFF  temp_raw=127 (->143°C) eco=1
[13:18:26][D][fujitsu.heatpump:131]:   B5=0xF7  magic=15 swing=1 step=1
[13:18:26][D][fujitsu.heatpump:133]:   B6=0xE9  room=52°C ctrl_present=1
[13:18:26][W][fujitsu.heatpump:148]: Target temp raw=127 out of range (byte4=0xFF) — keeping nan°C
[13:18:26][W][fujitsu.heatpump:158]: Room temp 52.0°C out of range (byte6=0xE9) — keeping nan°C
[13:18:26][I][fujitsu.heatpump:164]: State: pwr=ON mode=7 temp=nan°C room=nan°C fan=7
[13:18:26][D][fujitsu.climate:175]: State updated - Mode: 6, Target: nan°C, Current: nan°C
[13:18:26][I][fujitsu.heatpump:071]: CTRL  frame: CE FF FF 5F FF F7 E9 4B
[13:18:26][I][fujitsu.heatpump:075]:   CTRL B1=0xFF B2=0xFF B3=0x5F B4=0xFF B5=0xF7 B6=0xE9
[13:18:26][D][fujitsu.climate:175]: State updated - Mode: 6, Target: nan°C, Current: nan°C
[13:18:26][W][component:239]: Component fujitsu_climate.climate took a long time for an operation (299 ms).
[13:18:26][W][component:240]: Components should block for at most 30 ms.
[13:18:26][D][status_led:050]: 'Status LED': Setting state ON
[13:18:26][D][fujitsu.heatpump:067]: UNIT  frame: FE DF DF 7F FF F7 E9 6B
[13:18:26][D][fujitsu.heatpump:108]: RAW [0xDF->0xDF]: FE DF DF 7F FF F7 E9 6B
[13:18:26][D][fujitsu.heatpump:124]:   B3=0x7F  pwr=1 mode=7 fan=7 err=0
[13:18:26][D][fujitsu.heatpump:128]:   B4=0xFF  temp_raw=127 (->143°C) eco=1
[13:18:26][D][fujitsu.heatpump:131]:   B5=0xF7  magic=15 swing=1 step=1
[13:18:26][D][fujitsu.heatpump:133]:   B6=0xE9  room=52°C ctrl_present=1
[13:18:26][W][fujitsu.heatpump:148]: Target temp raw=127 out of range (byte4=0xFF) — keeping nan°C
[13:18:26][W][fujitsu.heatpump:158]: Room temp 52.0°C out of range (byte6=0xE9) — keeping nan°C
[13:18:26][I][fujitsu.heatpump:164]: State: pwr=ON mode=7 temp=nan°C room=nan°C fan=7
[13:18:26][D][fujitsu.climate:175]: State updated - Mode: 6, Target: nan°C, Current: nan°C
[13:18:26][I][fujitsu.heatpump:071]: CTRL  frame: CE FF FF 5F FF F7 E9 4B
[13:18:26][I][fujitsu.heatpump:075]:   CTRL B1=0xFF B2=0xFF B3=0x5F B4=0xFF B5=0xF7 B6=0xE9
[13:18:26][D][fujitsu.climate:175]: State updated - Mode: 6, Target: nan°C, Current: nan°C
[13:18:26][W][component:239]: Component fujitsu_climate.climate took a long time for an operation (96 ms).
[13:18:26][W][component:240]: Components should block for at most 30 ms.
[13:18:26][D][climate:396]: 'Fujitsu Heat Pump' - Sending state:
[13:18:26][D][climate:399]:   Mode: AUTO
[13:18:26][D][climate:401]:   Action: IDLE
[13:18:26][D][climate:404]:   Fan Mode: AUTO
[13:18:26][D][climate:419]:   Current Temperature: nan°C
[13:18:26][D][climate:425]:   Target Temperature: nan°C
[13:18:26][D][status_led:050]: 'Status LED': Setting state OFF
[13:18:26][D][fujitsu.heatpump:067]: UNIT  frame: FE DF DF 7F FF F7 E9 6B
[13:18:26][D][fujitsu.heatpump:108]: RAW [0xDF->0xDF]: FE DF DF 7F FF F7 E9 6B
[13:18:26][D][fujitsu.heatpump:124]:   B3=0x7F  pwr=1 mode=7 fan=7 err=0
[13:18:26][D][fujitsu.heatpump:128]:   B4=0xFF  temp_raw=127 (->143°C) eco=1
[13:18:26][D][fujitsu.heatpump:131]:   B5=0xF7  magic=15 swing=1 step=1
[13:18:26][D][fujitsu.heatpump:133]:   B6=0xE9  room=52°C ctrl_present=1
[13:18:26][W][fujitsu.heatpump:148]: Target temp raw=127 out of range (byte4=0xFF) — keeping nan°C
[13:18:26][W][fujitsu.heatpump:158]: Room temp 52.0°C out of range (byte6=0xE9) — keeping nan°C
[13:18:26][I][fujitsu.heatpump:164]: State: pwr=ON mode=7 temp=nan°C room=nan°C fan=7
[13:18:26][D][fujitsu.climate:175]: State updated - Mode: 6, Target: nan°C, Current: nan°C
[13:18:26][I][fujitsu.heatpump:071]: CTRL  frame: CE FF FF 5F FF F7 E9 4B
[13:18:26][I][fujitsu.heatpump:075]:   CTRL B1=0xFF B2=0xFF B3=0x5F B4=0xFF B5=0xF7 B6=0xE9
[13:18:26][D][fujitsu.climate:175]: State updated - Mode: 6, Target: nan°C, Current: nan°C
[13:18:26][W][component:239]: Component fujitsu_climate.climate took a long time for an operation (100 ms).
[13:18:26][W][component:240]: Components should block for at most 30 ms.
[13:18:26][D][fujitsu.heatpump:067]: UNIT  frame: FE DF DF 7F FF F7 E9 6B
[13:18:26][D][fujitsu.heatpump:108]: RAW [0xDF->0xDF]: FE DF DF 7F FF F7 E9 6B
[13:18:26][D][fujitsu.heatpump:124]:   B3=0x7F  pwr=1 mode=7 fan=7 err=0
[13:18:26][D][fujitsu.heatpump:128]:   B4=0xFF  temp_raw=127 (->143°C) eco=1
[13:18:26][D][fujitsu.heatpump:131]:   B5=0xF7  magic=15 swing=1 step=1
[13:18:26][D][fujitsu.heatpump:133]:   B6=0xE9  room=52°C ctrl_present=1
[13:18:26][W][fujitsu.heatpump:148]: Target temp raw=127 out of range (byte4=0xFF) — keeping nan°C
[13:18:26][W][fujitsu.heatpump:158]: Room temp 52.0°C out of range (byte6=0xE9) — keeping nan°C
[13:18:26][I][fujitsu.heatpump:164]: State: pwr=ON mode=7 temp=nan°C room=nan°C fan=7
[13:18:26][D][fujitsu.climate:175]: State updated - Mode: 6, Target: nan°C, Current: nan°C
[13:18:26][I][fujitsu.heatpump:071]: CTRL  frame: CE FF FF 5F FF F7 E9 4B
[13:18:26][I][fujitsu.heatpump:075]:   CTRL B1=0xFF B2=0xFF B3=0x5F B4=0xFF B5=0xF7 B6=0xE9
[13:18:26][D][fujitsu.climate:175]: State updated - Mode: 6, Target: nan°C, Current: nan°C
[13:18:26][W][component:239]: Component fujitsu_climate.climate took a long time for an operation (98 ms).
[13:18:26][W][component:240]: Components should block for at most 30 ms.
[13:18:26][D][climate:396]: 'Fujitsu Heat Pump' - Sending state:
[13:18:26][D][climate:399]:   Mode: AUTO
[13:18:26][D][climate:401]:   Action: IDLE
[13:18:26][D][climate:404]:   Fan Mode: AUTO
[13:18:26][D][climate:419]:   Current Temperature: nan°C
[13:18:26][D][climate:425]:   Target Temperature: nan°C
[13:18:26][D][fujitsu.heatpump:067]: UNIT  frame: FE DF DF 7F FF F7 E9 6B
[13:18:26][D][fujitsu.heatpump:108]: RAW [0xDF->0xDF]: FE DF DF 7F FF F7 E9 6B
[13:18:26][D][fujitsu.heatpump:124]:   B3=0x7F  pwr=1 mode=7 fan=7 err=0
[13:18:26][D][fujitsu.heatpump:128]:   B4=0xFF  temp_raw=127 (->143°C) eco=1
[13:18:26][D][fujitsu.heatpump:131]:   B5=0xF7  magic=15 swing=1 step=1
[13:18:26][D][fujitsu.heatpump:133]:   B6=0xE9  room=52°C ctrl_present=1
[13:18:26][W][fujitsu.heatpump:148]: Target temp raw=127 out of range (byte4=0xFF) — keeping nan°C
[13:18:26][W][fujitsu.heatpump:158]: Room temp 52.0°C out of range (byte6=0xE9) — keeping nan°C
[13:18:26][I][fujitsu.heatpump:164]: State: pwr=ON mode=7 temp=nan°C room=nan°C fan=7
[13:18:26][D][fujitsu.climate:175]: State updated - Mode: 6, Target: nan°C, Current: nan°C
[13:18:26][I][fujitsu.heatpump:071]: CTRL  frame: CE FF FF 5F FF F7 E9 4B
[13:18:26][I][fujitsu.heatpump:075]:   CTRL B1=0xFF B2=0xFF B3=0x5F B4=0xFF B5=0xF7 B6=0xE9
[13:18:26][D][fujitsu.climate:175]: State updated - Mode: 6, Target: nan°C, Current: nan°C
[13:18:26][W][component:239]: Component fujitsu_climate.climate took a long time for an operation (96 ms).
[13:18:28][D][fujitsu.heatpump:067]: UNIT  frame: FE DF DF 7F FF F7 E9 6B
[13:18:28][D][fujitsu.heatpump:108]: RAW [0xDF->0xDF]: FE DF DF 7F FF F7 E9 6B
[13:18:28][D][fujitsu.heatpump:124]:   B3=0x7F  pwr=1 mode=7 fan=7 err=0
[13:18:28][D][fujitsu.heatpump:128]:   B4=0xFF  temp_raw=127 (->143°C) eco=1
[13:18:28][D][fujitsu.heatpump:131]:   B5=0xF7  magic=15 swing=1 step=1
[13:18:28][D][fujitsu.heatpump:133]:   B6=0xE9  room=52°C ctrl_present=1
[13:18:28][W][fujitsu.heatpump:148]: Target temp raw=127 out of range (byte4=0xFF) — keeping nan°C
[13:18:28][W][fujitsu.heatpump:158]: Room temp 52.0°C out of range (byte6=0xE9) — keeping nan°C
[13:18:28][I][fujitsu.heatpump:164]: State: pwr=ON mode=7 temp=nan°C room=nan°C fan=7
[13:18:28][D][fujitsu.climate:175]: State updated - Mode: 6, Target: nan°C, Current: nan°C
[13:18:28][I][fujitsu.heatpump:071]: CTRL  frame: CE FF FF 5F FF F7 E9 4B
[13:18:28][I][fujitsu.heatpump:075]:   CTRL B1=0xFF B2=0xFF B3=0x5F B4=0xFF B5=0xF7 B6=0xE9
[13:18:28][D][fujitsu.climate:175]: State updated - Mode: 6, Target: nan°C, Current: nan°C
[13:18:28][W][component:239]: Component fujitsu_climate.climate took a long time for an operation (98 ms).
[13:18:28][W][component:240]: Components should block for at most 30 ms.
[13:18:28][D][status_led:050]: 'Status LED': Setting state ON
[13:18:28][D][fujitsu.heatpump:067]: UNIT  frame: FE DF DF 7F FF F7 E9 6B
[13:18:28][D][fujitsu.heatpump:108]: RAW [0xDF->0xDF]: FE DF DF 7F FF F7 E9 6B
[13:18:28][D][fujitsu.heatpump:124]:   B3=0x7F  pwr=1 mode=7 fan=7 err=0
[13:18:28][D][fujitsu.heatpump:128]:   B4=0xFF  temp_raw=127 (->143°C) eco=1
[13:18:28][D][fujitsu.heatpump:131]:   B5=0xF7  magic=15 swing=1 step=1
[13:18:28][D][fujitsu.heatpump:133]:   B6=0xE9  room=52°C ctrl_present=1
[13:18:28][W][fujitsu.heatpump:148]: Target temp raw=127 out of range (byte4=0xFF) — keeping nan°C
[13:18:28][W][fujitsu.heatpump:158]: Room temp 52.0°C out of range (byte6=0xE9) — keeping nan°C
[13:18:28][I][fujitsu.heatpump:164]: State: pwr=ON mode=7 temp=nan°C room=nan°C fan=7
[13:18:28][D][fujitsu.climate:175]: State updated - Mode: 6, Target: nan°C, Current: nan°C
[13:18:28][I][fujitsu.heatpump:071]: CTRL  frame: CE FF FF 5F FF F7 E9 4B
[13:18:28][I][fujitsu.heatpump:075]:   CTRL B1=0xFF B2=0xFF B3=0x5F B4=0xFF B5=0xF7 B6=0xE9
[13:18:28][D][fujitsu.climate:175]: State updated - Mode: 6, Target: nan°C, Current: nan°C
[13:18:28][W][component:239]: Component fujitsu_climate.climate took a long time for an operation (91 ms).
[13:18:28][W][component:240]: Components should block for at most 30 ms.
[13:18:28][D][climate:396]: 'Fujitsu Heat Pump' - Sending state:
[13:18:28][D][climate:399]:   Mode: AUTO
[13:18:28][D][climate:401]:   Action: IDLE
[13:18:28][D][climate:404]:   Fan Mode: AUTO
[13:18:28][D][climate:419]:   Current Temperature: nan°C
[13:18:28][D][climate:425]:   Target Temperature: nan°C
[13:18:28][D][status_led:050]: 'Status LED': Setting state OFF
[13:18:28][D][fujitsu.heatpump:067]: UNIT  frame: FE DF DF 7F FF F7 E9 6B
[13:18:28][D][fujitsu.heatpump:108]: RAW [0xDF->0xDF]: FE DF DF 7F FF F7 E9 6B
[13:18:28][D][fujitsu.heatpump:124]:   B3=0x7F  pwr=1 mode=7 fan=7 err=0
[13:18:28][D][fujitsu.heatpump:128]:   B4=0xFF  temp_raw=127 (->143°C) eco=1
[13:18:28][D][fujitsu.heatpump:131]:   B5=0xF7  magic=15 swing=1 step=1
[13:18:28][D][fujitsu.heatpump:133]:   B6=0xE9  room=52°C ctrl_present=1
[13:18:28][W][fujitsu.heatpump:148]: Target temp raw=127 out of range (byte4=0xFF) — keeping nan°C
[13:18:28][W][fujitsu.heatpump:158]: Room temp 52.0°C out of range (byte6=0xE9) — keeping nan°C
[13:18:28][I][fujitsu.heatpump:164]: State: pwr=ON mode=7 temp=nan°C room=nan°C fan=7
[13:18:28][D][fujitsu.climate:175]: State updated - Mode: 6, Target: nan°C, Current: nan°C
[13:18:28][I][fujitsu.heatpump:071]: CTRL  frame: CE FF FF 5F FF F7 E9 4B
[13:18:28][I][fujitsu.heatpump:075]:   CTRL B1=0xFF B2=0xFF B3=0x5F B4=0xFF B5=0xF7 B6=0xE9
[13:18:28][D][fujitsu.climate:175]: State updated - Mode: 6, Target: nan°C, Current: nan°C
[13:18:28][D][fujitsu.heatpump:067]: UNIT  frame: FE DF DF 7F FF F7 E9 6B
[13:18:28][D][fujitsu.heatpump:108]: RAW [0xDF->0xDF]: FE DF DF 7F FF F7 E9 6B
[13:18:28][D][fujitsu.heatpump:124]:   B3=0x7F  pwr=1 mode=7 fan=7 err=0
[13:18:28][D][fujitsu.heatpump:128]:   B4=0xFF  temp_raw=127 (->143°C) eco=1
[13:18:28][D][fujitsu.heatpump:131]:   B5=0xF7  magic=15 swing=1 step=1
[13:18:28][D][fujitsu.heatpump:133]:   B6=0xE9  room=52°C ctrl_present=1
[13:18:28][W][fujitsu.heatpump:148]: Target temp raw=127 out of range (byte4=0xFF) — keeping nan°C
[13:18:28][W][fujitsu.heatpump:158]: Room temp 52.0°C out of range (byte6=0xE9) — keeping nan°C
[13:18:28][I][fujitsu.heatpump:164]: State: pwr=ON mode=7 temp=nan°C room=nan°C fan=7
[13:18:28][D][fujitsu.climate:175]: State updated - Mode: 6, Target: nan°C, Current: nan°C
[13:18:28][I][fujitsu.heatpump:071]: CTRL  frame: CE FF FF 5F FF F7 E9 4B
[13:18:28][I][fujitsu.heatpump:075]:   CTRL B1=0xFF B2=0xFF B3=0x5F B4=0xFF B5=0xF7 B6=0xE9
[13:18:28][D][fujitsu.climate:175]: State updated - Mode: 6, Target: nan°C, Current: nan°C
[13:18:28][W][component:239]: Component fujitsu_climate.climate took a long time for an operation (199 ms).
[13:18:28][W][component:240]: Components should block for at most 30 ms.
[13:18:28][I][safe_mode:041]: Boot seems successful; resetting boot loop counter
[13:18:28][D][esp32.preferences:114]: Saving 1 preferences to flash...
[13:18:28][D][esp32.preferences:143]: Saving 1 preferences to flash: 0 cached, 1 written, 0 failed
[13:18:32][D][climate:396]: 'Fujitsu Heat Pump' - Sending state:
[13:18:32][D][climate:399]:   Mode: AUTO
[13:18:32][D][climate:401]:   Action: IDLE
[13:18:32][D][climate:404]:   Fan Mode: AUTO
[13:18:32][D][climate:419]:   Current Temperature: nan°C
[13:18:32][D][climate:425]:   Target Temperature: nan°C
[13:18:32][D][fujitsu.heatpump:067]: UNIT  frame: FE DF DF 7F FF F7 E9 6B
[13:18:32][D][fujitsu.heatpump:108]: RAW [0xDF->0xDF]: FE DF DF 7F FF F7 E9 6B
[13:18:32][D][fujitsu.heatpump:124]:   B3=0x7F  pwr=1 mode=7 fan=7 err=0
[13:18:32][D][fujitsu.heatpump:128]:   B4=0xFF  temp_raw=127 (->143°C) eco=1
[13:18:32][D][fujitsu.heatpump:131]:   B5=0xF7  magic=15 swing=1 step=1
[13:18:32][D][fujitsu.heatpump:133]:   B6=0xE9  room=52°C ctrl_present=1
[13:18:32][W][fujitsu.heatpump:148]: Target temp raw=127 out of range (byte4=0xFF) — keeping nan°C
[13:18:32][W][fujitsu.heatpump:158]: Room temp 52.0°C out of range (byte6=0xE9) — keeping nan°C
[13:18:32][I][fujitsu.heatpump:164]: State: pwr=ON mode=7 temp=nan°C room=nan°C fan=7
[13:18:32][D][fujitsu.climate:175]: State updated - Mode: 6, Target: nan°C, Current: nan°C
[13:18:32][I][fujitsu.heatpump:071]: CTRL  frame: CE FF FF 5F FF F7 E9 4B
[13:18:32][I][fujitsu.heatpump:075]:   CTRL B1=0xFF B2=0xFF B3=0x5F B4=0xFF B5=0xF7 B6=0xE9
[13:18:32][D][fujitsu.climate:175]: State updated - Mode: 6, Target: nan°C, Current: nan°C
[13:18:32][D][fujitsu.heatpump:067]: UNIT  frame: FE DF DF 7F FF F7 E9 6B
[13:18:32][D][fujitsu.heatpump:108]: RAW [0xDF->0xDF]: FE DF DF 7F FF F7 E9 6B
[13:18:32][D][fujitsu.heatpump:124]:   B3=0x7F  pwr=1 mode=7 fan=7 err=0
[13:18:32][D][fujitsu.heatpump:128]:   B4=0xFF  temp_raw=127 (->143°C) eco=1
[13:18:32][D][fujitsu.heatpump:131]:   B5=0xF7  magic=15 swing=1 step=1
[13:18:32][D][fujitsu.heatpump:133]:   B6=0xE9  room=52°C ctrl_present=1
[13:18:32][W][fujitsu.heatpump:148]: Target temp raw=127 out of range (byte4=0xFF) — keeping nan°C
[13:18:32][W][fujitsu.heatpump:158]: Room temp 52.0°C out of range (byte6=0xE9) — keeping nan°C
[13:18:32][I][fujitsu.heatpump:164]: State: pwr=ON mode=7 temp=nan°C room=nan°C fan=7
[13:18:32][D][fujitsu.climate:175]: State updated - Mode: 6, Target: nan°C, Current: nan°C
[13:18:32][I][fujitsu.heatpump:071]: CTRL  frame: CE FF FF 5F FF F7 E9 4B
[13:18:32][I][fujitsu.heatpump:075]:   CTRL B1=0xFF B2=0xFF B3=0x5F B4=0xFF B5=0xF7 B6=0xE9
[13:18:32][D][fujitsu.climate:175]: State updated - Mode: 6, Target: nan°C, Current: nan°C
[13:18:32][W][component:239]: Component fujitsu_climate.climate took a long time for an operation (198 ms).
[13:18:32][W][component:240]: Components should block for at most 30 ms.
[13:18:32][D][status_led:050]: 'Status LED': Setting state ON
[13:18:32][D][fujitsu.heatpump:067]: UNIT  frame: FE DF DF 7F FF F7 E9 6B
[13:18:32][D][fujitsu.heatpump:108]: RAW [0xDF->0xDF]: FE DF DF 7F FF F7 E9 6B
[13:18:32][D][fujitsu.heatpump:124]:   B3=0x7F  pwr=1 mode=7 fan=7 err=0
[13:18:32][D][fujitsu.heatpump:128]:   B4=0xFF  temp_raw=127 (->143°C) eco=1
[13:18:32][D][fujitsu.heatpump:131]:   B5=0xF7  magic=15 swing=1 step=1
[13:18:32][D][fujitsu.heatpump:133]:   B6=0xE9  room=52°C ctrl_present=1
[13:18:32][W][fujitsu.heatpump:148]: Target temp raw=127 out of range (byte4=0xFF) — keeping nan°C
[13:18:32][W][fujitsu.heatpump:158]: Room temp 52.0°C out of range (byte6=0xE9) — keeping nan°C
[13:18:32][I][fujitsu.heatpump:164]: State: pwr=ON mode=7 temp=nan°C room=nan°C fan=7
[13:18:32][D][fujitsu.climate:175]: State updated - Mode: 6, Target: nan°C, Current: nan°C
[13:18:32][I][fujitsu.heatpump:071]: CTRL  frame: CE FF FF 5F FF F7 E9 4B
[13:18:32][I][fujitsu.heatpump:075]:   CTRL B1=0xFF B2=0xFF B3=0x5F B4=0xFF B5=0xF7 B6=0xE9
[13:18:32][D][fujitsu.climate:175]: State updated - Mode: 6, Target: nan°C, Current: nan°C
[13:18:32][W][component:239]: Component fujitsu_climate.climate took a long time for an operation (92 ms).
[13:18:32][W][component:240]: Components should block for at most 30 ms.
[13:18:32][D][climate:396]: 'Fujitsu Heat Pump' - Sending state:
[13:18:32][D][climate:399]:   Mode: AUTO
[13:18:32][D][climate:401]:   Action: IDLE
[13:18:32][D][climate:404]:   Fan Mode: AUTO
[13:18:32][D][climate:419]:   Current Temperature: nan°C
[13:18:32][D][climate:425]:   Target Temperature: nan°C
[13:18:32][D][status_led:050]: 'Status LED': Setting state OFF
[13:18:32][D][fujitsu.heatpump:067]: UNIT  frame: FE DF DF 7F FF F7 E9 6B
[13:18:32][D][fujitsu.heatpump:108]: RAW [0xDF->0xDF]: FE DF DF 7F FF F7 E9 6B
[13:18:32][D][fujitsu.heatpump:124]:   B3=0x7F  pwr=1 mode=7 fan=7 err=0
[13:18:32][D][fujitsu.heatpump:128]:   B4=0xFF  temp_raw=127 (->143°C) eco=1
[13:18:32][D][fujitsu.heatpump:131]:   B5=0xF7  magic=15 swing=1 step=1
[13:18:32][D][fujitsu.heatpump:133]:   B6=0xE9  room=52°C ctrl_present=1
[13:18:32][W][fujitsu.heatpump:148]: Target temp raw=127 out of range (byte4=0xFF) — keeping nan°C
[13:18:32][W][fujitsu.heatpump:158]: Room temp 52.0°C out of range (byte6=0xE9) — keeping nan°C
[13:18:32][I][fujitsu.heatpump:164]: State: pwr=ON mode=7 temp=nan°C room=nan°C fan=7
[13:18:32][D][fujitsu.climate:175]: State updated - Mode: 6, Target: nan°C, Current: nan°C
[13:18:32][I][fujitsu.heatpump:071]: CTRL  frame: CE FF FF 5F FF F7 E9 4B
[13:18:32][I][fujitsu.heatpump:075]:   CTRL B1=0xFF B2=0xFF B3=0x5F B4=0xFF B5=0xF7 B6=0xE9
[13:18:32][D][fujitsu.climate:175]: State updated - Mode: 6, Target: nan°C, Current: nan°C
[13:18:32][W][component:239]: Component fujitsu_climate.climate took a long time for an operation (94 ms).
[13:18:32][W][component:240]: Components should block for at most 30 ms.
[13:18:32][D][fujitsu.heatpump:067]: UNIT  frame: FE DF DF 7F FF F7 E9 6B
[13:18:32][D][fujitsu.heatpump:108]: RAW [0xDF->0xDF]: FE DF DF 7F FF F7 E9 6B
[13:18:32][D][fujitsu.heatpump:124]:   B3=0x7F  pwr=1 mode=7 fan=7 err=0
[13:18:32][D][fujitsu.heatpump:128]:   B4=0xFF  temp_raw=127 (->143°C) eco=1
[13:18:32][D][fujitsu.heatpump:131]:   B5=0xF7  magic=15 swing=1 step=1
[13:18:32][D][fujitsu.heatpump:133]:   B6=0xE9  room=52°C ctrl_present=1
[13:18:32][W][fujitsu.heatpump:148]: Target temp raw=127 out of range (byte4=0xFF) — keeping nan°C
[13:18:32][W][fujitsu.heatpump:158]: Room temp 52.0°C out of range (byte6=0xE9) — keeping nan°C
[13:18:32][I][fujitsu.heatpump:164]: State: pwr=ON mode=7 temp=nan°C room=nan°C fan=7
[13:18:32][D][fujitsu.climate:175]: State updated - Mode: 6, Target: nan°C, Current: nan°C
[13:18:32][I][fujitsu.heatpump:071]: CTRL  frame: CE FF FF 5F FF F7 E9 4B
[13:18:32][I][fujitsu.heatpump:075]:   CTRL B1=0xFF B2=0xFF B3=0x5F B4=0xFF B5=0xF7 B6=0xE9
[13:18:32][D][fujitsu.climate:175]: State updated - Mode: 6, Target: nan°C, Current: nan°C
[13:18:32][W][component:239]: Component fujitsu_climate.climate took a long time for an operation (99 ms).
[13:18:32][W][component:240]: Components should block for at most 30 ms.
[13:18:32][D][climate:396]: 'Fujitsu Heat Pump' - Sending state:
[13:18:32][D][climate:399]:   Mode: AUTO
[13:18:32][D][climate:401]:   Action: IDLE
[13:18:32][D][climate:404]:   Fan Mode: AUTO
[13:18:32][D][climate:419]:   Current Temperature: nan°C
[13:18:32][D][climate:425]:   Target Temperature: nan°C
[13:18:32][D][fujitsu.heatpump:067]: UNIT  frame: FE DF DF 7F FF F7 E9 6B
[13:18:32][D][fujitsu.heatpump:108]: RAW [0xDF->0xDF]: FE DF DF 7F FF F7 E9 6B
[13:18:32][D][fujitsu.heatpump:124]:   B3=0x7F  pwr=1 mode=7 fan=7 err=0
[13:18:32][D][fujitsu.heatpump:128]:   B4=0xFF  temp_raw=127 (->143°C) eco=1
[13:18:32][D][fujitsu.heatpump:131]:   B5=0xF7  magic=15 swing=1 step=1
[13:18:32][D][fujitsu.heatpump:133]:   B6=0xE9  room=52°C ctrl_present=1
[13:18:32][W][fujitsu.heatpump:148]: Target temp raw=127 out of range (byte4=0xFF) — keeping nan°C
[13:18:32][W][fujitsu.heatpump:158]: Room temp 52.0°C out of range (byte6=0xE9) — keeping nan°C
[13:18:32][I][fujitsu.heatpump:164]: State: pwr=ON mode=7 temp=nan°C room=nan°C fan=7
[13:18:32][D][fujitsu.climate:175]: State updated - Mode: 6, Target: nan°C, Current: nan°C
[13:18:32][I][fujitsu.heatpump:071]: CTRL  frame: CE FF FF 5F FF F7 E9 4B
[13:18:32][I][fujitsu.heatpump:075]:   CTRL B1=0xFF B2=0xFF B3=0x5F B4=0xFF B5=0xF7 B6=0xE9
[13:18:32][D][fujitsu.climate:175]: State updated - Mode: 6, Target: nan°C, Current: nan°C
[13:18:32][W][component:239]: Component fujitsu_climate.climate took a long time for an operation (97 ms).
[13:18:32][W][component:240]: Components should block for at most 30 ms.
[13:18:32][D][fujitsu.heatpump:067]: UNIT  frame: FE DF DF 7F FF F7 E9 6B
[13:18:32][D][fujitsu.heatpump:108]: RAW [0xDF->0xDF]: FE DF DF 7F FF F7 E9 6B
[13:18:32][D][fujitsu.heatpump:124]:   B3=0x7F  pwr=1 mode=7 fan=7 err=0
[13:18:32][D][fujitsu.heatpump:128]:   B4=0xFF  temp_raw=127 (->143°C) eco=1
[13:18:32][D][fujitsu.heatpump:131]:   B5=0xF7  magic=15 swing=1 step=1
[13:18:32][D][fujitsu.heatpump:133]:   B6=0xE9  room=52°C ctrl_present=1
[13:18:32][W][fujitsu.heatpump:148]: Target temp raw=127 out of range (byte4=0xFF) — keeping nan°C
[13:18:32][W][fujitsu.heatpump:158]: Room temp 52.0°C out of range (byte6=0xE9) — keeping nan°C
[13:18:32][I][fujitsu.heatpump:164]: State: pwr=ON mode=7 temp=nan°C room=nan°C fan=7
[13:18:32][D][fujitsu.climate:175]: State updated - Mode: 6, Target: nan°C, Current: nan°C
[13:18:32][I][fujitsu.heatpump:071]: CTRL  frame: CE FF FF 5F FF F7 E9 4B
[13:18:32][I][fujitsu.heatpump:075]:   CTRL B1=0xFF B2=0xFF B3=0x5F B4=0xFF B5=0xF7 B6=0xE9
[13:18:32][D][fujitsu.climate:175]: State updated - Mode: 6, Target: nan°C, Current: nan°C
[13:18:32][W][component:239]: Component fujitsu_climate.climate took a long time for an operation (94 ms).
[13:18:32][W][component:240]: Components should block for at most 30 ms.
[13:18:32][D][status_led:050]: 'Status LED': Setting state ON
[13:18:32][D][climate:396]: 'Fujitsu Heat Pump' - Sending state:
[13:18:32][D][climate:399]:   Mode: AUTO
[13:18:32][D][climate:401]:   Action: IDLE
[13:18:32][D][climate:404]:   Fan Mode: AUTO
[13:18:32][D][climate:419]:   Current Temperature: nan°C
[13:18:32][D][climate:425]:   Target Temperature: nan°C
[13:18:32][D][fujitsu.heatpump:067]: UNIT  frame: FE DF DF 7F FF F7 E9 6B
[13:18:32][D][fujitsu.heatpump:108]: RAW [0xDF->0xDF]: FE DF DF 7F FF F7 E9 6B
[13:18:32][D][fujitsu.heatpump:124]:   B3=0x7F  pwr=1 mode=7 fan=7 err=0
[13:18:32][D][fujitsu.heatpump:128]:   B4=0xFF  temp_raw=127 (->143°C) eco=1
[13:18:32][D][fujitsu.heatpump:131]:   B5=0xF7  magic=15 swing=1 step=1
[13:18:32][D][fujitsu.heatpump:133]:   B6=0xE9  room=52°C ctrl_present=1
[13:18:32][W][fujitsu.heatpump:148]: Target temp raw=127 out of range (byte4=0xFF) — keeping nan°C
[13:18:32][W][fujitsu.heatpump:158]: Room temp 52.0°C out of range (byte6=0xE9) — keeping nan°C
[13:18:32][I][fujitsu.heatpump:164]: State: pwr=ON mode=7 temp=nan°C room=nan°C fan=7
[13:18:32][D][fujitsu.climate:175]: State updated - Mode: 6, Target: nan°C, Current: nan°C
[13:18:32][I][fujitsu.heatpump:071]: CTRL  frame: CE FF FF 5F FF F7 E9 4B
[13:18:32][I][fujitsu.heatpump:075]:   CTRL B1=0xFF B2=0xFF B3=0x5F B4=0xFF B5=0xF7 B6=0xE9
[13:18:32][D][fujitsu.climate:175]: State updated - Mode: 6, Target: nan°C, Current: nan°C
[13:18:32][W][component:239]: Component fujitsu_climate.climate took a long time for an operation (93 ms).
[13:18:32][W][component:240]: Components should block for at most 30 ms.
[13:18:32][D][status_led:050]: 'Status LED': Setting state OFF
[13:18:34][D][climate:396]: 'Fujitsu Heat Pump' - Sending state:
[13:18:34][D][climate:399]:   Mode: AUTO
[13:18:34][D][climate:401]:   Action: IDLE
[13:18:34][D][climate:404]:   Fan Mode: AUTO
[13:18:34][D][climate:419]:   Current Temperature: nan°C
[13:18:34][D][climate:425]:   Target Temperature: nan°C
[13:18:34][D][fujitsu.heatpump:067]: UNIT  frame: FE DF DF 7F FF F7 E9 6B
[13:18:34][D][fujitsu.heatpump:108]: RAW [0xDF->0xDF]: FE DF DF 7F FF F7 E9 6B
[13:18:34][D][fujitsu.heatpump:124]:   B3=0x7F  pwr=1 mode=7 fan=7 err=0
[13:18:34][D][fujitsu.heatpump:128]:   B4=0xFF  temp_raw=127 (->143°C) eco=1
[13:18:34][D][fujitsu.heatpump:131]:   B5=0xF7  magic=15 swing=1 step=1
[13:18:34][D][fujitsu.heatpump:133]:   B6=0xE9  room=52°C ctrl_present=1
[13:18:34][W][fujitsu.heatpump:148]: Target temp raw=127 out of range (byte4=0xFF) — keeping nan°C
[13:18:34][W][fujitsu.heatpump:158]: Room temp 52.0°C out of range (byte6=0xE9) — keeping nan°C
[13:18:34][I][fujitsu.heatpump:164]: State: pwr=ON mode=7 temp=nan°C room=nan°C fan=7
[13:18:34][D][fujitsu.climate:175]: State updated - Mode: 6, Target: nan°C, Current: nan°C
[13:18:34][I][fujitsu.heatpump:071]: CTRL  frame: CE FF FF 5F FF F7 E9 4B
[13:18:34][I][fujitsu.heatpump:075]:   CTRL B1=0xFF B2=0xFF B3=0x5F B4=0xFF B5=0xF7 B6=0xE9
[13:18:34][D][fujitsu.climate:175]: State updated - Mode: 6, Target: nan°C, Current: nan°C
[13:18:34][D][fujitsu.heatpump:067]: UNIT  frame: FE DF DF 7F FF F7 E9 6B
[13:18:34][D][fujitsu.heatpump:108]: RAW [0xDF->0xDF]: FE DF DF 7F FF F7 E9 6B
[13:18:34][D][fujitsu.heatpump:124]:   B3=0x7F  pwr=1 mode=7 fan=7 err=0
[13:18:34][D][fujitsu.heatpump:128]:   B4=0xFF  temp_raw=127 (->143°C) eco=1
[13:18:34][D][fujitsu.heatpump:131]:   B5=0xF7  magic=15 swing=1 step=1
[13:18:34][D][fujitsu.heatpump:133]:   B6=0xE9  room=52°C ctrl_present=1
[13:18:34][W][fujitsu.heatpump:148]: Target temp raw=127 out of range (byte4=0xFF) — keeping nan°C
[13:18:34][W][fujitsu.heatpump:158]: Room temp 52.0°C out of range (byte6=0xE9) — keeping nan°C
[13:18:34][I][fujitsu.heatpump:164]: State: pwr=ON mode=7 temp=nan°C room=nan°C fan=7
[13:18:34][D][fujitsu.climate:175]: State updated - Mode: 6, Target: nan°C, Current: nan°C
[13:18:34][I][fujitsu.heatpump:071]: CTRL  frame: CE FF FF 5F FF F7 E9 4B
[13:18:34][I][fujitsu.heatpump:075]:   CTRL B1=0xFF B2=0xFF B3=0x5F B4=0xFF B5=0xF7 B6=0xE9
[13:18:34][D][fujitsu.climate:175]: State updated - Mode: 6, Target: nan°C, Current: nan°C
[13:18:34][D][fujitsu.heatpump:067]: UNIT  frame: FE DF DF 7F FF F7 E9 6B
[13:18:34][D][fujitsu.heatpump:108]: RAW [0xDF->0xDF]: FE DF DF 7F FF F7 E9 6B
[13:18:34][D][fujitsu.heatpump:124]:   B3=0x7F  pwr=1 mode=7 fan=7 err=0
[13:18:34][D][fujitsu.heatpump:128]:   B4=0xFF  temp_raw=127 (->143°C) eco=1
[13:18:34][D][fujitsu.heatpump:131]:   B5=0xF7  magic=15 swing=1 step=1
[13:18:34][D][fujitsu.heatpump:133]:   B6=0xE9  room=52°C ctrl_present=1
[13:18:34][W][fujitsu.heatpump:148]: Target temp raw=127 out of range (byte4=0xFF) — keeping nan°C
[13:18:34][W][fujitsu.heatpump:158]: Room temp 52.0°C out of range (byte6=0xE9) — keeping nan°C
[13:18:34][I][fujitsu.heatpump:164]: State: pwr=ON mode=7 temp=nan°C room=nan°C fan=7
[13:18:34][D][fujitsu.climate:175]: State updated - Mode: 6, Target: nan°C, Current: nan°C
[13:18:34][I][fujitsu.heatpump:071]: CTRL  frame: CE FF FF 5F FF F7 E9 4B
[13:18:34][I][fujitsu.heatpump:075]:   CTRL B1=0xFF B2=0xFF B3=0x5F B4=0xFF B5=0xF7 B6=0xE9
[13:18:34][D][fujitsu.climate:175]: State updated - Mode: 6, Target: nan°C, Current: nan°C
[13:18:34][W][component:239]: Component fujitsu_climate.climate took a long time for an operation (288 ms).
[13:18:34][W][component:240]: Components should block for at most 30 ms.
[13:18:34][D][status_led:050]: 'Status LED': Setting state ON
[13:18:34][D][climate:396]: 'Fujitsu Heat Pump' - Sending state:
[13:18:34][D][climate:399]:   Mode: AUTO
[13:18:34][D][climate:401]:   Action: IDLE
[13:18:34][D][climate:404]:   Fan Mode: AUTO
[13:18:34][D][climate:419]:   Current Temperature: nan°C
[13:18:34][D][climate:425]:   Target Temperature: nan°C
[13:18:34][D][fujitsu.heatpump:067]: UNIT  frame: FE DF DF 7F FF F7 E9 6B
[13:18:34][D][fujitsu.heatpump:108]: RAW [0xDF->0xDF]: FE DF DF 7F FF F7 E9 6B
[13:18:34][D][fujitsu.heatpump:124]:   B3=0x7F  pwr=1 mode=7 fan=7 err=0
[13:18:34][D][fujitsu.heatpump:128]:   B4=0xFF  temp_raw=127 (->143°C) eco=1
[13:18:34][D][fujitsu.heatpump:131]:   B5=0xF7  magic=15 swing=1 step=1
[13:18:34][D][fujitsu.heatpump:133]:   B6=0xE9  room=52°C ctrl_present=1
[13:18:34][W][fujitsu.heatpump:148]: Target temp raw=127 out of range (byte4=0xFF) — keeping nan°C
[13:18:34][W][fujitsu.heatpump:158]: Room temp 52.0°C out of range (byte6=0xE9) — keeping nan°C
[13:18:34][I][fujitsu.heatpump:164]: State: pwr=ON mode=7 temp=nan°C room=nan°C fan=7
[13:18:34][D][fujitsu.climate:175]: State updated - Mode: 6, Target: nan°C, Current: nan°C
[13:18:34][I][fujitsu.heatpump:071]: CTRL  frame: CE FF FF 5F FF F7 E9 4B
[13:18:34][I][fujitsu.heatpump:075]:   CTRL B1=0xFF B2=0xFF B3=0x5F B4=0xFF B5=0xF7 B6=0xE9
[13:18:34][D][fujitsu.climate:175]: State updated - Mode: 6, Target: nan°C, Current: nan°C
[13:18:34][D][fujitsu.heatpump:067]: UNIT  frame: FE DF DF 7F FF F7 E9 6B
[13:18:34][D][fujitsu.heatpump:108]: RAW [0xDF->0xDF]: FE DF DF 7F FF F7 E9 6B
[13:18:34][D][fujitsu.heatpump:124]:   B3=0x7F  pwr=1 mode=7 fan=7 err=0
[13:18:34][D][fujitsu.heatpump:128]:   B4=0xFF  temp_raw=127 (->143°C) eco=1
[13:18:34][D][fujitsu.heatpump:131]:   B5=0xF7  magic=15 swing=1 step=1
[13:18:34][D][fujitsu.heatpump:133]:   B6=0xE9  room=52°C ctrl_present=1
[13:18:34][W][fujitsu.heatpump:148]: Target temp raw=127 out of range (byte4=0xFF) — keeping nan°C
[13:18:34][W][fujitsu.heatpump:158]: Room temp 52.0°C out of range (byte6=0xE9) — keeping nan°C
[13:18:34][I][fujitsu.heatpump:164]: State: pwr=ON mode=7 temp=nan°C room=nan°C fan=7
[13:18:34][D][fujitsu.climate:175]: State updated - Mode: 6, Target: nan°C, Current: nan°C
[13:18:34][I][fujitsu.heatpump:071]: CTRL  frame: CE FF FF 5F FF F7 E9 4B
[13:18:34][I][fujitsu.heatpump:075]:   CTRL B1=0xFF B2=0xFF B3=0x5F B4=0xFF B5=0xF7 B6=0xE9
[13:18:34][D][fujitsu.climate:175]: State updated - Mode: 6, Target: nan°C, Current: nan°C
[13:18:34][W][component:239]: Component fujitsu_climate.climate took a long time for an operation (189 ms).
[13:18:34][W][component:240]: Components should block for at most 30 ms.
[13:18:34][D][status_led:050]: 'Status LED': Setting state OFF
