[13:39:25][I][app:100]: ESPHome version 2025.4.2 compiled on Apr 29 2026, 13:30:51
[13:39:25][I][app:102]: Project james.retro-fujitsu version 3B.11
[13:39:25][C][status_led:065]: Status Led Light:
[13:39:25][C][status_led:066]:   Pin: GPIO2
[13:39:25][C][wifi:600]: WiFi:
[13:39:25][C][wifi:428]:   Local MAC: A4:F0:0F:69:19:E8
[13:39:25][C][wifi:433]:   SSID: 'moose'
[13:39:25][C][wifi:436]:   IP Address: 192.168.1.40
[13:39:25][C][wifi:440]:   BSSID: 00:11:32:84:54:AF
[13:39:25][C][wifi:441]:   Hostname: 'aircon'
[13:39:39][C][wifi:443]:   Signal strength: -66 dB [13:39:39][V][wifi:445]:   Priority: -5.0
[13:39:39][C][wifi:447]:   Channel: 2
[13:39:39][C][wifi:448]:   Subnet: 255.255.255.0
[13:39:39][C][wifi:449]:   Gateway: 192.168.1.1
[13:39:39][C][wifi:450]:   DNS1: 192.168.1.1
[13:39:39][C][wifi:451]:   DNS2: 0.0.0.0
[13:39:39][D][climate:396]: 'Fujitsu Heat Pump' - Sending state:
[13:39:39][D][climate:399]:   Mode: AUTO
[13:39:39][D][climate:401]:   Action: IDLE
[13:39:39][D][climate:404]:   Fan Mode: MEDIUM
[13:39:39][D][climate:419]:   Current Temperature: nan°C
[13:39:39][D][climate:425]:   Target Temperature: 29.00°C
[13:39:39][V][json:020]: Attempting to allocate 512 bytes for JSON serialization
[13:39:39][V][json:040]: Size after shrink 212 bytes
[13:39:39][V][json:020]: Attempting to allocate 512 bytes for JSON serialization
[13:39:39][V][json:040]: Size after shrink 212 bytes
[13:39:39][V][json:020]: Attempting to allocate 512 bytes for JSON serialization
[13:39:39][V][json:040]: Size after shrink 212 bytes
[13:39:39][W][component:239]: Component fujitsu_climate.climate took a long time for an operation (80 ms).
[13:39:39][W][component:240]: Components should block for at most 30 ms.
[13:39:39][D][fujitsu.heatpump:067]: UNIT  frame: FE DF DF 7F FF FA E9 6B
[13:39:39][D][fujitsu.heatpump:105]: RAW [0xDF->0xDF]: FE DF DF 7F FF FA E9 6B
[13:39:39][D][fujitsu.heatpump:124]:   B3=0x7F B4=0xFF (fixed overhead)
[13:39:39][D][fujitsu.heatpump:128]:   B5=0xFA  temp_raw=13 (->29°C) mode_nibble=0
[13:39:39][D][fujitsu.heatpump:129]:   B6=0xE9  (mapping TBD)
[13:39:39][I][fujitsu.heatpump:152]: State: pwr=ON mode=0 temp=29°C room=nan°C fan=3
[13:39:39][D][fujitsu.climate:175]: State updated - Mode: 6, Target: 29.0°C, Current: nan°C
[13:39:39][D][fujitsu.heatpump:071]: CTRL  frame: CE FF FF 5F FF FA E9 4B
[13:39:39][I][fujitsu.heatpump:179]: CTRL decoded: pwr=ON fan=3 (CTRL0=0xCE)
[13:39:39][D][fujitsu.climate:175]: State updated - Mode: 6, Target: 29.0°C, Current: nan°C
[13:39:39][W][component:239]: Component fujitsu_climate.climate took a long time for an operation (68 ms).
[13:39:39][W][component:240]: Components should block for at most 30 ms.
[13:39:39][C][logger:177]: Logger:
[13:39:39][C][logger:178]:   Max Level: VERBOSE
[13:39:39][C][logger:179]:   Initial Level: VERBOSE
[13:39:39][C][logger:181]:   Log Baud Rate: 115200
[13:39:39][C][logger:182]:   Hardware UART: UART0
[13:39:39][C][logger:186]:   Level for 'fujitsu.climate': DEBUG
[13:39:39][C][logger:186]:   Level for 'fujitsu.heatpump': DEBUG
[13:39:39][C][logger:186]:   Level for 'uart': WARN
[13:39:39][C][uart.arduino_esp32:151]: UART Bus 1:
[13:39:39][C][uart.arduino_esp32:152]:   TX Pin: GPIO17
[13:39:39][C][uart.arduino_esp32:153]:   RX Pin: GPIO16
[13:39:39][C][uart.arduino_esp32:155]:   RX Buffer Size: 256
[13:39:39][C][uart.arduino_esp32:157]:   Baud Rate: 500 baud
[13:39:39][C][uart.arduino_esp32:158]:   Data Bits: 8
[13:39:39][C][uart.arduino_esp32:159]:   Parity: NONE
[13:39:39][C][uart.arduino_esp32:160]:   Stop bits: 1
[13:39:39][C][uptime.sensor:033]: Uptime Sensor 'Uptime'
[13:39:39][C][uptime.sensor:033]:   Device Class: 'duration'
[13:39:39][C][uptime.sensor:033]:   State Class: 'total_increasing'
[13:39:39][C][uptime.sensor:033]:   Unit of Measurement: 's'
[13:39:39][C][uptime.sensor:033]:   Accuracy Decimals: 0
[13:39:39][C][uptime.sensor:033]:   Icon: 'mdi:timer-outline'
[13:39:39][V][uptime.sensor:033]:   Unique ID: 'a4f00f6919e8-uptime'
[13:39:39][C][uptime.sensor:034]:   Type: Seconds
[13:39:39][C][template.sensor:022]: Template Sensor 'Free Heap Memory'
[13:39:39][C][template.sensor:022]:   State Class: ''
[13:39:39][C][template.sensor:022]:   Unit of Measurement: 'bytes'
[13:39:39][C][template.sensor:022]:   Accuracy Decimals: 1
[13:39:39][C][template.sensor:023]:   Update Interval: 60.0s
[13:39:39][C][light:092]: Light 'Status LED'
[13:39:39][D][status_led:050]: 'Status LED': Setting state OFF
[13:39:39][C][wifi_info:014]: WifiInfo Mac Address 'MAC Address'
[13:39:39][V][wifi_info:014]:   Unique ID: 'a4f00f6919e8-wifiinfo-macadr'
[13:39:39][C][version.text_sensor:021]: Version Text Sensor 'ESPHome Version'
[13:39:39][C][version.text_sensor:021]:   Icon: 'mdi:new-box'
[13:39:39][V][version.text_sensor:021]:   Unique ID: 'a4f00f6919e8-version'
[13:39:39][C][status:034]: Status Binary Sensor 'Status'
[13:39:39][C][status:034]:   Device Class: 'connectivity'
[13:39:39][C][restart:068]: Restart Switch 'Restart'
[13:39:39][C][restart:070]:   Icon: 'mdi:restart'
[13:39:39][C][restart:091]:   Restore Mode: always OFF
[13:39:39][D][fujitsu.heatpump:067]: UNIT  frame: FE DF DF 7F FF FA E9 6B
[13:39:39][D][fujitsu.heatpump:105]: RAW [0xDF->0xDF]: FE DF DF 7F FF FA E9 6B
[13:39:39][D][fujitsu.heatpump:124]:   B3=0x7F B4=0xFF (fixed overhead)
[13:39:39][D][fujitsu.heatpump:128]:   B5=0xFA  temp_raw=13 (->29°C) mode_nibble=0
[13:39:39][I][fujitsu.heatpump:152]: State: pwr=ON mode=0 temp=29°C room=nan°C fan=3
[13:39:39][D][fujitsu.climate:175]: State updated - Mode: 6, Target: 29.0°C, Current: nan°C
[13:39:39][D][fujitsu.heatpump:071]: CTRL  frame: CE FF FF 5F FF FA E9 4B
[13:39:39][V][json:020]: Attempting to allocate 512 bytes for JSON serialization
[13:39:39][V][json:040]: Size after shrink 208 bytes
[13:39:39][V][json:020]: Attempting to allocate 512 bytes for JSON serialization
[13:39:39][V][json:040]: Size after shrink 208 bytes
[13:39:39][V][json:020]: Attempting to allocate 512 bytes for JSON serialization
[13:39:39][V][json:040]: Size after shrink 208 bytes
[13:39:39][V][json:020]: Attempting to allocate 512 bytes for JSON serialization
[13:39:39][V][json:040]: Size after shrink 208 bytes
[13:39:39][V][json:020]: Attempting to allocate 512 bytes for JSON serialization
[13:39:39][V][json:040]: Size after shrink 76 bytes
[13:39:39][D][fujitsu.heatpump:067]: UNIT  frame: FE DF DF 7F FF CC FF 6B
[13:39:39][D][fujitsu.heatpump:105]: RAW [0xDF->0xDF]: FE DF DF 7F FF CC FF 6B
[13:39:39][D][fujitsu.heatpump:124]:   B3=0x7F B4=0xFF (fixed overhead)
[13:39:39][D][fujitsu.heatpump:128]:   B5=0xCC  temp_raw=6 (->22°C) mode_nibble=3
[13:39:39][D][fujitsu.heatpump:129]:   B6=0xFF  (mapping TBD)
[13:39:39][I][fujitsu.heatpump:152]: State: pwr=OFF mode=3 temp=22°C room=nan°C fan=3
[13:39:39][D][fujitsu.climate:175]: State updated - Mode: 0, Target: 22.0°C, Current: nan°C
[13:39:39][D][fujitsu.heatpump:071]: CTRL  frame: CD FF FF 5F FF CC FF 4B
[13:39:39][I][fujitsu.heatpump:179]: CTRL decoded: pwr=OFF fan=3 (CTRL0=0xCD)
[13:39:39][W][component:240]: Components should block for at most 30 ms.
[13:39:39][D][status_led:050]: 'Status LED': Setting state OFF
[13:39:40][D][fujitsu.heatpump:067]: UNIT  frame: FE DF DF 7F FF CC FF 6B
[13:39:40][D][fujitsu.heatpump:105]: RAW [0xDF->0xDF]: FE DF DF 7F FF CC FF 6B
[13:39:40][D][fujitsu.heatpump:124]:   B3=0x7F B4=0xFF (fixed overhead)
[13:39:40][D][fujitsu.heatpump:128]:   B5=0xCC  temp_raw=6 (->22°C) mode_nibble=3
[13:39:40][D][fujitsu.heatpump:129]:   B6=0xFF  (mapping TBD)
[13:39:40][I][fujitsu.heatpump:152]: State: pwr=OFF mode=3 temp=22°C room=nan°C fan=3
[13:39:40][D][fujitsu.climate:175]: State updated - Mode: 0, Target: 22.0°C, Current: nan°C
[13:39:40][D][fujitsu.heatpump:071]: CTRL  frame: CD FF FF 5F FF CC FF 4B
[13:39:40][I][fujitsu.heatpump:179]: CTRL decoded: pwr=OFF fan=3 (CTRL0=0xCD)
[13:39:40][D][fujitsu.climate:175]: State updated - Mode: 0, Target: 22.0°C, Current: nan°C
[13:39:40][W][component:239]: Component fujitsu_climate.climate took a long time for an operation (74 ms).
[13:39:40][W][component:240]: Components should block for at most 30 ms.
[13:39:40][D][climate:396]: 'Fujitsu Heat Pump' - Sending state:
[13:39:40][D][climate:399]:   Mode: OFF
[13:39:40][D][climate:401]:   Action: OFF
[13:39:40][D][climate:404]:   Fan Mode: MEDIUM
[13:39:40][D][fujitsu.heatpump:067]: UNIT  frame: FE DF DF 7F FF CC FF 6B
[13:39:40][D][fujitsu.heatpump:105]: RAW [0xDF->0xDF]: FE DF DF 7F FF CC FF 6B
[13:39:40][D][fujitsu.heatpump:124]:   B3=0x7F B4=0xFF (fixed overhead)
[13:39:40][D][fujitsu.heatpump:128]:   B5=0xCC  temp_raw=6 (->22°C) mode_nibble=3
[13:39:40][D][fujitsu.heatpump:129]:   B6=0xFF  (mapping TBD)
[13:39:40][D][fujitsu.climate:175]: State updated - Mode: 0, Target: 22.0°C, Current: nan°C
[13:39:40][W][component:239]: Component fujitsu_climate.climate took a long time for an operation (73 ms).
[13:39:40][W][component:240]: Components should block for at most 30 ms.
[13:39:40][D][fujitsu.heatpump:067]: UNIT  frame: FE DF DF 7F FF CC FF 6B
[13:39:40][D][fujitsu.heatpump:105]: RAW [0xDF->0xDF]: FE DF DF 7F FF CC FF 6B
[13:39:40][D][fujitsu.heatpump:124]:   B3=0x7F B4=0xFF (fixed overhead)
[13:39:40][D][fujitsu.heatpump:128]:   B5=0xCC  temp_raw=6 (->22°C) mode_nibble=3
[13:39:40][D][fujitsu.heatpump:129]:   B6=0xFF  (mapping TBD)
[13:39:40][I][fujitsu.heatpump:152]: State: pwr=OFF mode=3 temp=22°C room=nan°C fan=3
[13:39:40][D][fujitsu.climate:175]: State updated - Mode: 0, Target: 22.0°C, Current: nan°C
[13:39:40][D][fujitsu.heatpump:071]: CTRL  frame: CD FF FF 5F FF CC FF 4B
[13:39:40][I][fujitsu.heatpump:179]: CTRL decoded: pwr=OFF fan=3 (CTRL0=0xCD)
[13:39:40][D][fujitsu.climate:175]: State updated - Mode: 0, Target: 22.0°C, Current: nan°C
[13:39:41][D][climate:396]: 'Fujitsu Heat Pump' - Sending state:
[13:39:41][D][climate:399]:   Mode: OFF
[13:39:41][D][climate:401]:   Action: OFF
[13:39:41][D][climate:404]:   Fan Mode: MEDIUM
[13:39:41][D][climate:419]:   Current Temperature: nan°C
[13:39:41][D][status_led:050]: 'Status LED': Setting state ON
[13:39:41][D][fujitsu.heatpump:067]: UNIT  frame: FE DF DF 7F FF CC FF 6B
[13:39:41][D][fujitsu.heatpump:105]: RAW [0xDF->0xDF]: FE DF DF 7F FF CC FF 6B
[13:39:41][D][fujitsu.heatpump:124]:   B3=0x7F B4=0xFF (fixed overhead)
[13:39:41][D][fujitsu.heatpump:129]:   B6=0xFF  (mapping TBD)
[13:39:41][I][fujitsu.heatpump:152]: State: pwr=OFF mode=3 temp=22°C room=nan°C fan=3
[13:39:41][D][fujitsu.climate:175]: State updated - Mode: 0, Target: 22.0°C, Current: nan°C
[13:39:41][I][fujitsu.heatpump:179]: CTRL decoded: pwr=OFF fan=3 (CTRL0=0xCD)
[13:39:41][D][status_led:050]: 'Status LED': Setting state OFF
[13:39:41][D][fujitsu.heatpump:067]: UNIT  frame: FE DF DF 7F FF CC FF 6B
[13:39:41][D][fujitsu.heatpump:105]: RAW [0xDF->0xDF]: FE DF DF 7F FF CC FF 6B
[13:39:41][D][fujitsu.heatpump:124]:   B3=0x7F B4=0xFF (fixed overhead)
[13:39:41][D][fujitsu.heatpump:128]:   B5=0xCC  temp_raw=6 (->22°C) mode_nibble=3
[13:39:42][D][climate:396]: 'Fujitsu Heat Pump' - Sending state:
[13:39:42][D][climate:399]:   Mode: OFF
[13:39:42][D][climate:401]:   Action: OFF
[13:39:42][D][climate:404]:   Fan Mode: MEDIUM
[13:39:42][D][climate:419]:   Current Temperature: nan°C
[13:39:42][D][climate:425]:   Target Temperature: 22.00°C
[13:39:42][V][json:020]: Attempting to allocate 512 bytes for JSON serialization
[13:39:42][V][json:040]: Size after shrink 208 bytes
[13:39:42][D][fujitsu.heatpump:067]: UNIT  frame: FE DF DF 7F FF CC FF 6B
[13:39:42][D][fujitsu.heatpump:105]: RAW [0xDF->0xDF]: FE DF DF 7F FF CC FF 6B
[13:39:42][D][fujitsu.heatpump:124]:   B3=0x7F B4=0xFF (fixed overhead)
[13:39:42][D][fujitsu.heatpump:128]:   B5=0xCC  temp_raw=6 (->22°C) mode_nibble=3
[13:39:42][D][fujitsu.heatpump:129]:   B6=0xFF  (mapping TBD)
[13:39:42][I][fujitsu.heatpump:152]: State: pwr=OFF mode=3 temp=22°C room=nan°C fan=3
[13:39:42][D][fujitsu.climate:175]: State updated - Mode: 0, Target: 22.0°C, Current: nan°C
[13:39:42][D][fujitsu.heatpump:071]: CTRL  frame: CD FF FF 5F FF CC FF 4B
[13:39:42][I][fujitsu.heatpump:179]: CTRL decoded: pwr=OFF fan=3 (CTRL0=0xCD)
[13:39:42][D][fujitsu.climate:175]: State updated - Mode: 0, Target: 22.0°C, Current: nan°C
[13:39:42][W][component:239]: Component fujitsu_climate.climate took a long time for an operation (68 ms).
[13:39:42][D][fujitsu.heatpump:067]: UNIT  frame: FE DF DF 7F FF CC FF 6B
[13:39:42][D][fujitsu.heatpump:105]: RAW [0xDF->0xDF]: FE DF DF 7F FF CC FF 6B
[13:39:42][D][fujitsu.heatpump:124]:   B3=0x7F B4=0xFF (fixed overhead)
[13:39:42][D][fujitsu.heatpump:128]:   B5=0xCC  temp_raw=6 (->22°C) mode_nibble=3
[13:39:42][D][fujitsu.heatpump:129]:   B6=0xFF  (mapping TBD)
[13:39:42][I][fujitsu.heatpump:152]: State: pwr=OFF mode=3 temp=22°C room=nan°C fan=3
[13:39:42][D][fujitsu.climate:175]: State updated - Mode: 0, Target: 22.0°C, Current: nan°C
[13:39:42][D][fujitsu.heatpump:071]: CTRL  frame: CD FF FF 5F FF CC FF 4B
[13:39:42][I][fujitsu.heatpump:179]: CTRL decoded: pwr=OFF fan=3 (CTRL0=0xCD)
[13:39:42][D][fujitsu.climate:175]: State updated - Mode: 0, Target: 22.0°C, Current: nan°C
[13:39:42][W][component:239]: Component fujitsu_climate.climate took a long time for an operation (69 ms).
[13:39:42][W][component:240]: Components should block for at most 30 ms.
[13:39:42][V][sensor:043]: 'Uptime': Received new state 495.730011
[13:39:42][D][sensor:094]: 'Uptime': Sending state 495.73001 s with 0 decimals of accuracy
[13:39:42][V][json:020]: Attempting to allocate 512 bytes for JSON serialization
[13:39:42][V][json:040]: Size after shrink 68 bytes
[13:39:42][D][fujitsu.heatpump:067]: UNIT  frame: FE DF DF 7F FF CC FF 6B
[13:39:42][D][fujitsu.heatpump:105]: RAW [0xDF->0xDF]: FE DF DF 7F FF CC FF 6B
[13:39:42][D][fujitsu.heatpump:124]:   B3=0x7F B4=0xFF (fixed overhead)
[13:39:42][D][fujitsu.heatpump:128]:   B5=0xCC  temp_raw=6 (->22°C) mode_nibble=3
[13:39:42][D][fujitsu.heatpump:129]:   B6=0xFF  (mapping TBD)
[13:39:42][I][fujitsu.heatpump:152]: State: pwr=OFF mode=3 temp=22°C room=nan°C fan=3
[13:39:42][D][fujitsu.climate:175]: State updated - Mode: 0, Target: 22.0°C, Current: nan°C
[13:39:42][D][fujitsu.heatpump:071]: CTRL  frame: CD FF FF 5F FF CC FF 4B
[13:39:42][I][fujitsu.heatpump:179]: CTRL decoded: pwr=OFF fan=3 (CTRL0=0xCD)
[13:39:42][D][fujitsu.climate:175]: State updated - Mode: 0, Target: 22.0°C, Current: nan°C
[13:39:42][W][component:239]: Component fujitsu_climate.climate took a long time for an operation (72 ms).
[13:39:42][W][component:240]: Components should block for at most 30 ms.
[13:39:42][D][climate:396]: 'Fujitsu Heat Pump' - Sending state:
[13:39:42][D][climate:399]:   Mode: OFF
[13:39:42][D][climate:401]:   Action: OFF
[13:39:44][D][fujitsu.heatpump:067]: UNIT  frame: FE DF DF 7F FF CC FF 6B
[13:39:44][D][fujitsu.heatpump:105]: RAW [0xDF->0xDF]: FE DF DF 7F FF CC FF 6B
[13:39:44][D][fujitsu.heatpump:124]:   B3=0x7F B4=0xFF (fixed overhead)
[13:39:44][D][fujitsu.heatpump:128]:   B5=0xCC  temp_raw=6 (->22°C) mode_nibble=3
[13:39:44][D][fujitsu.heatpump:129]:   B6=0xFF  (mapping TBD)
[13:39:44][I][fujitsu.heatpump:152]: State: pwr=OFF mode=3 temp=22°C room=nan°C fan=3
[13:39:44][D][fujitsu.climate:175]: State updated - Mode: 0, Target: 22.0°C, Current: nan°C
[13:39:44][D][fujitsu.heatpump:071]: CTRL  frame: CD FF FF 5F FF CC FF 4B
[13:39:44][I][fujitsu.heatpump:179]: CTRL decoded: pwr=OFF fan=3 (CTRL0=0xCD)
[13:39:44][D][fujitsu.climate:175]: State updated - Mode: 0, Target: 22.0°C, Current: nan°C
[13:39:44][W][component:239]: Component fujitsu_climate.climate took a long time for an operation (74 ms).
[13:39:44][W][component:240]: Components should block for at most 30 ms.
[13:39:44][D][status_led:050]: 'Status LED': Setting state OFF
[13:39:44][D][fujitsu.heatpump:067]: UNIT  frame: FE DF DF 7F FF CC FF 6B
[13:39:44][D][fujitsu.heatpump:105]: RAW [0xDF->0xDF]: FE DF DF 7F FF CC FF 6B
[13:39:44][D][fujitsu.heatpump:124]:   B3=0x7F B4=0xFF (fixed overhead)
[13:39:44][D][fujitsu.heatpump:128]:   B5=0xCC  temp_raw=6 (->22°C) mode_nibble=3
[13:39:44][D][fujitsu.heatpump:129]:   B6=0xFF  (mapping TBD)
[13:39:44][I][fujitsu.heatpump:152]: State: pwr=OFF mode=3 temp=22°C room=nan°C fan=3
[13:39:44][D][fujitsu.climate:175]: State updated - Mode: 0, Target: 22.0°C, Current: nan°C
[13:39:44][D][fujitsu.heatpump:071]: CTRL  frame: CD FF FF 5F FF CC FF 4B
[13:39:44][I][fujitsu.heatpump:179]: CTRL decoded: pwr=OFF fan=3 (CTRL0=0xCD)
[13:39:44][D][fujitsu.climate:175]: State updated - Mode: 0, Target: 22.0°C, Current: nan°C
[13:39:44][W][component:239]: Component fujitsu_climate.climate took a long time for an operation (70 ms).
[13:39:44][W][component:240]: Components should block for at most 30 ms.
[13:39:44][D][climate:396]: 'Fujitsu Heat Pump' - Sending state:
[13:39:44][D][climate:399]:   Mode: OFF
[13:39:44][D][climate:401]:   Action: OFF
[13:39:44][D][climate:404]:   Fan Mode: MEDIUM
[13:39:44][D][climate:419]:   Current Temperature: nan°C
[13:39:44][D][climate:425]:   Target Temperature: 22.00°C
[13:39:44][V][json:020]: Attempting to allocate 512 bytes for JSON serialization
[13:39:44][V][json:040]: Size after shrink 208 bytes
[13:39:44][D][fujitsu.heatpump:067]: UNIT  frame: FE DF DF 7F FF CC FF 6B
[13:39:44][D][fujitsu.heatpump:105]: RAW [0xDF->0xDF]: FE DF DF 7F FF CC FF 6B
[13:39:44][D][fujitsu.heatpump:124]:   B3=0x7F B4=0xFF (fixed overhead)
[13:39:44][D][fujitsu.heatpump:128]:   B5=0xCC  temp_raw=6 (->22°C) mode_nibble=3
[13:39:44][D][fujitsu.heatpump:129]:   B6=0xFF  (mapping TBD)
[13:39:44][I][fujitsu.heatpump:152]: State: pwr=OFF mode=3 temp=22°C room=nan°C fan=3
[13:39:44][D][fujitsu.climate:175]: State updated - Mode: 0, Target: 22.0°C, Current: nan°C
[13:39:44][D][fujitsu.heatpump:071]: CTRL  frame: CD FF FF 5F FF CC FF 4B
[13:39:44][I][fujitsu.heatpump:179]: CTRL decoded: pwr=OFF fan=3 (CTRL0=0xCD)
[13:39:44][D][fujitsu.climate:175]: State updated - Mode: 0, Target: 22.0°C, Current: nan°C
[13:39:44][W][component:239]: Component fujitsu_climate.climate took a long time for an operation (74 ms).
[13:39:44][W][component:240]: Components should block for at most 30 ms.
[13:39:44][D][fujitsu.heatpump:067]: UNIT  frame: FE DF DF 7F FF CC FF 6B
[13:39:44][D][fujitsu.heatpump:105]: RAW [0xDF->0xDF]: FE DF DF 7F FF CC FF 6B
[13:39:44][D][fujitsu.heatpump:124]:   B3=0x7F B4=0xFF (fixed overhead)
[13:39:44][D][fujitsu.heatpump:128]:   B5=0xCC  temp_raw=6 (->22°C) mode_nibble=3
[13:39:44][D][fujitsu.heatpump:129]:   B6=0xFF  (mapping TBD)
[13:39:44][I][fujitsu.heatpump:152]: State: pwr=OFF mode=3 temp=22°C room=nan°C fan=3
[13:39:44][D][fujitsu.climate:175]: State updated - Mode: 0, Target: 22.0°C, Current: nan°C
[13:39:44][D][fujitsu.heatpump:071]: CTRL  frame: CD FF FF 5F FF CC FF 4B
[13:39:44][I][fujitsu.heatpump:179]: CTRL decoded: pwr=OFF fan=3 (CTRL0=0xCD)
[13:39:44][D][fujitsu.climate:175]: State updated - Mode: 0, Target: 22.0°C, Current: nan°C
[13:39:44][W][component:239]: Component fujitsu_climate.climate took a long time for an operation (78 ms).
[13:39:44][W][component:240]: Components should block for at most 30 ms.
[13:39:44][D][fujitsu.heatpump:067]: UNIT  frame: FE DF DF 7F FF CC FF 6B
[13:39:44][D][fujitsu.heatpump:105]: RAW [0xDF->0xDF]: FE DF DF 7F FF CC FF 6B
[13:39:44][D][fujitsu.heatpump:124]:   B3=0x7F B4=0xFF (fixed overhead)
[13:39:44][D][fujitsu.heatpump:128]:   B5=0xCC  temp_raw=6 (->22°C) mode_nibble=3
[13:39:44][D][fujitsu.heatpump:129]:   B6=0xFF  (mapping TBD)
[13:39:44][I][fujitsu.heatpump:152]: State: pwr=OFF mode=3 temp=22°C room=nan°C fan=3
[13:39:44][D][fujitsu.climate:175]: State updated - Mode: 0, Target: 22.0°C, Current: nan°C
[13:39:44][D][fujitsu.heatpump:071]: CTRL  frame: CD FF FF 5F FF CC FF 4B
[13:39:44][I][fujitsu.heatpump:179]: CTRL decoded: pwr=OFF fan=3 (CTRL0=0xCD)
[13:39:44][D][fujitsu.climate:175]: State updated - Mode: 0, Target: 22.0°C, Current: nan°C
[13:39:44][W][component:239]: Component fujitsu_climate.climate took a long time for an operation (71 ms).
[13:39:44][W][component:240]: Components should block for at most 30 ms.
[13:39:44][D][climate:396]: 'Fujitsu Heat Pump' - Sending state:
[13:39:44][D][climate:399]:   Mode: OFF
[13:39:44][D][climate:401]:   Action: OFF
[13:39:44][D][climate:404]:   Fan Mode: MEDIUM
[13:39:46][D][fujitsu.heatpump:067]: UNIT  frame: FE DF DF 7F FF CC FF 6B
[13:39:46][D][fujitsu.heatpump:105]: RAW [0xDF->0xDF]: FE DF DF 7F FF CC FF 6B
[13:39:46][D][fujitsu.heatpump:124]:   B3=0x7F B4=0xFF (fixed overhead)
[13:39:46][D][fujitsu.heatpump:128]:   B5=0xCC  temp_raw=6 (->22°C) mode_nibble=3
[13:39:46][D][fujitsu.heatpump:129]:   B6=0xFF  (mapping TBD)
[13:39:46][I][fujitsu.heatpump:152]: State: pwr=OFF mode=3 temp=22°C room=nan°C fan=3
[13:39:46][D][fujitsu.climate:175]: State updated - Mode: 0, Target: 22.0°C, Current: nan°C
[13:39:46][D][fujitsu.heatpump:071]: CTRL  frame: CD FF FF 5F FF CC FF 4B
[13:39:46][I][fujitsu.heatpump:179]: CTRL decoded: pwr=OFF fan=3 (CTRL0=0xCD)
[13:39:46][D][fujitsu.climate:175]: State updated - Mode: 0, Target: 22.0°C, Current: nan°C
[13:39:46][W][component:239]: Component fujitsu_climate.climate took a long time for an operation (68 ms).
[13:39:46][W][component:240]: Components should block for at most 30 ms.
[13:39:46][D][status_led:050]: 'Status LED': Setting state OFF
[13:39:46][D][climate:396]: 'Fujitsu Heat Pump' - Sending state:
[13:39:46][D][climate:399]:   Mode: OFF
[13:39:46][D][climate:401]:   Action: OFF
[13:39:46][D][climate:404]:   Fan Mode: MEDIUM
[13:39:46][D][climate:419]:   Current Temperature: nan°C
[13:39:46][D][climate:425]:   Target Temperature: 22.00°C
[13:39:46][V][json:020]: Attempting to allocate 512 bytes for JSON serialization
[13:39:46][V][json:040]: Size after shrink 208 bytes
[13:39:46][W][component:239]: Component fujitsu_climate.climate took a long time for an operation (55 ms).
[13:39:46][W][component:240]: Components should block for at most 30 ms.
[13:39:46][D][fujitsu.heatpump:067]: UNIT  frame: FE DF DF 7F FF CC FF 6B
[13:39:46][D][fujitsu.heatpump:105]: RAW [0xDF->0xDF]: FE DF DF 7F FF CC FF 6B
[13:39:46][D][fujitsu.heatpump:124]:   B3=0x7F B4=0xFF (fixed overhead)
[13:39:46][D][fujitsu.heatpump:128]:   B5=0xCC  temp_raw=6 (->22°C) mode_nibble=3
[13:39:46][D][fujitsu.heatpump:129]:   B6=0xFF  (mapping TBD)
[13:39:46][I][fujitsu.heatpump:152]: State: pwr=OFF mode=3 temp=22°C room=nan°C fan=3
[13:39:46][D][fujitsu.climate:175]: State updated - Mode: 0, Target: 22.0°C, Current: nan°C
[13:39:46][D][fujitsu.heatpump:071]: CTRL  frame: CD FF FF 5F FF CC FF 4B
[13:39:46][I][fujitsu.heatpump:179]: CTRL decoded: pwr=OFF fan=3 (CTRL0=0xCD)
[13:39:46][D][fujitsu.climate:175]: State updated - Mode: 0, Target: 22.0°C, Current: nan°C
[13:39:46][D][fujitsu.heatpump:067]: UNIT  frame: FE DF DF 7F FF CC FF 6B
[13:39:46][D][fujitsu.heatpump:105]: RAW [0xDF->0xDF]: FE DF DF 7F FF CC FF 6B
[13:39:46][D][fujitsu.heatpump:124]:   B3=0x7F B4=0xFF (fixed overhead)
[13:39:46][D][fujitsu.heatpump:128]:   B5=0xCC  temp_raw=6 (->22°C) mode_nibble=3
[13:39:46][D][fujitsu.heatpump:129]:   B6=0xFF  (mapping TBD)
[13:39:46][I][fujitsu.heatpump:152]: State: pwr=OFF mode=3 temp=22°C room=nan°C fan=3
[13:39:46][D][fujitsu.climate:175]: State updated - Mode: 0, Target: 22.0°C, Current: nan°C
[13:39:46][D][fujitsu.heatpump:071]: CTRL  frame: CD FF FF 5F FF CC FF 4B
[13:39:46][I][fujitsu.heatpump:179]: CTRL decoded: pwr=OFF fan=3 (CTRL0=0xCD)
[13:39:46][D][fujitsu.climate:175]: State updated - Mode: 0, Target: 22.0°C, Current: nan°C
[13:39:46][W][component:239]: Component fujitsu_climate.climate took a long time for an operation (161 ms).
[13:39:46][W][component:240]: Components should block for at most 30 ms.
[13:39:46][D][climate:396]: 'Fujitsu Heat Pump' - Sending state:
[13:39:46][D][climate:399]:   Mode: OFF
[13:39:46][D][climate:401]:   Action: OFF
[13:39:46][D][climate:404]:   Fan Mode: MEDIUM
[13:39:46][D][climate:419]:   Current Temperature: nan°C
[13:39:46][D][climate:425]:   Target Temperature: 22.00°C
[13:39:46][V][json:020]: Attempting to allocate 512 bytes for JSON serialization
[13:39:46][V][json:040]: Size after shrink 208 bytes
[13:39:46][D][fujitsu.heatpump:067]: UNIT  frame: FE DF DF 7F FF CC FF 6B
[13:39:46][D][fujitsu.heatpump:105]: RAW [0xDF->0xDF]: FE DF DF 7F FF CC FF 6B
[13:39:46][D][fujitsu.heatpump:124]:   B3=0x7F B4=0xFF (fixed overhead)
[13:39:46][D][fujitsu.heatpump:128]:   B5=0xCC  temp_raw=6 (->22°C) mode_nibble=3
[13:39:46][D][fujitsu.heatpump:129]:   B6=0xFF  (mapping TBD)
[13:39:46][I][fujitsu.heatpump:152]: State: pwr=OFF mode=3 temp=22°C room=nan°C fan=3
[13:39:46][D][fujitsu.climate:175]: State updated - Mode: 0, Target: 22.0°C, Current: nan°C
[13:39:46][D][fujitsu.heatpump:071]: CTRL  frame: CD FF FF 5F FF CC FF 4B
[13:39:52][I][fujitsu.heatpump:152]: State: pwr=OFF mode=3 temp=22°C room=nan°C fan=3
[13:39:52][D][fujitsu.climate:175]: State updated - Mode: 0, Target: 22.0°C, Current: nan°C
[13:39:52][D][fujitsu.heatpump:071]: CTRL  frame: CD FF FF 5F FF CC FF 4B
[13:39:52][I][fujitsu.heatpump:179]: CTRL decoded: pwr=OFF fan=3 (CTRL0=0xCD)
[13:39:52][D][fujitsu.climate:175]: State updated - Mode: 0, Target: 22.0°C, Current: nan°C
[13:39:52][W][component:239]: Component fujitsu_climate.climate took a long time for an operation (154 ms).
[13:39:52][W][component:240]: Components should block for at most 30 ms.
[13:39:52][D][status_led:050]: 'Status LED': Setting state ON
[13:39:52][D][fujitsu.heatpump:067]: UNIT  frame: FE DF DF 7F FF CC FF 6B
[13:39:52][D][fujitsu.heatpump:105]: RAW [0xDF->0xDF]: FE DF DF 7F FF CC FF 6B
[13:39:52][D][fujitsu.heatpump:124]:   B3=0x7F B4=0xFF (fixed overhead)
[13:39:52][D][fujitsu.heatpump:128]:   B5=0xCC  temp_raw=6 (->22°C) mode_nibble=3
[13:39:52][D][fujitsu.heatpump:129]:   B6=0xFF  (mapping TBD)
[13:39:52][I][fujitsu.heatpump:152]: State: pwr=OFF mode=3 temp=22°C room=nan°C fan=3
[13:39:52][D][fujitsu.climate:175]: State updated - Mode: 0, Target: 22.0°C, Current: nan°C
[13:39:52][D][fujitsu.heatpump:071]: CTRL  frame: CD FF FF 5F FF CC FF 4B
[13:39:52][I][fujitsu.heatpump:179]: CTRL decoded: pwr=OFF fan=3 (CTRL0=0xCD)
[13:39:52][D][fujitsu.climate:175]: State updated - Mode: 0, Target: 22.0°C, Current: nan°C
[13:39:52][W][component:239]: Component fujitsu_climate.climate took a long time for an operation (74 ms).
[13:39:52][W][component:240]: Components should block for at most 30 ms.
[13:39:52][D][status_led:050]: 'Status LED': Setting state OFF
[13:39:52][D][fujitsu.heatpump:067]: UNIT  frame: FE DF DF 7F FF CC FF 6B
[13:39:52][D][fujitsu.heatpump:105]: RAW [0xDF->0xDF]: FE DF DF 7F FF CC FF 6B
[13:39:52][D][fujitsu.heatpump:124]:   B3=0x7F B4=0xFF (fixed overhead)
[13:39:52][D][fujitsu.heatpump:128]:   B5=0xCC  temp_raw=6 (->22°C) mode_nibble=3
[13:39:52][D][fujitsu.heatpump:129]:   B6=0xFF  (mapping TBD)
[13:39:52][I][fujitsu.heatpump:152]: State: pwr=OFF mode=3 temp=22°C room=nan°C fan=3
[13:39:52][D][fujitsu.climate:175]: State updated - Mode: 0, Target: 22.0°C, Current: nan°C
[13:39:52][D][fujitsu.heatpump:071]: CTRL  frame: CD FF FF 5F FF CC FF 4B
[13:39:52][I][fujitsu.heatpump:179]: CTRL decoded: pwr=OFF fan=3 (CTRL0=0xCD)
[13:39:52][D][fujitsu.climate:175]: State updated - Mode: 0, Target: 22.0°C, Current: nan°C
[13:39:52][W][component:239]: Component fujitsu_climate.climate took a long time for an operation (78 ms).
[13:39:52][W][component:240]: Components should block for at most 30 ms.
[13:39:52][D][climate:396]: 'Fujitsu Heat Pump' - Sending state:
[13:39:52][D][climate:399]:   Mode: OFF
[13:39:52][D][climate:401]:   Action: OFF
[13:39:52][D][climate:404]:   Fan Mode: MEDIUM
[13:39:52][D][climate:419]:   Current Temperature: nan°C
[13:39:52][D][climate:425]:   Target Temperature: 22.00°C
[13:39:52][V][json:020]: Attempting to allocate 512 bytes for JSON serialization
[13:39:52][V][json:040]: Size after shrink 208 bytes
[13:39:52][D][fujitsu.heatpump:067]: UNIT  frame: FE DF DF 7F FF CC FF 6B
[13:39:52][D][fujitsu.heatpump:105]: RAW [0xDF->0xDF]: FE DF DF 7F FF CC FF 6B
[13:39:52][D][fujitsu.heatpump:124]:   B3=0x7F B4=0xFF (fixed overhead)
[13:39:52][D][fujitsu.heatpump:128]:   B5=0xCC  temp_raw=6 (->22°C) mode_nibble=3
[13:39:52][D][fujitsu.heatpump:129]:   B6=0xFF  (mapping TBD)
[13:39:52][I][fujitsu.heatpump:152]: State: pwr=OFF mode=3 temp=22°C room=nan°C fan=3
[13:39:52][D][fujitsu.climate:175]: State updated - Mode: 0, Target: 22.0°C, Current: nan°C
[13:39:52][D][fujitsu.heatpump:071]: CTRL  frame: CD FF FF 5F FF CC FF 4B
[13:39:52][I][fujitsu.heatpump:179]: CTRL decoded: pwr=OFF fan=3 (CTRL0=0xCD)
[13:39:52][D][fujitsu.climate:175]: State updated - Mode: 0, Target: 22.0°C, Current: nan°C
[13:39:52][W][component:239]: Component fujitsu_climate.climate took a long time for an operation (73 ms).
[13:39:52][W][component:240]: Components should block for at most 30 ms.
[13:39:52][D][fujitsu.heatpump:067]: UNIT  frame: FE DF DF 7F FF CC FF 6B
[13:39:52][D][fujitsu.heatpump:105]: RAW [0xDF->0xDF]: FE DF DF 7F FF CC FF 6B
[13:39:52][D][fujitsu.heatpump:124]:   B3=0x7F B4=0xFF (fixed overhead)
[13:39:52][D][fujitsu.heatpump:128]:   B5=0xCC  temp_raw=6 (->22°C) mode_nibble=3
[13:39:52][D][fujitsu.heatpump:129]:   B6=0xFF  (mapping TBD)
[13:39:52][I][fujitsu.heatpump:152]: State: pwr=OFF mode=3 temp=22°C room=nan°C fan=3
[13:39:52][D][fujitsu.climate:175]: State updated - Mode: 0, Target: 22.0°C, Current: nan°C
[13:39:52][D][fujitsu.heatpump:071]: CTRL  frame: CD FF FF 5F FF CC FF 4B
[13:39:52][I][fujitsu.heatpump:179]: CTRL decoded: pwr=OFF fan=3 (CTRL0=0xCD)
[13:39:52][D][fujitsu.climate:175]: State updated - Mode: 0, Target: 22.0°C, Current: nan°C
[13:39:52][W][component:239]: Component fujitsu_climate.climate took a long time for an operation (73 ms).
[13:39:52][W][component:240]: Components should block for at most 30 ms.
[13:39:52][D][climate:396]: 'Fujitsu Heat Pump' - Sending state:
[13:39:52][D][climate:399]:   Mode: OFF
[13:39:52][D][climate:401]:   Action: OFF
[13:39:52][D][climate:404]:   Fan Mode: MEDIUM
[13:39:52][D][climate:419]:   Current Temperature: nan°C
[13:39:52][D][climate:425]:   Target Temperature: 22.00°C
[13:39:52][V][json:020]: Attempting to allocate 512 bytes for JSON serialization
[13:39:52][V][json:040]: Size after shrink 208 bytes
[13:39:52][W][component:239]: Component fujitsu_climate.climate took a long time for an operation (51 ms).
[13:39:52][W][component:240]: Components should block for at most 30 ms.
[13:39:52][D][fujitsu.heatpump:067]: UNIT  frame: FE DF DF 7F FF CC FF 6B
[13:39:52][D][fujitsu.heatpump:105]: RAW [0xDF->0xDF]: FE DF DF 7F FF CC FF 6B
[13:39:52][D][fujitsu.heatpump:124]:   B3=0x7F B4=0xFF (fixed overhead)
[13:39:52][D][fujitsu.heatpump:128]:   B5=0xCC  temp_raw=6 (->22°C) mode_nibble=3
[13:39:52][D][fujitsu.heatpump:129]:   B6=0xFF  (mapping TBD)
[13:39:52][I][fujitsu.heatpump:152]: State: pwr=OFF mode=3 temp=22°C room=nan°C fan=3
[13:39:52][D][fujitsu.climate:175]: State updated - Mode: 0, Target: 22.0°C, Current: nan°C
[13:39:52][D][fujitsu.heatpump:071]: CTRL  frame: CD FF FF 5F FF CC FF 4B
[13:39:52][I][fujitsu.heatpump:179]: CTRL decoded: pwr=OFF fan=3 (CTRL0=0xCD)
[13:39:52][D][fujitsu.climate:175]: State updated - Mode: 0, Target: 22.0°C, Current: nan°C
[13:39:52][W][component:239]: Component fujitsu_climate.climate took a long time for an operation (83 ms).
[13:39:52][W][component:240]: Components should block for at most 30 ms.
[13:39:52][D][status_led:050]: 'Status LED': Setting state ON
[13:39:52][D][fujitsu.heatpump:067]: UNIT  frame: FE DF DF 7F FF CC FF 6B
[13:39:52][D][fujitsu.heatpump:105]: RAW [0xDF->0xDF]: FE DF DF 7F FF CC FF 6B
[13:39:52][D][fujitsu.heatpump:124]:   B3=0x7F B4=0xFF (fixed overhead)
[13:39:52][D][fujitsu.heatpump:128]:   B5=0xCC  temp_raw=6 (->22°C) mode_nibble=3
[13:39:52][D][fujitsu.heatpump:129]:   B6=0xFF  (mapping TBD)
[13:39:52][I][fujitsu.heatpump:152]: State: pwr=OFF mode=3 temp=22°C room=nan°C fan=3
[13:39:52][D][fujitsu.climate:175]: State updated - Mode: 0, Target: 22.0°C, Current: nan°C
[13:39:52][D][fujitsu.heatpump:071]: CTRL  frame: CD FF FF 5F FF CC FF 4B
[13:39:52][I][fujitsu.heatpump:179]: CTRL decoded: pwr=OFF fan=3 (CTRL0=0xCD)
[13:39:52][D][fujitsu.climate:175]: State updated - Mode: 0, Target: 22.0°C, Current: nan°C
[13:39:52][W][component:239]: Component fujitsu_climate.climate took a long time for an operation (83 ms).
[13:39:52][W][component:240]: Components should block for at most 30 ms.
[13:39:52][D][status_led:050]: 'Status LED': Setting state OFF
[13:39:52][D][fujitsu.heatpump:067]: UNIT  frame: FE DF DF 7F FF CC FF 6B
[13:39:52][D][fujitsu.heatpump:105]: RAW [0xDF->0xDF]: FE DF DF 7F FF CC FF 6B
[13:39:52][D][fujitsu.heatpump:124]:   B3=0x7F B4=0xFF (fixed overhead)
[13:39:52][D][fujitsu.heatpump:128]:   B5=0xCC  temp_raw=6 (->22°C) mode_nibble=3
[13:39:52][D][fujitsu.heatpump:129]:   B6=0xFF  (mapping TBD)
[13:39:52][I][fujitsu.heatpump:152]: State: pwr=OFF mode=3 temp=22°C room=nan°C fan=3
[13:39:52][D][fujitsu.climate:175]: State updated - Mode: 0, Target: 22.0°C, Current: nan°C
[13:39:52][D][fujitsu.heatpump:071]: CTRL  frame: CD FF FF 5F FF CC FF 4B
[13:39:52][I][fujitsu.heatpump:179]: CTRL decoded: pwr=OFF fan=3 (CTRL0=0xCD)
[13:39:52][D][fujitsu.climate:175]: State updated - Mode: 0, Target: 22.0°C, Current: nan°C
[13:39:52][W][component:239]: Component fujitsu_climate.climate took a long time for an operation (84 ms).
[13:39:52][W][component:240]: Components should block for at most 30 ms.
[13:39:52][D][climate:396]: 'Fujitsu Heat Pump' - Sending state:
[13:39:52][D][climate:399]:   Mode: OFF
[13:39:52][D][climate:401]:   Action: OFF
[13:39:52][D][climate:404]:   Fan Mode: MEDIUM
[13:39:52][D][climate:419]:   Current Temperature: nan°C
[13:39:52][D][climate:425]:   Target Temperature: 22.00°C
[13:39:52][V][json:020]: Attempting to allocate 512 bytes for JSON serialization
[13:39:52][V][json:040]: Size after shrink 208 bytes
[13:39:52][W][component:239]: Component fujitsu_climate.climate took a long time for an operation (53 ms).
[13:39:52][W][component:240]: Components should block for at most 30 ms.
[13:39:52][D][fujitsu.heatpump:067]: UNIT  frame: FE DF DF 7F FF CC FF 6B
[13:39:52][D][fujitsu.heatpump:105]: RAW [0xDF->0xDF]: FE DF DF 7F FF CC FF 6B
[13:39:52][D][fujitsu.heatpump:124]:   B3=0x7F B4=0xFF (fixed overhead)
[13:39:52][D][fujitsu.heatpump:128]:   B5=0xCC  temp_raw=6 (->22°C) mode_nibble=3
[13:39:52][D][fujitsu.heatpump:129]:   B6=0xFF  (mapping TBD)
[13:39:52][I][fujitsu.heatpump:152]: State: pwr=OFF mode=3 temp=22°C room=nan°C fan=3
[13:39:52][D][fujitsu.climate:175]: State updated - Mode: 0, Target: 22.0°C, Current: nan°C
[13:39:52][D][fujitsu.heatpump:071]: CTRL  frame: CD FF FF 5F FF CC FF 4B
[13:39:52][I][fujitsu.heatpump:179]: CTRL decoded: pwr=OFF fan=3 (CTRL0=0xCD)
[13:39:52][D][fujitsu.climate:175]: State updated - Mode: 0, Target: 22.0°C, Current: nan°C
[13:39:52][W][component:239]: Component fujitsu_climate.climate took a long time for an operation (74 ms).
[13:39:52][W][component:240]: Components should block for at most 30 ms.
[13:39:52][D][fujitsu.heatpump:067]: UNIT  frame: FE DF DF 7F FF CC FF 6B
[13:39:52][D][fujitsu.heatpump:105]: RAW [0xDF->0xDF]: FE DF DF 7F FF CC FF 6B
[13:39:52][D][fujitsu.heatpump:124]:   B3=0x7F B4=0xFF (fixed overhead)
[13:39:52][D][fujitsu.heatpump:128]:   B5=0xCC  temp_raw=6 (->22°C) mode_nibble=3
[13:39:52][D][fujitsu.heatpump:129]:   B6=0xFF  (mapping TBD)
[13:39:52][I][fujitsu.heatpump:152]: State: pwr=OFF mode=3 temp=22°C room=nan°C fan=3
[13:39:52][D][fujitsu.climate:175]: State updated - Mode: 0, Target: 22.0°C, Current: nan°C
[13:39:52][D][fujitsu.heatpump:071]: CTRL  frame: CD FF FF 5F FF CC FF 4B
[13:39:52][I][fujitsu.heatpump:179]: CTRL decoded: pwr=OFF fan=3 (CTRL0=0xCD)
[13:39:52][D][fujitsu.climate:175]: State updated - Mode: 0, Target: 22.0°C, Current: nan°C
[13:39:52][W][component:239]: Component fujitsu_climate.climate took a long time for an operation (74 ms).
[13:39:52][W][component:240]: Components should block for at most 30 ms.
[13:39:52][D][climate:396]: 'Fujitsu Heat Pump' - Sending state:
[13:39:52][D][climate:399]:   Mode: OFF
[13:39:52][D][climate:401]:   Action: OFF
[13:39:52][D][climate:404]:   Fan Mode: MEDIUM
[13:39:52][D][climate:419]:   Current Temperature: nan°C
[13:39:52][D][climate:425]:   Target Temperature: 22.00°C
[13:39:52][V][json:020]: Attempting to allocate 512 bytes for JSON serialization
[13:39:52][V][json:040]: Size after shrink 208 bytes
[13:39:52][D][fujitsu.heatpump:067]: UNIT  frame: FE DF DF 7F FF CC FF 6B
[13:39:52][D][fujitsu.heatpump:105]: RAW [0xDF->0xDF]: FE DF DF 7F FF CC FF 6B
[13:39:52][D][fujitsu.heatpump:124]:   B3=0x7F B4=0xFF (fixed overhead)
[13:39:52][D][fujitsu.heatpump:128]:   B5=0xCC  temp_raw=6 (->22°C) mode_nibble=3
[13:39:52][D][fujitsu.heatpump:129]:   B6=0xFF  (mapping TBD)
[13:39:52][I][fujitsu.heatpump:152]: State: pwr=OFF mode=3 temp=22°C room=nan°C fan=3
[13:39:52][D][fujitsu.climate:175]: State updated - Mode: 0, Target: 22.0°C, Current: nan°C
[13:39:52][D][fujitsu.heatpump:071]: CTRL  frame: CD FF FF 5F FF CC FF 4B
[13:39:52][I][fujitsu.heatpump:179]: CTRL decoded: pwr=OFF fan=3 (CTRL0=0xCD)
[13:39:52][D][fujitsu.climate:175]: State updated - Mode: 0, Target: 22.0°C, Current: nan°C
[13:39:52][W][component:239]: Component fujitsu_climate.climate took a long time for an operation (79 ms).
[13:39:52][W][component:240]: Components should block for at most 30 ms.
[13:39:52][D][status_led:050]: 'Status LED': Setting state ON
[13:39:52][D][fujitsu.heatpump:067]: UNIT  frame: FE DF DF 7F FF CC FF 6B
[13:39:52][D][fujitsu.heatpump:105]: RAW [0xDF->0xDF]: FE DF DF 7F FF CC FF 6B
[13:39:52][D][fujitsu.heatpump:124]:   B3=0x7F B4=0xFF (fixed overhead)
[13:39:52][D][fujitsu.heatpump:128]:   B5=0xCC  temp_raw=6 (->22°C) mode_nibble=3
[13:39:52][D][fujitsu.heatpump:129]:   B6=0xFF  (mapping TBD)
[13:39:52][I][fujitsu.heatpump:152]: State: pwr=OFF mode=3 temp=22°C room=nan°C fan=3
[13:39:52][D][fujitsu.climate:175]: State updated - Mode: 0, Target: 22.0°C, Current: nan°C
[13:39:52][D][fujitsu.heatpump:071]: CTRL  frame: CD FF FF 5F FF CC FF 4B
[13:39:52][I][fujitsu.heatpump:179]: CTRL decoded: pwr=OFF fan=3 (CTRL0=0xCD)
[13:39:52][D][fujitsu.climate:175]: State updated - Mode: 0, Target: 22.0°C, Current: nan°C
[13:39:52][W][component:239]: Component fujitsu_climate.climate took a long time for an operation (71 ms).
[13:39:52][W][component:240]: Components should block for at most 30 ms.
[13:39:52][D][status_led:050]: 'Status LED': Setting state OFF
[13:39:52][D][climate:396]: 'Fujitsu Heat Pump' - Sending state:
[13:39:52][D][climate:399]:   Mode: OFF
[13:39:52][D][climate:401]:   Action: OFF
[13:39:52][D][climate:404]:   Fan Mode: MEDIUM
[13:39:52][D][climate:419]:   Current Temperature: nan°C
[13:39:52][D][climate:425]:   Target Temperature: 22.00°C
[13:39:52][V][json:020]: Attempting to allocate 512 bytes for JSON serialization
[13:39:52][V][json:040]: Size after shrink 208 bytes
[13:39:52][D][fujitsu.heatpump:067]: UNIT  frame: FE DF DF 7F FF CC FF 6B
[13:39:52][D][fujitsu.heatpump:105]: RAW [0xDF->0xDF]: FE DF DF 7F FF CC FF 6B
[13:39:52][D][fujitsu.heatpump:124]:   B3=0x7F B4=0xFF (fixed overhead)
[13:39:52][D][fujitsu.heatpump:128]:   B5=0xCC  temp_raw=6 (->22°C) mode_nibble=3
[13:39:52][D][fujitsu.heatpump:129]:   B6=0xFF  (mapping TBD)
[13:39:52][I][fujitsu.heatpump:152]: State: pwr=OFF mode=3 temp=22°C room=nan°C fan=3
[13:39:52][D][fujitsu.climate:175]: State updated - Mode: 0, Target: 22.0°C, Current: nan°C
[13:39:52][D][fujitsu.heatpump:071]: CTRL  frame: CD FF FF 5F FF CC FF 4B
[13:39:52][I][fujitsu.heatpump:179]: CTRL decoded: pwr=OFF fan=3 (CTRL0=0xCD)
[13:39:52][D][fujitsu.climate:175]: State updated - Mode: 0, Target: 22.0°C, Current: nan°C
[13:39:52][D][fujitsu.heatpump:067]: UNIT  frame: FE DF DF 7F FF CC FF 6B
[13:39:52][D][fujitsu.heatpump:105]: RAW [0xDF->0xDF]: FE DF DF 7F FF CC FF 6B
[13:39:52][D][fujitsu.heatpump:124]:   B3=0x7F B4=0xFF (fixed overhead)
[13:39:52][D][fujitsu.heatpump:128]:   B5=0xCC  temp_raw=6 (->22°C) mode_nibble=3
[13:39:52][D][fujitsu.heatpump:129]:   B6=0xFF  (mapping TBD)
[13:39:52][I][fujitsu.heatpump:152]: State: pwr=OFF mode=3 temp=22°C room=nan°C fan=3
[13:39:54][D][fujitsu.heatpump:071]: CTRL  frame: CD FF FF 5F FF CC FF 4B
[13:39:54][I][fujitsu.heatpump:179]: CTRL decoded: pwr=OFF fan=3 (CTRL0=0xCD)
[13:39:54][D][fujitsu.climate:175]: State updated - Mode: 0, Target: 22.0°C, Current: nan°C
[13:39:54][W][component:239]: Component fujitsu_climate.climate took a long time for an operation (166 ms).
[13:39:54][W][component:240]: Components should block for at most 30 ms.
[13:39:54][D][fujitsu.heatpump:067]: UNIT  frame: FE DF DF 7F FF CC FF 6B
[13:39:54][D][fujitsu.heatpump:105]: RAW [0xDF->0xDF]: FE DF DF 7F FF CC FF 6B
[13:39:54][D][fujitsu.heatpump:124]:   B3=0x7F B4=0xFF (fixed overhead)
[13:39:54][D][fujitsu.heatpump:128]:   B5=0xCC  temp_raw=6 (->22°C) mode_nibble=3
[13:39:54][D][fujitsu.heatpump:129]:   B6=0xFF  (mapping TBD)
[13:39:54][I][fujitsu.heatpump:152]: State: pwr=OFF mode=3 temp=22°C room=nan°C fan=3
[13:39:54][D][fujitsu.climate:175]: State updated - Mode: 0, Target: 22.0°C, Current: nan°C
[13:39:54][D][fujitsu.heatpump:071]: CTRL  frame: CD FF FF 5F FF CC FF 4B
[13:39:54][I][fujitsu.heatpump:179]: CTRL decoded: pwr=OFF fan=3 (CTRL0=0xCD)
[13:39:54][D][fujitsu.climate:175]: State updated - Mode: 0, Target: 22.0°C, Current: nan°C
[13:39:54][W][component:239]: Component fujitsu_climate.climate took a long time for an operation (78 ms).
[13:39:54][W][component:240]: Components should block for at most 30 ms.
[13:39:54][D][climate:396]: 'Fujitsu Heat Pump' - Sending state:
[13:39:54][D][climate:399]:   Mode: OFF
[13:39:54][D][climate:401]:   Action: OFF
[13:39:54][D][climate:404]:   Fan Mode: MEDIUM
[13:39:54][D][climate:419]:   Current Temperature: nan°C
[13:39:54][D][climate:425]:   Target Temperature: 22.00°C
[13:39:54][V][json:020]: Attempting to allocate 512 bytes for JSON serialization
[13:39:54][V][json:040]: Size after shrink 208 bytes
[13:39:54][D][status_led:050]: 'Status LED': Setting state ON
[13:39:54][D][fujitsu.heatpump:067]: UNIT  frame: FE DF DF 7F FF CC FF 6B
[13:39:54][D][fujitsu.heatpump:105]: RAW [0xDF->0xDF]: FE DF DF 7F FF CC FF 6B
[13:39:54][D][fujitsu.heatpump:124]:   B3=0x7F B4=0xFF (fixed overhead)
[13:39:54][D][fujitsu.heatpump:128]:   B5=0xCC  temp_raw=6 (->22°C) mode_nibble=3
[13:39:54][D][fujitsu.heatpump:129]:   B6=0xFF  (mapping TBD)
[13:39:54][I][fujitsu.heatpump:152]: State: pwr=OFF mode=3 temp=22°C room=nan°C fan=3
[13:39:54][D][fujitsu.climate:175]: State updated - Mode: 0, Target: 22.0°C, Current: nan°C
[13:39:54][D][fujitsu.heatpump:071]: CTRL  frame: CD FF FF 5F FF CC FF 4B
[13:39:54][I][fujitsu.heatpump:179]: CTRL decoded: pwr=OFF fan=3 (CTRL0=0xCD)
[13:39:54][D][fujitsu.climate:175]: State updated - Mode: 0, Target: 22.0°C, Current: nan°C
[13:39:54][W][component:239]: Component fujitsu_climate.climate took a long time for an operation (69 ms).
[13:39:54][W][component:240]: Components should block for at most 30 ms.
[13:39:54][D][fujitsu.heatpump:067]: UNIT  frame: FE DF DF 7F FF CC FF 6B
[13:39:54][D][fujitsu.heatpump:105]: RAW [0xDF->0xDF]: FE DF DF 7F FF CC FF 6B
[13:39:54][D][fujitsu.heatpump:124]:   B3=0x7F B4=0xFF (fixed overhead)
[13:39:54][D][fujitsu.heatpump:128]:   B5=0xCC  temp_raw=6 (->22°C) mode_nibble=3
[13:39:54][D][fujitsu.heatpump:129]:   B6=0xFF  (mapping TBD)
[13:39:54][I][fujitsu.heatpump:152]: State: pwr=OFF mode=3 temp=22°C room=nan°C fan=3
[13:39:54][D][fujitsu.climate:175]: State updated - Mode: 0, Target: 22.0°C, Current: nan°C
[13:39:54][D][fujitsu.heatpump:071]: CTRL  frame: CD FF FF 5F FF CC FF 4B
[13:39:54][I][fujitsu.heatpump:179]: CTRL decoded: pwr=OFF fan=3 (CTRL0=0xCD)
[13:39:54][D][fujitsu.climate:175]: State updated - Mode: 0, Target: 22.0°C, Current: nan°C
[13:39:54][W][component:239]: Component fujitsu_climate.climate took a long time for an operation (68 ms).
[13:39:54][W][component:240]: Components should block for at most 30 ms.
[13:39:54][D][status_led:050]: 'Status LED': Setting state OFF
[13:39:54][D][climate:396]: 'Fujitsu Heat Pump' - Sending state:
[13:39:54][D][climate:399]:   Mode: OFF
[13:39:54][D][climate:401]:   Action: OFF
[13:39:54][D][climate:404]:   Fan Mode: MEDIUM
[13:39:54][D][climate:419]:   Current Temperature: nan°C
[13:39:54][D][climate:425]:   Target Temperature: 22.00°C
[13:39:54][V][json:020]: Attempting to allocate 512 bytes for JSON serialization
[13:39:54][V][json:040]: Size after shrink 208 bytes
[13:39:54][D][fujitsu.heatpump:067]: UNIT  frame: FE DF DF 7F FF CC FF 6B
[13:39:54][D][fujitsu.heatpump:105]: RAW [0xDF->0xDF]: FE DF DF 7F FF CC FF 6B
[13:39:54][D][fujitsu.heatpump:124]:   B3=0x7F B4=0xFF (fixed overhead)
[13:39:54][D][fujitsu.heatpump:128]:   B5=0xCC  temp_raw=6 (->22°C) mode_nibble=3
[13:39:54][D][fujitsu.heatpump:129]:   B6=0xFF  (mapping TBD)
[13:39:54][I][fujitsu.heatpump:152]: State: pwr=OFF mode=3 temp=22°C room=nan°C fan=3
[13:39:54][D][fujitsu.climate:175]: State updated - Mode: 0, Target: 22.0°C, Current: nan°C
[13:39:54][D][fujitsu.heatpump:071]: CTRL  frame: CD FF FF 5F FF CC FF 4B
[13:39:54][I][fujitsu.heatpump:179]: CTRL decoded: pwr=OFF fan=3 (CTRL0=0xCD)
[13:39:54][D][fujitsu.climate:175]: State updated - Mode: 0, Target: 22.0°C, Current: nan°C
[13:39:54][W][component:239]: Component fujitsu_climate.climate took a long time for an operation (76 ms).
[13:39:54][W][component:240]: Components should block for at most 30 ms.
[13:39:54][D][fujitsu.heatpump:067]: UNIT  frame: FE DF DF 7F FF CC FF 6B
[13:39:54][D][fujitsu.heatpump:105]: RAW [0xDF->0xDF]: FE DF DF 7F FF CC FF 6B
[13:39:54][D][fujitsu.heatpump:124]:   B3=0x7F B4=0xFF (fixed overhead)
[13:39:54][D][fujitsu.heatpump:128]:   B5=0xCC  temp_raw=6 (->22°C) mode_nibble=3
[13:39:54][D][fujitsu.heatpump:129]:   B6=0xFF  (mapping TBD)
[13:39:54][I][fujitsu.heatpump:152]: State: pwr=OFF mode=3 temp=22°C room=nan°C fan=3
[13:39:54][D][fujitsu.climate:175]: State updated - Mode: 0, Target: 22.0°C, Current: nan°C
[13:39:54][D][fujitsu.heatpump:071]: CTRL  frame: CD FF FF 5F FF CC FF 4B
[13:39:54][I][fujitsu.heatpump:179]: CTRL decoded: pwr=OFF fan=3 (CTRL0=0xCD)
[13:39:54][D][fujitsu.climate:175]: State updated - Mode: 0, Target: 22.0°C, Current: nan°C
[13:39:54][D][fujitsu.heatpump:067]: UNIT  frame: FE DF DF 7F FF CC FF 6B
[13:39:54][D][fujitsu.heatpump:105]: RAW [0xDF->0xDF]: FE DF DF 7F FF CC FF 6B
[13:39:54][D][fujitsu.heatpump:124]:   B3=0x7F B4=0xFF (fixed overhead)
[13:39:54][D][fujitsu.heatpump:128]:   B5=0xCC  temp_raw=6 (->22°C) mode_nibble=3
[13:39:54][D][fujitsu.heatpump:129]:   B6=0xFF  (mapping TBD)
[13:39:54][I][fujitsu.heatpump:152]: State: pwr=OFF mode=3 temp=22°C room=nan°C fan=3
[13:39:58][D][fujitsu.climate:175]: State updated - Mode: 0, Target: 22.0°C, Current: nan°C
[13:39:58][W][component:239]: Component fujitsu_climate.climate took a long time for an operation (160 ms).
[13:39:58][W][component:240]: Components should block for at most 30 ms.
[13:39:58][D][climate:396]: 'Fujitsu Heat Pump' - Sending state:
[13:39:58][D][climate:399]:   Mode: OFF
[13:39:58][D][climate:401]:   Action: OFF
[13:39:58][D][climate:404]:   Fan Mode: MEDIUM
[13:39:58][D][climate:419]:   Current Temperature: nan°C
[13:39:58][D][climate:425]:   Target Temperature: 22.00°C
[13:39:58][V][json:020]: Attempting to allocate 512 bytes for JSON serialization
[13:39:58][V][json:040]: Size after shrink 208 bytes
[13:39:58][D][status_led:050]: 'Status LED': Setting state ON
[13:39:58][D][status_led:050]: 'Status LED': Setting state OFF
[13:39:58][D][fujitsu.heatpump:067]: UNIT  frame: FE DF DF 7F FF CC FF 6B
[13:39:58][D][fujitsu.heatpump:105]: RAW [0xDF->0xDF]: FE DF DF 7F FF CC FF 6B
[13:39:58][D][fujitsu.heatpump:124]:   B3=0x7F B4=0xFF (fixed overhead)
[13:39:58][D][fujitsu.heatpump:128]:   B5=0xCC  temp_raw=6 (->22°C) mode_nibble=3
[13:39:58][D][fujitsu.heatpump:129]:   B6=0xFF  (mapping TBD)
[13:39:58][I][fujitsu.heatpump:152]: State: pwr=OFF mode=3 temp=22°C room=nan°C fan=3
[13:39:58][D][fujitsu.climate:175]: State updated - Mode: 0, Target: 22.0°C, Current: nan°C
[13:39:58][D][fujitsu.heatpump:071]: CTRL  frame: CD FF FF 5F FF CC FF 4B
[13:39:58][I][fujitsu.heatpump:179]: CTRL decoded: pwr=OFF fan=3 (CTRL0=0xCD)
[13:39:58][D][fujitsu.climate:175]: State updated - Mode: 0, Target: 22.0°C, Current: nan°C
[13:39:58][D][fujitsu.heatpump:067]: UNIT  frame: FE DF DF 7F FF CC FF 6B
[13:39:58][D][fujitsu.heatpump:105]: RAW [0xDF->0xDF]: FE DF DF 7F FF CC FF 6B
[13:39:58][D][fujitsu.heatpump:124]:   B3=0x7F B4=0xFF (fixed overhead)
[13:39:58][D][fujitsu.heatpump:128]:   B5=0xCC  temp_raw=6 (->22°C) mode_nibble=3
[13:39:58][D][fujitsu.heatpump:129]:   B6=0xFF  (mapping TBD)
[13:39:58][I][fujitsu.heatpump:152]: State: pwr=OFF mode=3 temp=22°C room=nan°C fan=3
[13:39:58][D][fujitsu.climate:175]: State updated - Mode: 0, Target: 22.0°C, Current: nan°C
[13:39:58][D][fujitsu.heatpump:071]: CTRL  frame: CD FF FF 5F FF CC FF 4B
[13:39:58][I][fujitsu.heatpump:179]: CTRL decoded: pwr=OFF fan=3 (CTRL0=0xCD)
[13:39:58][D][fujitsu.climate:175]: State updated - Mode: 0, Target: 22.0°C, Current: nan°C
[13:39:58][W][component:239]: Component fujitsu_climate.climate took a long time for an operation (154 ms).
[13:39:58][W][component:240]: Components should block for at most 30 ms.
[13:39:58][D][climate:396]: 'Fujitsu Heat Pump' - Sending state:
[13:39:58][D][climate:399]:   Mode: OFF
[13:39:58][D][climate:401]:   Action: OFF
[13:39:58][D][climate:404]:   Fan Mode: MEDIUM
[13:39:58][D][climate:419]:   Current Temperature: nan°C
[13:39:58][D][climate:425]:   Target Temperature: 22.00°C
[13:39:58][V][json:020]: Attempting to allocate 512 bytes for JSON serialization
[13:39:58][V][json:040]: Size after shrink 208 bytes
[13:39:58][W][component:239]: Component fujitsu_climate.climate took a long time for an operation (56 ms).
[13:39:58][W][component:240]: Components should block for at most 30 ms.
[13:39:58][D][fujitsu.heatpump:067]: UNIT  frame: FE DF DF 7F FF CC FF 6B
[13:39:58][D][fujitsu.heatpump:105]: RAW [0xDF->0xDF]: FE DF DF 7F FF CC FF 6B
[13:39:58][D][fujitsu.heatpump:124]:   B3=0x7F B4=0xFF (fixed overhead)
[13:39:58][D][fujitsu.heatpump:128]:   B5=0xCC  temp_raw=6 (->22°C) mode_nibble=3
[13:39:58][D][fujitsu.heatpump:129]:   B6=0xFF  (mapping TBD)
[13:39:58][I][fujitsu.heatpump:152]: State: pwr=OFF mode=3 temp=22°C room=nan°C fan=3
[13:39:58][D][fujitsu.climate:175]: State updated - Mode: 0, Target: 22.0°C, Current: nan°C
[13:39:58][D][fujitsu.heatpump:071]: CTRL  frame: CD FF FF 5F FF CC FF 4B
[13:39:58][I][fujitsu.heatpump:179]: CTRL decoded: pwr=OFF fan=3 (CTRL0=0xCD)
[13:39:58][D][fujitsu.climate:175]: State updated - Mode: 0, Target: 22.0°C, Current: nan°C
[13:39:58][W][component:239]: Component fujitsu_climate.climate took a long time for an operation (73 ms).
[13:39:58][W][component:240]: Components should block for at most 30 ms.
[13:39:58][D][fujitsu.heatpump:067]: UNIT  frame: FE DF DF 7F FF CC FF 6B
[13:39:58][D][fujitsu.heatpump:105]: RAW [0xDF->0xDF]: FE DF DF 7F FF CC FF 6B
[13:39:58][D][fujitsu.heatpump:124]:   B3=0x7F B4=0xFF (fixed overhead)
[13:39:58][D][fujitsu.heatpump:128]:   B5=0xCC  temp_raw=6 (->22°C) mode_nibble=3
[13:39:58][D][fujitsu.heatpump:129]:   B6=0xFF  (mapping TBD)
[13:39:58][I][fujitsu.heatpump:152]: State: pwr=OFF mode=3 temp=22°C room=nan°C fan=3
[13:39:58][D][fujitsu.climate:175]: State updated - Mode: 0, Target: 22.0°C, Current: nan°C
[13:39:58][D][fujitsu.heatpump:071]: CTRL  frame: CD FF FF 5F FF CC FF 4B
[13:39:58][I][fujitsu.heatpump:179]: CTRL decoded: pwr=OFF fan=3 (CTRL0=0xCD)
[13:39:58][D][fujitsu.climate:175]: State updated - Mode: 0, Target: 22.0°C, Current: nan°C
[13:39:58][W][component:239]: Component fujitsu_climate.climate took a long time for an operation (69 ms).
[13:39:58][W][component:240]: Components should block for at most 30 ms.
[13:39:58][D][fujitsu.heatpump:067]: UNIT  frame: FE DF DF 7F FF CC FF 6B
[13:39:58][D][fujitsu.heatpump:105]: RAW [0xDF->0xDF]: FE DF DF 7F FF CC FF 6B
[13:39:58][D][fujitsu.heatpump:124]:   B3=0x7F B4=0xFF (fixed overhead)
[13:39:58][D][fujitsu.heatpump:128]:   B5=0xCC  temp_raw=6 (->22°C) mode_nibble=3
[13:39:58][D][fujitsu.heatpump:129]:   B6=0xFF  (mapping TBD)
[13:39:58][I][fujitsu.heatpump:152]: State: pwr=OFF mode=3 temp=22°C room=nan°C fan=3
[13:39:58][D][fujitsu.climate:175]: State updated - Mode: 0, Target: 22.0°C, Current: nan°C
[13:39:58][D][fujitsu.heatpump:071]: CTRL  frame: CD FF FF 5F FF CC FF 4B
[13:39:58][I][fujitsu.heatpump:179]: CTRL decoded: pwr=OFF fan=3 (CTRL0=0xCD)
[13:39:58][D][fujitsu.climate:175]: State updated - Mode: 0, Target: 22.0°C, Current: nan°C
[13:39:58][W][component:239]: Component fujitsu_climate.climate took a long time for an operation (78 ms).
[13:39:58][W][component:240]: Components should block for at most 30 ms.
[13:39:58][D][climate:396]: 'Fujitsu Heat Pump' - Sending state:
[13:39:58][D][climate:399]:   Mode: OFF
[13:39:58][D][climate:401]:   Action: OFF
[13:39:58][D][climate:404]:   Fan Mode: MEDIUM
[13:39:58][D][climate:419]:   Current Temperature: nan°C
[13:39:58][D][climate:425]:   Target Temperature: 22.00°C
[13:39:58][V][json:020]: Attempting to allocate 512 bytes for JSON serialization
[13:39:58][V][json:040]: Size after shrink 208 bytes
[13:39:58][W][component:239]: Component fujitsu_climate.climate took a long time for an operation (55 ms).
[13:39:58][W][component:240]: Components should block for at most 30 ms.
[13:39:58][D][status_led:050]: 'Status LED': Setting state ON
[13:39:58][D][fujitsu.heatpump:067]: UNIT  frame: FE DF DF 7F FF CC FF 6B
[13:39:58][D][fujitsu.heatpump:105]: RAW [0xDF->0xDF]: FE DF DF 7F FF CC FF 6B
[13:39:58][D][fujitsu.heatpump:124]:   B3=0x7F B4=0xFF (fixed overhead)
[13:39:58][D][fujitsu.heatpump:128]:   B5=0xCC  temp_raw=6 (->22°C) mode_nibble=3
[13:39:58][D][fujitsu.heatpump:129]:   B6=0xFF  (mapping TBD)
[13:39:58][I][fujitsu.heatpump:152]: State: pwr=OFF mode=3 temp=22°C room=nan°C fan=3
[13:39:58][D][fujitsu.climate:175]: State updated - Mode: 0, Target: 22.0°C, Current: nan°C
[13:39:58][D][fujitsu.heatpump:071]: CTRL  frame: CD FF FF 5F FF CC FF 4B
[13:39:58][I][fujitsu.heatpump:179]: CTRL decoded: pwr=OFF fan=3 (CTRL0=0xCD)
[13:39:58][D][fujitsu.climate:175]: State updated - Mode: 0, Target: 22.0°C, Current: nan°C
[13:39:58][W][component:239]: Component fujitsu_climate.climate took a long time for an operation (80 ms).
[13:39:58][W][component:240]: Components should block for at most 30 ms.
[13:39:58][D][status_led:050]: 'Status LED': Setting state OFF
[13:39:58][D][climate:396]: 'Fujitsu Heat Pump' - Sending state:
[13:39:58][D][climate:399]:   Mode: OFF
[13:39:58][D][climate:401]:   Action: OFF
[13:39:58][D][climate:404]:   Fan Mode: MEDIUM
[13:39:58][D][climate:419]:   Current Temperature: nan°C
[13:39:58][D][climate:425]:   Target Temperature: 22.00°C
[13:39:58][V][json:020]: Attempting to allocate 512 bytes for JSON serialization
[13:39:58][V][json:040]: Size after shrink 208 bytes
[13:39:58][D][fujitsu.heatpump:067]: UNIT  frame: FE DF DF 7F FF CC FF 6B
[13:39:58][D][fujitsu.heatpump:105]: RAW [0xDF->0xDF]: FE DF DF 7F FF CC FF 6B
[13:39:58][D][fujitsu.heatpump:124]:   B3=0x7F B4=0xFF (fixed overhead)
[13:39:58][D][fujitsu.heatpump:128]:   B5=0xCC  temp_raw=6 (->22°C) mode_nibble=3
[13:39:58][D][fujitsu.heatpump:129]:   B6=0xFF  (mapping TBD)
[13:39:58][I][fujitsu.heatpump:152]: State: pwr=OFF mode=3 temp=22°C room=nan°C fan=3
[13:39:58][D][fujitsu.climate:175]: State updated - Mode: 0, Target: 22.0°C, Current: nan°C
[13:39:58][D][fujitsu.heatpump:071]: CTRL  frame: CD FF FF 5F FF CC FF 4B
[13:39:58][I][fujitsu.heatpump:179]: CTRL decoded: pwr=OFF fan=3 (CTRL0=0xCD)
[13:39:58][D][fujitsu.climate:175]: State updated - Mode: 0, Target: 22.0°C, Current: nan°C
[13:39:58][D][fujitsu.heatpump:067]: UNIT  frame: FE DF DF 7F FF CC FF 6B
[13:39:58][D][fujitsu.heatpump:105]: RAW [0xDF->0xDF]: FE DF DF 7F FF CC FF 6B
[13:39:58][D][fujitsu.heatpump:124]:   B3=0x7F B4=0xFF (fixed overhead)
[13:39:58][D][fujitsu.heatpump:128]:   B5=0xCC  temp_raw=6 (->22°C) mode_nibble=3
[13:39:58][D][fujitsu.heatpump:129]:   B6=0xFF  (mapping TBD)
[13:39:58][I][fujitsu.heatpump:152]: State: pwr=OFF mode=3 temp=22°C room=nan°C fan=3
[13:39:58][D][fujitsu.climate:175]: State updated - Mode: 0, Target: 22.0°C, Current: nan°C
[13:39:58][D][fujitsu.heatpump:071]: CTRL  frame: CD FF FF 5F FF CC FF 4B
[13:40:01][W][component:240]: Components should block for at most 30 ms.
[13:40:01][D][fujitsu.heatpump:067]: UNIT  frame: FE DF DF 7F FF CC FF 6B
[13:40:01][D][fujitsu.heatpump:105]: RAW [0xDF->0xDF]: FE DF DF 7F FF CC FF 6B
[13:40:01][D][fujitsu.heatpump:124]:   B3=0x7F B4=0xFF (fixed overhead)
[13:40:01][D][fujitsu.heatpump:128]:   B5=0xCC  temp_raw=6 (->22°C) mode_nibble=3
[13:40:01][D][fujitsu.heatpump:129]:   B6=0xFF  (mapping TBD)
[13:40:01][I][fujitsu.heatpump:152]: State: pwr=OFF mode=3 temp=22°C room=nan°C fan=3
[13:40:01][D][fujitsu.climate:175]: State updated - Mode: 0, Target: 22.0°C, Current: nan°C
[13:40:01][D][fujitsu.heatpump:071]: CTRL  frame: CD FF FF 5F FF CC FF 4B
[13:40:01][I][fujitsu.heatpump:179]: CTRL decoded: pwr=OFF fan=3 (CTRL0=0xCD)
[13:40:01][D][fujitsu.climate:175]: State updated - Mode: 0, Target: 22.0°C, Current: nan°C
[13:40:01][W][component:239]: Component fujitsu_climate.climate took a long time for an operation (75 ms).
[13:40:01][W][component:240]: Components should block for at most 30 ms.
[13:40:01][D][climate:396]: 'Fujitsu Heat Pump' - Sending state:
[13:40:01][D][climate:399]:   Mode: OFF
[13:40:01][D][climate:401]:   Action: OFF
[13:40:01][D][climate:404]:   Fan Mode: MEDIUM
[13:40:01][D][climate:419]:   Current Temperature: nan°C
[13:40:01][D][climate:425]:   Target Temperature: 22.00°C
[13:40:01][V][json:020]: Attempting to allocate 512 bytes for JSON serialization
[13:40:01][V][json:040]: Size after shrink 208 bytes
[13:40:01][D][fujitsu.heatpump:067]: UNIT  frame: FE DF DF 7F FF CC FF 6B
[13:40:01][D][fujitsu.heatpump:105]: RAW [0xDF->0xDF]: FE DF DF 7F FF CC FF 6B
[13:40:01][D][fujitsu.heatpump:124]:   B3=0x7F B4=0xFF (fixed overhead)
[13:40:01][D][fujitsu.heatpump:128]:   B5=0xCC  temp_raw=6 (->22°C) mode_nibble=3
[13:40:01][D][fujitsu.heatpump:129]:   B6=0xFF  (mapping TBD)
[13:40:01][I][fujitsu.heatpump:152]: State: pwr=OFF mode=3 temp=22°C room=nan°C fan=3
[13:40:01][D][fujitsu.climate:175]: State updated - Mode: 0, Target: 22.0°C, Current: nan°C
[13:40:01][D][fujitsu.heatpump:071]: CTRL  frame: CD FF FF 5F FF CC FF 4B
[13:40:01][I][fujitsu.heatpump:179]: CTRL decoded: pwr=OFF fan=3 (CTRL0=0xCD)
[13:40:01][D][fujitsu.climate:175]: State updated - Mode: 0, Target: 22.0°C, Current: nan°C
[13:40:01][W][component:239]: Component fujitsu_climate.climate took a long time for an operation (83 ms).
[13:40:01][W][component:240]: Components should block for at most 30 ms.
[13:40:01][D][status_led:050]: 'Status LED': Setting state ON
[13:40:01][D][status_led:050]: 'Status LED': Setting state OFF
[13:40:01][D][fujitsu.heatpump:067]: UNIT  frame: FE DF DF 7F FF CC FF 6B
[13:40:01][D][fujitsu.heatpump:105]: RAW [0xDF->0xDF]: FE DF DF 7F FF CC FF 6B
[13:40:01][D][fujitsu.heatpump:124]:   B3=0x7F B4=0xFF (fixed overhead)
[13:40:01][D][fujitsu.heatpump:128]:   B5=0xCC  temp_raw=6 (->22°C) mode_nibble=3
[13:40:01][D][fujitsu.heatpump:129]:   B6=0xFF  (mapping TBD)
[13:40:01][I][fujitsu.heatpump:152]: State: pwr=OFF mode=3 temp=22°C room=nan°C fan=3
[13:40:01][D][fujitsu.climate:175]: State updated - Mode: 0, Target: 22.0°C, Current: nan°C
[13:40:01][D][fujitsu.heatpump:071]: CTRL  frame: CD FF FF 5F FF CC FF 4B
[13:40:01][I][fujitsu.heatpump:179]: CTRL decoded: pwr=OFF fan=3 (CTRL0=0xCD)
[13:40:01][D][fujitsu.climate:175]: State updated - Mode: 0, Target: 22.0°C, Current: nan°C
[13:40:01][D][fujitsu.heatpump:067]: UNIT  frame: FE DF DF 7F FF CC FF 6B
[13:40:01][D][fujitsu.heatpump:105]: RAW [0xDF->0xDF]: FE DF DF 7F FF CC FF 6B
[13:40:01][D][fujitsu.heatpump:124]:   B3=0x7F B4=0xFF (fixed overhead)
[13:40:01][D][fujitsu.heatpump:128]:   B5=0xCC  temp_raw=6 (->22°C) mode_nibble=3
[13:40:01][D][fujitsu.heatpump:129]:   B6=0xFF  (mapping TBD)
[13:40:01][I][fujitsu.heatpump:152]: State: pwr=OFF mode=3 temp=22°C room=nan°C fan=3
[13:40:01][D][fujitsu.climate:175]: State updated - Mode: 0, Target: 22.0°C, Current: nan°C
[13:40:01][D][fujitsu.heatpump:071]: CTRL  frame: CD FF FF 5F FF CC FF 4B
[13:40:01][I][fujitsu.heatpump:179]: CTRL decoded: pwr=OFF fan=3 (CTRL0=0xCD)
[13:40:01][D][fujitsu.climate:175]: State updated - Mode: 0, Target: 22.0°C, Current: nan°C
[13:40:01][W][component:239]: Component fujitsu_climate.climate took a long time for an operation (151 ms).
[13:40:01][W][component:240]: Components should block for at most 30 ms.
[13:40:01][D][climate:396]: 'Fujitsu Heat Pump' - Sending state:
[13:40:01][D][climate:399]:   Mode: OFF
[13:40:01][D][climate:401]:   Action: OFF
[13:40:01][D][climate:404]:   Fan Mode: MEDIUM
[13:40:01][D][climate:419]:   Current Temperature: nan°C
[13:40:01][D][climate:425]:   Target Temperature: 22.00°C
[13:40:01][V][json:020]: Attempting to allocate 512 bytes for JSON serialization
[13:40:01][V][json:040]: Size after shrink 208 bytes
[13:40:01][W][component:239]: Component fujitsu_climate.climate took a long time for an operation (53 ms).
[13:40:01][W][component:240]: Components should block for at most 30 ms.
[13:40:01][D][fujitsu.heatpump:067]: UNIT  frame: FE DF DF 7F FF CC FF 6B
[13:40:01][D][fujitsu.heatpump:105]: RAW [0xDF->0xDF]: FE DF DF 7F FF CC FF 6B
[13:40:01][D][fujitsu.heatpump:124]:   B3=0x7F B4=0xFF (fixed overhead)
[13:40:01][D][fujitsu.heatpump:128]:   B5=0xCC  temp_raw=6 (->22°C) mode_nibble=3
[13:40:01][D][fujitsu.heatpump:129]:   B6=0xFF  (mapping TBD)
[13:40:01][I][fujitsu.heatpump:152]: State: pwr=OFF mode=3 temp=22°C room=nan°C fan=3
[13:40:01][D][fujitsu.climate:175]: State updated - Mode: 0, Target: 22.0°C, Current: nan°C
[13:40:01][D][fujitsu.heatpump:071]: CTRL  frame: CD FF FF 5F FF CC FF 4B
[13:40:01][I][fujitsu.heatpump:179]: CTRL decoded: pwr=OFF fan=3 (CTRL0=0xCD)
[13:40:01][D][fujitsu.climate:175]: State updated - Mode: 0, Target: 22.0°C, Current: nan°C
[13:40:01][W][component:239]: Component fujitsu_climate.climate took a long time for an operation (78 ms).
[13:40:01][W][component:240]: Components should block for at most 30 ms.
[13:40:01][D][fujitsu.heatpump:067]: UNIT  frame: FE DF DF 7F FF CC FF 6B
[13:40:01][D][fujitsu.heatpump:105]: RAW [0xDF->0xDF]: FE DF DF 7F FF CC FF 6B
[13:40:01][D][fujitsu.heatpump:124]:   B3=0x7F B4=0xFF (fixed overhead)
[13:40:01][D][fujitsu.heatpump:128]:   B5=0xCC  temp_raw=6 (->22°C) mode_nibble=3
[13:40:01][D][fujitsu.heatpump:129]:   B6=0xFF  (mapping TBD)
[13:40:01][I][fujitsu.heatpump:152]: State: pwr=OFF mode=3 temp=22°C room=nan°C fan=3
[13:40:01][D][fujitsu.climate:175]: State updated - Mode: 0, Target: 22.0°C, Current: nan°C
[13:40:01][D][fujitsu.heatpump:071]: CTRL  frame: CD FF FF 5F FF CC FF 4B
[13:40:01][I][fujitsu.heatpump:179]: CTRL decoded: pwr=OFF fan=3 (CTRL0=0xCD)
[13:40:01][D][fujitsu.climate:175]: State updated - Mode: 0, Target: 22.0°C, Current: nan°C
[13:40:01][W][component:239]: Component fujitsu_climate.climate took a long time for an operation (77 ms).
[13:40:01][W][component:240]: Components should block for at most 30 ms.
[13:40:01][D][climate:396]: 'Fujitsu Heat Pump' - Sending state:
[13:40:01][D][climate:399]:   Mode: OFF
[13:40:01][D][climate:401]:   Action: OFF
[13:40:01][D][climate:404]:   Fan Mode: MEDIUM
[13:40:01][D][climate:419]:   Current Temperature: nan°C
[13:40:01][D][climate:425]:   Target Temperature: 22.00°C
[13:40:01][V][json:020]: Attempting to allocate 512 bytes for JSON serialization
[13:40:01][V][json:040]: Size after shrink 208 bytes
[13:40:01][D][fujitsu.heatpump:067]: UNIT  frame: FE DF DF 7F FF CC FF 6B
[13:40:01][D][fujitsu.heatpump:105]: RAW [0xDF->0xDF]: FE DF DF 7F FF CC FF 6B
[13:40:01][D][fujitsu.heatpump:124]:   B3=0x7F B4=0xFF (fixed overhead)
[13:40:01][D][fujitsu.heatpump:128]:   B5=0xCC  temp_raw=6 (->22°C) mode_nibble=3
[13:40:01][D][fujitsu.heatpump:129]:   B6=0xFF  (mapping TBD)
[13:40:01][I][fujitsu.heatpump:152]: State: pwr=OFF mode=3 temp=22°C room=nan°C fan=3
[13:40:01][D][fujitsu.climate:175]: State updated - Mode: 0, Target: 22.0°C, Current: nan°C
[13:40:01][D][fujitsu.heatpump:071]: CTRL  frame: CD FF FF 5F FF CC FF 4B
[13:40:01][I][fujitsu.heatpump:179]: CTRL decoded: pwr=OFF fan=3 (CTRL0=0xCD)
[13:40:01][D][fujitsu.climate:175]: State updated - Mode: 0, Target: 22.0°C, Current: nan°C
[13:40:01][W][component:239]: Component fujitsu_climate.climate took a long time for an operation (77 ms).
[13:40:01][W][component:240]: Components should block for at most 30 ms.
[13:40:01][D][status_led:050]: 'Status LED': Setting state ON
[13:40:06][D][fujitsu.heatpump:067]: UNIT  frame: FE DF DF 7F FF CC FF 6B
[13:40:06][D][fujitsu.heatpump:105]: RAW [0xDF->0xDF]: FE DF DF 7F FF CC FF 6B
[13:40:06][D][fujitsu.heatpump:124]:   B3=0x7F B4=0xFF (fixed overhead)
[13:40:06][D][fujitsu.heatpump:128]:   B5=0xCC  temp_raw=6 (->22°C) mode_nibble=3
[13:40:06][D][fujitsu.heatpump:129]:   B6=0xFF  (mapping TBD)
[13:40:06][I][fujitsu.heatpump:152]: State: pwr=OFF mode=3 temp=22°C room=nan°C fan=3
[13:40:06][D][fujitsu.climate:175]: State updated - Mode: 0, Target: 22.0°C, Current: nan°C
[13:40:06][D][fujitsu.heatpump:071]: CTRL  frame: CD FF FF 5F FF CC FF 4B
[13:40:06][I][fujitsu.heatpump:179]: CTRL decoded: pwr=OFF fan=3 (CTRL0=0xCD)
[13:40:06][D][fujitsu.climate:175]: State updated - Mode: 0, Target: 22.0°C, Current: nan°C
[13:40:06][W][component:239]: Component fujitsu_climate.climate took a long time for an operation (71 ms).
[13:40:06][W][component:240]: Components should block for at most 30 ms.
[13:40:06][D][status_led:050]: 'Status LED': Setting state OFF
[13:40:06][D][climate:396]: 'Fujitsu Heat Pump' - Sending state:
[13:40:06][D][climate:399]:   Mode: OFF
[13:40:06][D][climate:401]:   Action: OFF
[13:40:06][D][climate:404]:   Fan Mode: MEDIUM
[13:40:06][D][climate:419]:   Current Temperature: nan°C
[13:40:06][D][climate:425]:   Target Temperature: 22.00°C
[13:40:06][V][json:020]: Attempting to allocate 512 bytes for JSON serialization
[13:40:06][V][json:040]: Size after shrink 208 bytes
[13:40:06][D][fujitsu.heatpump:067]: UNIT  frame: FE DF DF 7F FF CC FF 6B
[13:40:06][D][fujitsu.heatpump:105]: RAW [0xDF->0xDF]: FE DF DF 7F FF CC FF 6B
[13:40:06][D][fujitsu.heatpump:124]:   B3=0x7F B4=0xFF (fixed overhead)
[13:40:06][D][fujitsu.heatpump:128]:   B5=0xCC  temp_raw=6 (->22°C) mode_nibble=3
[13:40:06][D][fujitsu.heatpump:129]:   B6=0xFF  (mapping TBD)
[13:40:06][I][fujitsu.heatpump:152]: State: pwr=OFF mode=3 temp=22°C room=nan°C fan=3
[13:40:06][D][fujitsu.climate:175]: State updated - Mode: 0, Target: 22.0°C, Current: nan°C
[13:40:06][D][fujitsu.heatpump:071]: CTRL  frame: CD FF FF 5F FF CC FF 4B
[13:40:06][I][fujitsu.heatpump:179]: CTRL decoded: pwr=OFF fan=3 (CTRL0=0xCD)
[13:40:06][D][fujitsu.climate:175]: State updated - Mode: 0, Target: 22.0°C, Current: nan°C
[13:40:06][D][fujitsu.heatpump:067]: UNIT  frame: FE DF DF 7F FF CC FF 6B
[13:40:06][D][fujitsu.heatpump:105]: RAW [0xDF->0xDF]: FE DF DF 7F FF CC FF 6B
[13:40:06][D][fujitsu.heatpump:124]:   B3=0x7F B4=0xFF (fixed overhead)
[13:40:06][D][fujitsu.heatpump:128]:   B5=0xCC  temp_raw=6 (->22°C) mode_nibble=3
[13:40:06][D][fujitsu.heatpump:129]:   B6=0xFF  (mapping TBD)
[13:40:06][I][fujitsu.heatpump:152]: State: pwr=OFF mode=3 temp=22°C room=nan°C fan=3
[13:40:06][D][fujitsu.climate:175]: State updated - Mode: 0, Target: 22.0°C, Current: nan°C
[13:40:06][D][fujitsu.heatpump:071]: CTRL  frame: CD FF FF 5F FF CC FF 4B
[13:40:06][I][fujitsu.heatpump:179]: CTRL decoded: pwr=OFF fan=3 (CTRL0=0xCD)
[13:40:06][D][fujitsu.climate:175]: State updated - Mode: 0, Target: 22.0°C, Current: nan°C
[13:40:06][W][component:239]: Component fujitsu_climate.climate took a long time for an operation (146 ms).
[13:40:06][W][component:240]: Components should block for at most 30 ms.
[13:40:06][D][fujitsu.heatpump:067]: UNIT  frame: FE DF DF 7F FF CC FF 6B
[13:40:06][D][fujitsu.heatpump:105]: RAW [0xDF->0xDF]: FE DF DF 7F FF CC FF 6B
[13:40:06][D][fujitsu.heatpump:124]:   B3=0x7F B4=0xFF (fixed overhead)
[13:40:06][D][fujitsu.heatpump:128]:   B5=0xCC  temp_raw=6 (->22°C) mode_nibble=3
[13:40:06][D][fujitsu.heatpump:129]:   B6=0xFF  (mapping TBD)
[13:40:06][I][fujitsu.heatpump:152]: State: pwr=OFF mode=3 temp=22°C room=nan°C fan=3
[13:40:06][D][fujitsu.climate:175]: State updated - Mode: 0, Target: 22.0°C, Current: nan°C
[13:40:06][D][fujitsu.heatpump:071]: CTRL  frame: CD FF FF 5F FF CC FF 4B
[13:40:06][I][fujitsu.heatpump:179]: CTRL decoded: pwr=OFF fan=3 (CTRL0=0xCD)
[13:40:06][D][fujitsu.climate:175]: State updated - Mode: 0, Target: 22.0°C, Current: nan°C
[13:40:06][W][component:239]: Component fujitsu_climate.climate took a long time for an operation (74 ms).
[13:40:06][W][component:240]: Components should block for at most 30 ms.
[13:40:06][D][climate:396]: 'Fujitsu Heat Pump' - Sending state:
[13:40:06][D][climate:399]:   Mode: OFF
[13:40:06][D][climate:401]:   Action: OFF
[13:40:06][D][climate:404]:   Fan Mode: MEDIUM
[13:40:06][D][climate:419]:   Current Temperature: nan°C
[13:40:06][D][climate:425]:   Target Temperature: 22.00°C
[13:40:06][V][json:020]: Attempting to allocate 512 bytes for JSON serialization
[13:40:06][V][json:040]: Size after shrink 208 bytes
[13:40:06][D][status_led:050]: 'Status LED': Setting state ON
[13:40:06][D][fujitsu.heatpump:067]: UNIT  frame: FE DF DF 7F FF CC FF 6B
[13:40:06][D][fujitsu.heatpump:105]: RAW [0xDF->0xDF]: FE DF DF 7F FF CC FF 6B
[13:40:06][D][fujitsu.heatpump:124]:   B3=0x7F B4=0xFF (fixed overhead)
[13:40:06][D][fujitsu.heatpump:128]:   B5=0xCC  temp_raw=6 (->22°C) mode_nibble=3
[13:40:06][D][fujitsu.heatpump:129]:   B6=0xFF  (mapping TBD)
[13:40:06][I][fujitsu.heatpump:152]: State: pwr=OFF mode=3 temp=22°C room=nan°C fan=3
[13:40:06][D][fujitsu.climate:175]: State updated - Mode: 0, Target: 22.0°C, Current: nan°C
[13:40:06][D][fujitsu.heatpump:071]: CTRL  frame: CD FF FF 5F FF CC FF 4B
[13:40:06][I][fujitsu.heatpump:179]: CTRL decoded: pwr=OFF fan=3 (CTRL0=0xCD)
[13:40:06][D][fujitsu.climate:175]: State updated - Mode: 0, Target: 22.0°C, Current: nan°C
[13:40:06][W][component:239]: Component fujitsu_climate.climate took a long time for an operation (72 ms).
[13:40:06][W][component:240]: Components should block for at most 30 ms.
[13:40:06][D][fujitsu.heatpump:067]: UNIT  frame: FE DF DF 7F FF CC FF 6B
[13:40:06][D][fujitsu.heatpump:105]: RAW [0xDF->0xDF]: FE DF DF 7F FF CC FF 6B
[13:40:06][D][fujitsu.heatpump:124]:   B3=0x7F B4=0xFF (fixed overhead)
[13:40:06][D][fujitsu.heatpump:128]:   B5=0xCC  temp_raw=6 (->22°C) mode_nibble=3
[13:40:06][D][fujitsu.heatpump:129]:   B6=0xFF  (mapping TBD)
[13:40:06][I][fujitsu.heatpump:152]: State: pwr=OFF mode=3 temp=22°C room=nan°C fan=3
[13:40:06][D][fujitsu.climate:175]: State updated - Mode: 0, Target: 22.0°C, Current: nan°C
[13:40:06][D][fujitsu.heatpump:071]: CTRL  frame: CD FF FF 5F FF CC FF 4B
[13:40:06][I][fujitsu.heatpump:179]: CTRL decoded: pwr=OFF fan=3 (CTRL0=0xCD)
[13:40:06][D][fujitsu.climate:175]: State updated - Mode: 0, Target: 22.0°C, Current: nan°C
[13:40:06][W][component:239]: Component fujitsu_climate.climate took a long time for an operation (74 ms).
[13:40:06][W][component:240]: Components should block for at most 30 ms.
[13:40:06][D][status_led:050]: 'Status LED': Setting state OFF
[13:40:06][D][climate:396]: 'Fujitsu Heat Pump' - Sending state:
[13:40:06][D][climate:399]:   Mode: OFF
[13:40:06][D][climate:401]:   Action: OFF
[13:40:06][D][climate:404]:   Fan Mode: MEDIUM
[13:40:06][D][climate:419]:   Current Temperature: nan°C
[13:40:06][D][climate:425]:   Target Temperature: 22.00°C
[13:40:06][V][json:020]: Attempting to allocate 512 bytes for JSON serialization
[13:40:06][V][json:040]: Size after shrink 208 bytes
[13:40:06][V][sensor:043]: 'WiFi Signal': Received new state -66.000000
[13:40:06][D][sensor:094]: 'WiFi Signal': Sending state -66.00000 dBm with 0 decimals of accuracy
[13:40:06][V][json:020]: Attempting to allocate 512 bytes for JSON serialization
[13:40:06][V][json:040]: Size after shrink 76 bytes
[13:40:06][D][fujitsu.heatpump:067]: UNIT  frame: FE DF DF 7F FF CC FF 6B
[13:40:06][D][fujitsu.heatpump:105]: RAW [0xDF->0xDF]: FE DF DF 7F FF CC FF 6B
[13:40:06][D][fujitsu.heatpump:124]:   B3=0x7F B4=0xFF (fixed overhead)
[13:40:06][D][fujitsu.heatpump:128]:   B5=0xCC  temp_raw=6 (->22°C) mode_nibble=3
[13:40:06][D][fujitsu.heatpump:129]:   B6=0xFF  (mapping TBD)
[13:40:06][I][fujitsu.heatpump:152]: State: pwr=OFF mode=3 temp=22°C room=nan°C fan=3
[13:40:06][D][fujitsu.climate:175]: State updated - Mode: 0, Target: 22.0°C, Current: nan°C
[13:40:06][D][fujitsu.heatpump:071]: CTRL  frame: CD FF FF 5F FF CC FF 4B
[13:40:06][I][fujitsu.heatpump:179]: CTRL decoded: pwr=OFF fan=3 (CTRL0=0xCD)
[13:40:06][D][fujitsu.climate:175]: State updated - Mode: 0, Target: 22.0°C, Current: nan°C
[13:40:06][W][component:239]: Component fujitsu_climate.climate took a long time for an operation (83 ms).
[13:40:06][W][component:240]: Components should block for at most 30 ms.
[13:40:06][D][fujitsu.heatpump:067]: UNIT  frame: FE DF DF 7F FF CC FF 6B
[13:40:06][D][fujitsu.heatpump:105]: RAW [0xDF->0xDF]: FE DF DF 7F FF CC FF 6B
[13:40:06][D][fujitsu.heatpump:124]:   B3=0x7F B4=0xFF (fixed overhead)
[13:40:06][D][fujitsu.heatpump:128]:   B5=0xCC  temp_raw=6 (->22°C) mode_nibble=3
[13:40:06][D][fujitsu.heatpump:129]:   B6=0xFF  (mapping TBD)
[13:40:06][I][fujitsu.heatpump:152]: State: pwr=OFF mode=3 temp=22°C room=nan°C fan=3
[13:40:06][D][fujitsu.climate:175]: State updated - Mode: 0, Target: 22.0°C, Current: nan°C
[13:40:06][D][fujitsu.heatpump:071]: CTRL  frame: CD FF FF 5F FF CC FF 4B
[13:40:06][I][fujitsu.heatpump:179]: CTRL decoded: pwr=OFF fan=3 (CTRL0=0xCD)
[13:40:06][D][fujitsu.climate:175]: State updated - Mode: 0, Target: 22.0°C, Current: nan°C
[13:40:06][W][component:239]: Component fujitsu_climate.climate took a long time for an operation (73 ms).
[13:40:06][W][component:240]: Components should block for at most 30 ms.
[13:40:06][D][fujitsu.heatpump:067]: UNIT  frame: FE DF DF 7F FF CC FF 6B
[13:40:06][D][fujitsu.heatpump:105]: RAW [0xDF->0xDF]: FE DF DF 7F FF CC FF 6B
[13:40:06][D][fujitsu.heatpump:124]:   B3=0x7F B4=0xFF (fixed overhead)
[13:40:06][D][fujitsu.heatpump:128]:   B5=0xCC  temp_raw=6 (->22°C) mode_nibble=3
[13:40:06][D][fujitsu.heatpump:129]:   B6=0xFF  (mapping TBD)
[13:40:06][I][fujitsu.heatpump:152]: State: pwr=OFF mode=3 temp=22°C room=nan°C fan=3
[13:40:06][D][fujitsu.climate:175]: State updated - Mode: 0, Target: 22.0°C, Current: nan°C
[13:40:06][D][fujitsu.heatpump:071]: CTRL  frame: CD FF FF 5F FF CC FF 4B
[13:40:06][I][fujitsu.heatpump:179]: CTRL decoded: pwr=OFF fan=3 (CTRL0=0xCD)
[13:40:06][D][fujitsu.climate:175]: State updated - Mode: 0, Target: 22.0°C, Current: nan°C
[13:40:06][W][component:239]: Component fujitsu_climate.climate took a long time for an operation (89 ms).
[13:40:06][W][component:240]: Components should block for at most 30 ms.
[13:40:06][D][climate:396]: 'Fujitsu Heat Pump' - Sending state:
[13:40:06][D][climate:399]:   Mode: OFF
[13:40:06][D][climate:401]:   Action: OFF
[13:40:06][D][climate:404]:   Fan Mode: MEDIUM
[13:40:06][D][climate:419]:   Current Temperature: nan°C
[13:40:06][D][climate:425]:   Target Temperature: 22.00°C
[13:40:06][V][json:020]: Attempting to allocate 512 bytes for JSON serialization
[13:40:06][V][json:040]: Size after shrink 208 bytes
[13:40:06][D][status_led:050]: 'Status LED': Setting state ON
[13:40:06][D][fujitsu.heatpump:067]: UNIT  frame: FE DF DF 7F FF CC FF 6B
[13:40:06][D][fujitsu.heatpump:105]: RAW [0xDF->0xDF]: FE DF DF 7F FF CC FF 6B
[13:40:06][D][fujitsu.heatpump:124]:   B3=0x7F B4=0xFF (fixed overhead)
[13:40:06][D][fujitsu.heatpump:128]:   B5=0xCC  temp_raw=6 (->22°C) mode_nibble=3
[13:40:06][D][fujitsu.heatpump:129]:   B6=0xFF  (mapping TBD)
[13:40:06][I][fujitsu.heatpump:152]: State: pwr=OFF mode=3 temp=22°C room=nan°C fan=3
[13:40:06][D][fujitsu.climate:175]: State updated - Mode: 0, Target: 22.0°C, Current: nan°C
[13:40:06][D][fujitsu.heatpump:071]: CTRL  frame: CD FF FF 5F FF CC FF 4B
[13:40:06][I][fujitsu.heatpump:179]: CTRL decoded: pwr=OFF fan=3 (CTRL0=0xCD)
[13:40:06][D][fujitsu.climate:175]: State updated - Mode: 0, Target: 22.0°C, Current: nan°C
[13:40:06][W][component:239]: Component fujitsu_climate.climate took a long time for an operation (83 ms).
[13:40:06][W][component:240]: Components should block for at most 30 ms.
[13:40:06][D][status_led:050]: 'Status LED': Setting state OFF
[13:40:06][D][fujitsu.heatpump:067]: UNIT  frame: FE DF DF 7F FF CC FF 6B
[13:40:06][D][fujitsu.heatpump:105]: RAW [0xDF->0xDF]: FE DF DF 7F FF CC FF 6B
[13:40:06][D][fujitsu.heatpump:124]:   B3=0x7F B4=0xFF (fixed overhead)
[13:40:06][D][fujitsu.heatpump:128]:   B5=0xCC  temp_raw=6 (->22°C) mode_nibble=3
[13:40:06][D][fujitsu.heatpump:129]:   B6=0xFF  (mapping TBD)
[13:40:06][I][fujitsu.heatpump:152]: State: pwr=OFF mode=3 temp=22°C room=nan°C fan=3
[13:40:06][D][fujitsu.climate:175]: State updated - Mode: 0, Target: 22.0°C, Current: nan°C
[13:40:06][D][fujitsu.heatpump:071]: CTRL  frame: CD FF FF 5F FF CC FF 4B
[13:40:06][I][fujitsu.heatpump:179]: CTRL decoded: pwr=OFF fan=3 (CTRL0=0xCD)
[13:40:06][D][fujitsu.climate:175]: State updated - Mode: 0, Target: 22.0°C, Current: nan°C
[13:40:06][W][component:239]: Component fujitsu_climate.climate took a long time for an operation (78 ms).
[13:40:06][W][component:240]: Components should block for at most 30 ms.
[13:40:06][D][climate:396]: 'Fujitsu Heat Pump' - Sending state:
[13:40:06][D][climate:399]:   Mode: OFF
[13:40:06][D][climate:401]:   Action: OFF
[13:40:06][D][climate:404]:   Fan Mode: MEDIUM
[13:40:06][D][climate:419]:   Current Temperature: nan°C
[13:40:06][D][climate:425]:   Target Temperature: 22.00°C
[13:40:06][V][json:020]: Attempting to allocate 512 bytes for JSON serialization
[13:40:06][V][json:040]: Size after shrink 208 bytes
[13:40:06][D][fujitsu.heatpump:067]: UNIT  frame: FE DF DF 7F FF CC FF 6B
[13:40:06][D][fujitsu.heatpump:105]: RAW [0xDF->0xDF]: FE DF DF 7F FF CC FF 6B
[13:40:06][D][fujitsu.heatpump:124]:   B3=0x7F B4=0xFF (fixed overhead)
[13:40:06][D][fujitsu.heatpump:128]:   B5=0xCC  temp_raw=6 (->22°C) mode_nibble=3
[13:40:06][D][fujitsu.heatpump:129]:   B6=0xFF  (mapping TBD)
[13:40:06][I][fujitsu.heatpump:152]: State: pwr=OFF mode=3 temp=22°C room=nan°C fan=3
[13:40:06][D][fujitsu.climate:175]: State updated - Mode: 0, Target: 22.0°C, Current: nan°C
[13:40:06][D][fujitsu.heatpump:071]: CTRL  frame: CD FF FF 5F FF CC FF 4B
[13:40:06][I][fujitsu.heatpump:179]: CTRL decoded: pwr=OFF fan=3 (CTRL0=0xCD)
[13:40:06][D][fujitsu.climate:175]: State updated - Mode: 0, Target: 22.0°C, Current: nan°C
[13:40:07][D][fujitsu.heatpump:067]: UNIT  frame: FE DF DF 7F FF CC FF 6B
[13:40:07][D][fujitsu.heatpump:105]: RAW [0xDF->0xDF]: FE DF DF 7F FF CC FF 6B
[13:40:07][D][fujitsu.heatpump:124]:   B3=0x7F B4=0xFF (fixed overhead)
[13:40:07][D][fujitsu.heatpump:128]:   B5=0xCC  temp_raw=6 (->22°C) mode_nibble=3
[13:40:07][D][fujitsu.heatpump:129]:   B6=0xFF  (mapping TBD)
[13:40:07][I][fujitsu.heatpump:152]: State: pwr=OFF mode=3 temp=22°C room=nan°C fan=3
[13:40:07][D][fujitsu.climate:175]: State updated - Mode: 0, Target: 22.0°C, Current: nan°C
[13:40:07][D][fujitsu.heatpump:071]: CTRL  frame: CD FF FF 5F FF CC FF 4B
[13:40:07][I][fujitsu.heatpump:179]: CTRL decoded: pwr=OFF fan=3 (CTRL0=0xCD)
[13:40:07][D][fujitsu.climate:175]: State updated - Mode: 0, Target: 22.0°C, Current: nan°C
[13:40:07][W][component:239]: Component fujitsu_climate.climate took a long time for an operation (79 ms).
[13:40:07][W][component:240]: Components should block for at most 30 ms.
[13:40:07][D][climate:396]: 'Fujitsu Heat Pump' - Sending state:
[13:40:07][D][climate:399]:   Mode: OFF
[13:40:07][D][climate:401]:   Action: OFF
[13:40:07][D][climate:404]:   Fan Mode: MEDIUM
[13:40:07][D][climate:419]:   Current Temperature: nan°C
[13:40:07][D][climate:425]:   Target Temperature: 22.00°C
[13:40:07][V][json:020]: Attempting to allocate 512 bytes for JSON serialization
[13:40:07][V][json:040]: Size after shrink 208 bytes
[13:40:07][D][fujitsu.heatpump:067]: UNIT  frame: FE DF DF 7F FF CC FF 6B
[13:40:07][D][fujitsu.heatpump:105]: RAW [0xDF->0xDF]: FE DF DF 7F FF CC FF 6B
[13:40:07][D][fujitsu.heatpump:124]:   B3=0x7F B4=0xFF (fixed overhead)
[13:40:07][D][fujitsu.heatpump:128]:   B5=0xCC  temp_raw=6 (->22°C) mode_nibble=3
[13:40:07][D][fujitsu.heatpump:129]:   B6=0xFF  (mapping TBD)
[13:40:07][I][fujitsu.heatpump:152]: State: pwr=OFF mode=3 temp=22°C room=nan°C fan=3
[13:40:07][D][fujitsu.climate:175]: State updated - Mode: 0, Target: 22.0°C, Current: nan°C
[13:40:07][D][fujitsu.heatpump:071]: CTRL  frame: CD FF FF 5F FF CC FF 4B
[13:40:07][I][fujitsu.heatpump:179]: CTRL decoded: pwr=OFF fan=3 (CTRL0=0xCD)
[13:40:07][D][fujitsu.climate:175]: State updated - Mode: 0, Target: 22.0°C, Current: nan°C
[13:40:07][D][status_led:050]: 'Status LED': Setting state ON
[13:40:07][D][fujitsu.heatpump:128]:   B5=0xCC  temp_raw=6 (->22°C) mode_nibble=3
[13:40:07][D][fujitsu.heatpump:129]:   B6=0xFF  (mapping TBD)
[13:40:07][I][fujitsu.heatpump:152]: State: pwr=OFF mode=3 temp=22°C room=nan°C fan=3
[13:40:07][D][fujitsu.climate:175]: State updated - Mode: 0, Target: 22.0°C, Current: nan°C
[13:40:07][D][fujitsu.heatpump:071]: CTRL  frame: CD FF FF 5F FF CC FF 4B
[13:40:07][I][fujitsu.heatpump:179]: CTRL decoded: pwr=OFF fan=3 (CTRL0=0xCD)
[13:40:07][D][fujitsu.climate:175]: State updated - Mode: 0, Target: 22.0°C, Current: nan°C
[13:40:07][W][component:239]: Component fujitsu_climate.climate took a long time for an operation (87 ms).
[13:40:07][D][status_led:050]: 'Status LED': Setting state OFF
[13:40:10][D][fujitsu.heatpump:067]: UNIT  frame: FE DF DF 7F FF CC FF 6B
[13:40:10][D][fujitsu.heatpump:105]: RAW [0xDF->0xDF]: FE DF DF 7F FF CC FF 6B
[13:40:10][D][fujitsu.heatpump:124]:   B3=0x7F B4=0xFF (fixed overhead)
[13:40:10][D][fujitsu.heatpump:128]:   B5=0xCC  temp_raw=6 (->22°C) mode_nibble=3
[13:40:10][D][fujitsu.heatpump:129]:   B6=0xFF  (mapping TBD)
[13:40:10][I][fujitsu.heatpump:152]: State: pwr=OFF mode=3 temp=22°C room=nan°C fan=3
[13:40:10][D][fujitsu.climate:175]: State updated - Mode: 0, Target: 22.0°C, Current: nan°C
[13:40:10][D][fujitsu.heatpump:071]: CTRL  frame: CD FF FF 5F FF CC FF 4B
[13:40:10][I][fujitsu.heatpump:179]: CTRL decoded: pwr=OFF fan=3 (CTRL0=0xCD)
[13:40:10][D][fujitsu.climate:175]: State updated - Mode: 0, Target: 22.0°C, Current: nan°C
[13:40:10][W][component:239]: Component fujitsu_climate.climate took a long time for an operation (81 ms).
[13:40:10][W][component:240]: Components should block for at most 30 ms.
[13:40:10][D][climate:396]: 'Fujitsu Heat Pump' - Sending state:
[13:40:10][D][climate:399]:   Mode: OFF
[13:40:10][D][climate:401]:   Action: OFF
[13:40:10][D][climate:404]:   Fan Mode: MEDIUM
[13:40:10][D][climate:419]:   Current Temperature: nan°C
[13:40:10][D][climate:425]:   Target Temperature: 22.00°C
[13:40:10][V][json:020]: Attempting to allocate 512 bytes for JSON serialization
[13:40:10][V][json:040]: Size after shrink 208 bytes
[13:40:10][D][fujitsu.heatpump:067]: UNIT  frame: FE DF DF 7F FF CC FF 6B
[13:40:10][D][fujitsu.heatpump:105]: RAW [0xDF->0xDF]: FE DF DF 7F FF CC FF 6B
[13:40:10][D][fujitsu.heatpump:124]:   B3=0x7F B4=0xFF (fixed overhead)
[13:40:10][D][fujitsu.heatpump:128]:   B5=0xCC  temp_raw=6 (->22°C) mode_nibble=3
[13:40:10][D][fujitsu.heatpump:129]:   B6=0xFF  (mapping TBD)
[13:40:10][I][fujitsu.heatpump:152]: State: pwr=OFF mode=3 temp=22°C room=nan°C fan=3
[13:40:10][D][fujitsu.climate:175]: State updated - Mode: 0, Target: 22.0°C, Current: nan°C
[13:40:10][D][fujitsu.heatpump:071]: CTRL  frame: CD FF FF 5F FF CC FF 4B
[13:40:10][I][fujitsu.heatpump:179]: CTRL decoded: pwr=OFF fan=3 (CTRL0=0xCD)
[13:40:10][D][fujitsu.climate:175]: State updated - Mode: 0, Target: 22.0°C, Current: nan°C
[13:40:10][W][component:239]: Component fujitsu_climate.climate took a long time for an operation (85 ms).
[13:40:10][W][component:240]: Components should block for at most 30 ms.
[13:40:10][D][fujitsu.heatpump:067]: UNIT  frame: FE DF DF 7F FF CC FF 6B
[13:40:10][D][fujitsu.heatpump:105]: RAW [0xDF->0xDF]: FE DF DF 7F FF CC FF 6B
[13:40:10][D][fujitsu.heatpump:124]:   B3=0x7F B4=0xFF (fixed overhead)
[13:40:10][D][fujitsu.heatpump:128]:   B5=0xCC  temp_raw=6 (->22°C) mode_nibble=3
[13:40:10][D][fujitsu.heatpump:129]:   B6=0xFF  (mapping TBD)
[13:40:10][I][fujitsu.heatpump:152]: State: pwr=OFF mode=3 temp=22°C room=nan°C fan=3
[13:40:10][D][fujitsu.climate:175]: State updated - Mode: 0, Target: 22.0°C, Current: nan°C
[13:40:10][D][fujitsu.heatpump:071]: CTRL  frame: CD FF FF 5F FF CC FF 4B
[13:40:10][I][fujitsu.heatpump:179]: CTRL decoded: pwr=OFF fan=3 (CTRL0=0xCD)
[13:40:10][D][fujitsu.climate:175]: State updated - Mode: 0, Target: 22.0°C, Current: nan°C
[13:40:10][W][component:239]: Component fujitsu_climate.climate took a long time for an operation (76 ms).
[13:40:10][W][component:240]: Components should block for at most 30 ms.
[13:40:10][D][climate:396]: 'Fujitsu Heat Pump' - Sending state:
[13:40:10][D][climate:399]:   Mode: OFF
[13:40:10][D][climate:401]:   Action: OFF
[13:40:10][D][climate:404]:   Fan Mode: MEDIUM
[13:40:10][D][climate:419]:   Current Temperature: nan°C
[13:40:10][D][climate:425]:   Target Temperature: 22.00°C
[13:40:10][V][json:020]: Attempting to allocate 512 bytes for JSON serialization
[13:40:10][V][json:040]: Size after shrink 208 bytes
[13:40:10][D][fujitsu.heatpump:067]: UNIT  frame: FE DF DF 7F FF CC FF 6B
[13:40:10][D][fujitsu.heatpump:105]: RAW [0xDF->0xDF]: FE DF DF 7F FF CC FF 6B
[13:40:10][D][fujitsu.heatpump:124]:   B3=0x7F B4=0xFF (fixed overhead)
[13:40:10][D][fujitsu.heatpump:128]:   B5=0xCC  temp_raw=6 (->22°C) mode_nibble=3
[13:40:10][D][fujitsu.heatpump:129]:   B6=0xFF  (mapping TBD)
[13:40:10][I][fujitsu.heatpump:152]: State: pwr=OFF mode=3 temp=22°C room=nan°C fan=3
[13:40:10][D][fujitsu.climate:175]: State updated - Mode: 0, Target: 22.0°C, Current: nan°C
[13:40:10][D][fujitsu.heatpump:071]: CTRL  frame: CD FF FF 5F FF CC FF 4B
[13:40:10][I][fujitsu.heatpump:179]: CTRL decoded: pwr=OFF fan=3 (CTRL0=0xCD)
[13:40:10][D][fujitsu.climate:175]: State updated - Mode: 0, Target: 22.0°C, Current: nan°C
[13:40:10][W][component:239]: Component fujitsu_climate.climate took a long time for an operation (71 ms).
[13:40:10][W][component:240]: Components should block for at most 30 ms.
[13:40:10][D][status_led:050]: 'Status LED': Setting state ON
[13:40:10][D][fujitsu.heatpump:067]: UNIT  frame: FE DF DF 7F FF CC FF 6B
[13:40:10][D][fujitsu.heatpump:105]: RAW [0xDF->0xDF]: FE DF DF 7F FF CC FF 6B
[13:40:10][D][fujitsu.heatpump:124]:   B3=0x7F B4=0xFF (fixed overhead)
[13:40:10][D][fujitsu.heatpump:128]:   B5=0xCC  temp_raw=6 (->22°C) mode_nibble=3
[13:40:10][D][fujitsu.heatpump:129]:   B6=0xFF  (mapping TBD)
[13:40:10][I][fujitsu.heatpump:152]: State: pwr=OFF mode=3 temp=22°C room=nan°C fan=3
[13:40:10][D][fujitsu.climate:175]: State updated - Mode: 0, Target: 22.0°C, Current: nan°C
[13:40:10][D][fujitsu.heatpump:071]: CTRL  frame: CD FF FF 5F FF CC FF 4B
[13:40:10][I][fujitsu.heatpump:179]: CTRL decoded: pwr=OFF fan=3 (CTRL0=0xCD)
[13:40:10][D][fujitsu.climate:175]: State updated - Mode: 0, Target: 22.0°C, Current: nan°C
[13:40:10][W][component:239]: Component fujitsu_climate.climate took a long time for an operation (72 ms).
[13:40:10][W][component:240]: Components should block for at most 30 ms.
[13:40:10][D][status_led:050]: 'Status LED': Setting state OFF
[13:40:10][V][json:020]: Attempting to allocate 512 bytes for JSON serialization
[13:40:10][V][json:040]: Size after shrink 88 bytes
[13:40:10][V][json:020]: Attempting to allocate 512 bytes for JSON serialization
[13:40:10][V][json:040]: Size after shrink 120 bytes
[13:40:10][V][json:020]: Attempting to allocate 512 bytes for JSON serialization
[13:40:10][V][json:040]: Size after shrink 328 bytes
[13:40:10][D][fujitsu.heatpump:067]: UNIT  frame: FE DF DF 7F FF CC FF 6B
[13:40:10][D][fujitsu.heatpump:105]: RAW [0xDF->0xDF]: FE DF DF 7F FF CC FF 6B
[13:40:10][D][fujitsu.heatpump:124]:   B3=0x7F B4=0xFF (fixed overhead)
[13:40:10][D][fujitsu.heatpump:128]:   B5=0xCC  temp_raw=6 (->22°C) mode_nibble=3
[13:40:10][D][fujitsu.heatpump:129]:   B6=0xFF  (mapping TBD)
[13:40:10][I][fujitsu.heatpump:152]: State: pwr=OFF mode=3 temp=22°C room=nan°C fan=3
[13:40:10][D][fujitsu.climate:175]: State updated - Mode: 0, Target: 22.0°C, Current: nan°C
[13:40:10][D][fujitsu.heatpump:071]: CTRL  frame: CD FF FF 5F FF CC FF 4B
[13:40:10][I][fujitsu.heatpump:179]: CTRL decoded: pwr=OFF fan=3 (CTRL0=0xCD)
[13:40:10][D][fujitsu.climate:175]: State updated - Mode: 0, Target: 22.0°C, Current: nan°C
[13:40:10][W][component:239]: Component fujitsu_climate.climate took a long time for an operation (76 ms).
[13:40:10][W][component:240]: Components should block for at most 30 ms.
[13:40:10][D][climate:396]: 'Fujitsu Heat Pump' - Sending state:
[13:40:10][D][climate:399]:   Mode: OFF
[13:40:10][D][climate:401]:   Action: OFF
[13:40:10][D][climate:404]:   Fan Mode: MEDIUM
[13:40:10][D][climate:419]:   Current Temperature: nan°C
[13:40:10][D][climate:425]:   Target Temperature: 22.00°C
[13:40:10][V][json:020]: Attempting to allocate 512 bytes for JSON serialization
[13:40:10][V][json:040]: Size after shrink 208 bytes
[13:40:10][W][component:239]: Component fujitsu_climate.climate took a long time for an operation (51 ms).
[13:40:10][W][component:240]: Components should block for at most 30 ms.
[13:40:10][V][json:020]: Attempting to allocate 512 bytes for JSON serialization
[13:40:10][V][json:040]: Size after shrink 144 bytes
[13:40:10][V][json:020]: Attempting to allocate 512 bytes for JSON serialization
[13:40:10][V][json:040]: Size after shrink 152 bytes
[13:40:10][V][json:020]: Attempting to allocate 512 bytes for JSON serialization
[13:40:10][V][json:040]: Size after shrink 160 bytes
[13:40:10][V][json:020]: Attempting to allocate 512 bytes for JSON serialization
[13:40:10][V][json:040]: Size after shrink 140 bytes
[13:40:10][V][json:020]: Attempting to allocate 512 bytes for JSON serialization
[13:40:10][V][json:040]: Size after shrink 104 bytes
[13:40:10][V][json:020]: Attempting to allocate 512 bytes for JSON serialization
[13:40:10][V][json:040]: Size after shrink 128 bytes
[13:40:10][V][json:020]: Attempting to allocate 512 bytes for JSON serialization
[13:40:10][V][json:040]: Size after shrink 140 bytes
[13:40:10][V][json:020]: Attempting to allocate 512 bytes for JSON serialization
[13:40:17][V][json:040]: Size after shrink 168 bytes
[13:40:17][V][json:020]: Attempting to allocate 512 bytes for JSON serialization
[13:40:17][V][json:040]: Size after shrink 396 bytes
[13:40:17][D][fujitsu.heatpump:067]: UNIT  frame: FE DF DF 7F FF CC FF 6B
[13:40:17][D][fujitsu.heatpump:105]: RAW [0xDF->0xDF]: FE DF DF 7F FF CC FF 6B
[13:40:17][D][fujitsu.heatpump:124]:   B3=0x7F B4=0xFF (fixed overhead)
[13:40:17][D][fujitsu.heatpump:128]:   B5=0xCC  temp_raw=6 (->22°C) mode_nibble=3
[13:40:17][D][fujitsu.heatpump:129]:   B6=0xFF  (mapping TBD)
[13:40:17][I][fujitsu.heatpump:152]: State: pwr=OFF mode=3 temp=22°C room=nan°C fan=3
[13:40:17][D][fujitsu.climate:175]: State updated - Mode: 0, Target: 22.0°C, Current: nan°C
[13:40:17][D][fujitsu.heatpump:071]: CTRL  frame: CD FF FF 5F FF CC FF 4B
[13:40:17][I][fujitsu.heatpump:179]: CTRL decoded: pwr=OFF fan=3 (CTRL0=0xCD)
[13:40:17][D][fujitsu.climate:175]: State updated - Mode: 0, Target: 22.0°C, Current: nan°C
[13:40:17][W][component:239]: Component fujitsu_climate.climate took a long time for an operation (73 ms).
[13:40:17][W][component:240]: Components should block for at most 30 ms.
[13:40:17][D][climate:396]: 'Fujitsu Heat Pump' - Sending state:
[13:40:17][D][climate:399]:   Mode: OFF
[13:40:17][D][climate:401]:   Action: OFF
[13:40:17][D][climate:404]:   Fan Mode: MEDIUM
[13:40:17][D][climate:419]:   Current Temperature: nan°C
[13:40:17][D][climate:425]:   Target Temperature: 22.00°C
[13:40:17][V][json:020]: Attempting to allocate 512 bytes for JSON serialization
[13:40:17][V][json:040]: Size after shrink 208 bytes
[13:40:17][V][json:020]: Attempting to allocate 512 bytes for JSON serialization
[13:40:17][V][json:040]: Size after shrink 208 bytes
[13:40:17][W][component:239]: Component fujitsu_climate.climate took a long time for an operation (71 ms).
[13:40:17][W][component:240]: Components should block for at most 30 ms.
[13:40:17][D][fujitsu.heatpump:067]: UNIT  frame: FE DF DF 7F FF CC FF 6B
[13:40:17][D][fujitsu.heatpump:105]: RAW [0xDF->0xDF]: FE DF DF 7F FF CC FF 6B
[13:40:17][D][fujitsu.heatpump:124]:   B3=0x7F B4=0xFF (fixed overhead)
[13:40:17][D][fujitsu.heatpump:128]:   B5=0xCC  temp_raw=6 (->22°C) mode_nibble=3
[13:40:17][D][fujitsu.heatpump:129]:   B6=0xFF  (mapping TBD)
[13:40:17][I][fujitsu.heatpump:152]: State: pwr=OFF mode=3 temp=22°C room=nan°C fan=3
[13:40:17][D][fujitsu.climate:175]: State updated - Mode: 0, Target: 22.0°C, Current: nan°C
[13:40:17][D][fujitsu.heatpump:071]: CTRL  frame: CD FF FF 5F FF CC FF 4B
[13:40:17][I][fujitsu.heatpump:179]: CTRL decoded: pwr=OFF fan=3 (CTRL0=0xCD)
[13:40:17][D][fujitsu.climate:175]: State updated - Mode: 0, Target: 22.0°C, Current: nan°C
[13:40:17][D][fujitsu.heatpump:067]: UNIT  frame: FE DF DF 7F FF CC FF 6B
[13:40:17][D][fujitsu.heatpump:105]: RAW [0xDF->0xDF]: FE DF DF 7F FF CC FF 6B
[13:40:17][D][fujitsu.heatpump:124]:   B3=0x7F B4=0xFF (fixed overhead)
[13:40:17][D][fujitsu.heatpump:128]:   B5=0xCC  temp_raw=6 (->22°C) mode_nibble=3
[13:40:17][D][fujitsu.heatpump:129]:   B6=0xFF  (mapping TBD)
[13:40:17][I][fujitsu.heatpump:152]: State: pwr=OFF mode=3 temp=22°C room=nan°C fan=3
[13:40:17][D][fujitsu.climate:175]: State updated - Mode: 0, Target: 22.0°C, Current: nan°C
[13:40:17][D][fujitsu.heatpump:071]: CTRL  frame: CD FF FF 5F FF CC FF 4B
[13:40:17][I][fujitsu.heatpump:179]: CTRL decoded: pwr=OFF fan=3 (CTRL0=0xCD)
[13:40:17][D][fujitsu.climate:175]: State updated - Mode: 0, Target: 22.0°C, Current: nan°C
[13:40:17][W][component:239]: Component fujitsu_climate.climate took a long time for an operation (160 ms).
[13:40:17][W][component:240]: Components should block for at most 30 ms.
[13:40:17][D][status_led:050]: 'Status LED': Setting state ON
[13:40:17][D][status_led:050]: 'Status LED': Setting state OFF
[13:40:17][D][climate:396]: 'Fujitsu Heat Pump' - Sending state:
[13:40:17][D][climate:399]:   Mode: OFF
[13:40:17][D][climate:401]:   Action: OFF
[13:40:17][D][climate:404]:   Fan Mode: MEDIUM
[13:40:17][D][climate:419]:   Current Temperature: nan°C
[13:40:17][D][climate:425]:   Target Temperature: 22.00°C
[13:40:17][V][json:020]: Attempting to allocate 512 bytes for JSON serialization
[13:40:17][V][json:040]: Size after shrink 208 bytes
[13:40:17][V][json:020]: Attempting to allocate 512 bytes for JSON serialization
[13:40:17][V][json:040]: Size after shrink 208 bytes
[13:40:17][W][component:239]: Component fujitsu_climate.climate took a long time for an operation (59 ms).
[13:40:17][W][component:240]: Components should block for at most 30 ms.
[13:40:17][D][fujitsu.heatpump:067]: UNIT  frame: FE DF DF 7F FF CC FF 6B
[13:40:17][D][fujitsu.heatpump:105]: RAW [0xDF->0xDF]: FE DF DF 7F FF CC FF 6B
[13:40:17][D][fujitsu.heatpump:124]:   B3=0x7F B4=0xFF (fixed overhead)
[13:40:17][D][fujitsu.heatpump:128]:   B5=0xCC  temp_raw=6 (->22°C) mode_nibble=3
[13:40:17][D][fujitsu.heatpump:129]:   B6=0xFF  (mapping TBD)
[13:40:17][I][fujitsu.heatpump:152]: State: pwr=OFF mode=3 temp=22°C room=nan°C fan=3
[13:40:17][D][fujitsu.climate:175]: State updated - Mode: 0, Target: 22.0°C, Current: nan°C
[13:40:17][D][fujitsu.heatpump:071]: CTRL  frame: CD FF FF 5F FF CC FF 4B
[13:40:17][I][fujitsu.heatpump:179]: CTRL decoded: pwr=OFF fan=3 (CTRL0=0xCD)
[13:40:17][D][fujitsu.climate:175]: State updated - Mode: 0, Target: 22.0°C, Current: nan°C
[13:40:17][D][fujitsu.heatpump:067]: UNIT  frame: FE DF DF 7F FF CC FF 6B
[13:40:17][D][fujitsu.heatpump:105]: RAW [0xDF->0xDF]: FE DF DF 7F FF CC FF 6B
[13:40:17][D][fujitsu.heatpump:124]:   B3=0x7F B4=0xFF (fixed overhead)
[13:40:17][D][fujitsu.heatpump:128]:   B5=0xCC  temp_raw=6 (->22°C) mode_nibble=3
[13:40:17][D][fujitsu.heatpump:129]:   B6=0xFF  (mapping TBD)
[13:40:17][I][fujitsu.heatpump:152]: State: pwr=OFF mode=3 temp=22°C room=nan°C fan=3
[13:40:17][D][fujitsu.climate:175]: State updated - Mode: 0, Target: 22.0°C, Current: nan°C
[13:40:17][D][fujitsu.heatpump:071]: CTRL  frame: CD FF FF 5F FF CC FF 4B
[13:40:17][I][fujitsu.heatpump:179]: CTRL decoded: pwr=OFF fan=3 (CTRL0=0xCD)
[13:40:17][D][fujitsu.climate:175]: State updated - Mode: 0, Target: 22.0°C, Current: nan°C
[13:40:17][D][fujitsu.heatpump:067]: UNIT  frame: FE DF DF 7F FF CC FF 6B
[13:40:17][D][fujitsu.heatpump:105]: RAW [0xDF->0xDF]: FE DF DF 7F FF CC FF 6B
[13:40:17][D][fujitsu.heatpump:124]:   B3=0x7F B4=0xFF (fixed overhead)
[13:40:17][D][fujitsu.heatpump:128]:   B5=0xCC  temp_raw=6 (->22°C) mode_nibble=3
[13:40:17][D][fujitsu.heatpump:129]:   B6=0xFF  (mapping TBD)
[13:40:17][I][fujitsu.heatpump:152]: State: pwr=OFF mode=3 temp=22°C room=nan°C fan=3
[13:40:17][D][fujitsu.climate:175]: State updated - Mode: 0, Target: 22.0°C, Current: nan°C
[13:40:17][D][fujitsu.heatpump:071]: CTRL  frame: CD FF FF 5F FF CC FF 4B
[13:40:17][I][fujitsu.heatpump:179]: CTRL decoded: pwr=OFF fan=3 (CTRL0=0xCD)
[13:40:17][D][fujitsu.climate:175]: State updated - Mode: 0, Target: 22.0°C, Current: nan°C
[13:40:17][W][component:239]: Component fujitsu_climate.climate took a long time for an operation (239 ms).
[13:40:17][W][component:240]: Components should block for at most 30 ms.
[13:40:17][D][fujitsu.heatpump:067]: UNIT  frame: FE DF DF 7F FF CC FF 6B
[13:40:17][D][fujitsu.heatpump:105]: RAW [0xDF->0xDF]: FE DF DF 7F FF CC FF 6B
[13:40:17][D][fujitsu.heatpump:124]:   B3=0x7F B4=0xFF (fixed overhead)
[13:40:17][D][fujitsu.heatpump:128]:   B5=0xCC  temp_raw=6 (->22°C) mode_nibble=3
[13:40:17][D][fujitsu.heatpump:129]:   B6=0xFF  (mapping TBD)
[13:40:17][I][fujitsu.heatpump:152]: State: pwr=OFF mode=3 temp=22°C room=nan°C fan=3
[13:40:17][D][fujitsu.climate:175]: State updated - Mode: 0, Target: 22.0°C, Current: nan°C
[13:40:17][D][fujitsu.heatpump:071]: CTRL  frame: CD FF FF 5F FF CC FF 4B
[13:40:17][I][fujitsu.heatpump:179]: CTRL decoded: pwr=OFF fan=3 (CTRL0=0xCD)
[13:40:17][D][fujitsu.climate:175]: State updated - Mode: 0, Target: 22.0°C, Current: nan°C
[13:40:17][W][component:239]: Component fujitsu_climate.climate took a long time for an operation (70 ms).
[13:40:17][W][component:240]: Components should block for at most 30 ms.
[13:40:17][D][climate:396]: 'Fujitsu Heat Pump' - Sending state:
[13:40:17][D][climate:399]:   Mode: OFF
[13:40:17][D][climate:401]:   Action: OFF
[13:40:17][D][climate:404]:   Fan Mode: MEDIUM
[13:40:17][D][climate:419]:   Current Temperature: nan°C
[13:40:17][D][climate:425]:   Target Temperature: 22.00°C
[13:40:17][V][json:020]: Attempting to allocate 512 bytes for JSON serialization
[13:40:17][V][json:040]: Size after shrink 208 bytes
[13:40:17][V][json:020]: Attempting to allocate 512 bytes for JSON serialization
[13:40:17][V][json:040]: Size after shrink 208 bytes
[13:40:17][W][component:239]: Component fujitsu_climate.climate took a long time for an operation (60 ms).
[13:40:17][W][component:240]: Components should block for at most 30 ms.
[13:40:17][D][fujitsu.heatpump:067]: UNIT  frame: FE DF DF 7F FF CC FF 6B
[13:40:17][D][fujitsu.heatpump:105]: RAW [0xDF->0xDF]: FE DF DF 7F FF CC FF 6B
[13:40:17][D][fujitsu.heatpump:124]:   B3=0x7F B4=0xFF (fixed overhead)
[13:40:17][D][fujitsu.heatpump:128]:   B5=0xCC  temp_raw=6 (->22°C) mode_nibble=3
[13:40:17][D][fujitsu.heatpump:129]:   B6=0xFF  (mapping TBD)
[13:40:17][I][fujitsu.heatpump:152]: State: pwr=OFF mode=3 temp=22°C room=nan°C fan=3
[13:40:17][D][fujitsu.climate:175]: State updated - Mode: 0, Target: 22.0°C, Current: nan°C
[13:40:17][D][fujitsu.heatpump:071]: CTRL  frame: CD FF FF 5F FF CC FF 4B
[13:40:17][I][fujitsu.heatpump:179]: CTRL decoded: pwr=OFF fan=3 (CTRL0=0xCD)
[13:40:17][D][fujitsu.climate:175]: State updated - Mode: 0, Target: 22.0°C, Current: nan°C
[13:40:17][W][component:239]: Component fujitsu_climate.climate took a long time for an operation (76 ms).
[13:40:17][W][component:240]: Components should block for at most 30 ms.
[13:40:17][D][status_led:050]: 'Status LED': Setting state ON
[13:40:17][V][json:020]: Attempting to allocate 512 bytes for JSON serialization
[13:40:17][V][json:040]: Size after shrink 88 bytes
[13:40:17][V][json:020]: Attempting to allocate 512 bytes for JSON serialization
[13:40:17][V][json:040]: Size after shrink 120 bytes
[13:40:17][V][json:020]: Attempting to allocate 512 bytes for JSON serialization
[13:40:17][V][json:040]: Size after shrink 328 bytes
[13:40:17][V][json:020]: Attempting to allocate 512 bytes for JSON serialization
[13:40:17][V][json:040]: Size after shrink 144 bytes
[13:40:17][V][json:020]: Attempting to allocate 512 bytes for JSON serialization
[13:40:17][V][json:040]: Size after shrink 152 bytes
[13:40:17][V][json:020]: Attempting to allocate 512 bytes for JSON serialization
[13:40:17][V][json:040]: Size after shrink 160 bytes
[13:40:17][V][json:020]: Attempting to allocate 512 bytes for JSON serialization
[13:40:17][V][json:040]: Size after shrink 140 bytes
[13:40:17][V][json:020]: Attempting to allocate 512 bytes for JSON serialization
[13:40:17][V][json:040]: Size after shrink 104 bytes
[13:40:17][V][json:020]: Attempting to allocate 512 bytes for JSON serialization
[13:40:17][V][json:040]: Size after shrink 128 bytes
[13:40:17][V][json:020]: Attempting to allocate 512 bytes for JSON serialization
[13:40:17][V][json:040]: Size after shrink 140 bytes
[13:40:17][V][json:020]: Attempting to allocate 512 bytes for JSON serialization
[13:40:17][V][json:040]: Size after shrink 136 bytes
[13:40:17][V][json:020]: Attempting to allocate 512 bytes for JSON serialization
[13:40:17][V][json:040]: Size after shrink 168 bytes
[13:40:17][V][json:020]: Attempting to allocate 512 bytes for JSON serialization
[13:40:17][V][json:040]: Size after shrink 396 bytes
[13:40:17][D][status_led:050]: 'Status LED': Setting state OFF
[13:40:17][D][climate:396]: 'Fujitsu Heat Pump' - Sending state:
[13:40:17][D][climate:399]:   Mode: OFF
[13:40:17][D][climate:401]:   Action: OFF
[13:40:17][D][climate:404]:   Fan Mode: MEDIUM
[13:40:17][D][climate:419]:   Current Temperature: nan°C
[13:40:17][D][climate:425]:   Target Temperature: 22.00°C
[13:40:17][V][json:020]: Attempting to allocate 512 bytes for JSON serialization
[13:40:17][V][json:040]: Size after shrink 208 bytes
[13:40:17][V][json:020]: Attempting to allocate 512 bytes for JSON serialization
[13:40:17][V][json:040]: Size after shrink 208 bytes
[13:40:17][V][json:020]: Attempting to allocate 512 bytes for JSON serialization
[13:40:17][V][json:040]: Size after shrink 208 bytes
[13:40:17][W][component:239]: Component fujitsu_climate.climate took a long time for an operation (83 ms).
[13:40:17][W][component:240]: Components should block for at most 30 ms.
[13:40:17][D][fujitsu.heatpump:067]: UNIT  frame: FE DF DF 7F FF CC FF 6B
[13:40:17][D][fujitsu.heatpump:105]: RAW [0xDF->0xDF]: FE DF DF 7F FF CC FF 6B
[13:40:17][D][fujitsu.heatpump:124]:   B3=0x7F B4=0xFF (fixed overhead)
[13:40:17][D][fujitsu.heatpump:128]:   B5=0xCC  temp_raw=6 (->22°C) mode_nibble=3
[13:40:17][D][fujitsu.heatpump:129]:   B6=0xFF  (mapping TBD)
[13:40:17][I][fujitsu.heatpump:152]: State: pwr=OFF mode=3 temp=22°C room=nan°C fan=3
[13:40:17][D][fujitsu.climate:175]: State updated - Mode: 0, Target: 22.0°C, Current: nan°C
[13:40:17][D][fujitsu.heatpump:071]: CTRL  frame: CD FF FF 5F FF CC FF 4B
[13:40:17][I][fujitsu.heatpump:179]: CTRL decoded: pwr=OFF fan=3 (CTRL0=0xCD)
[13:40:17][D][fujitsu.climate:175]: State updated - Mode: 0, Target: 22.0°C, Current: nan°C
[13:40:17][D][fujitsu.heatpump:067]: UNIT  frame: FE DF DF 7F FF CC FF 6B
[13:40:17][D][fujitsu.heatpump:105]: RAW [0xDF->0xDF]: FE DF DF 7F FF CC FF 6B
[13:40:17][D][fujitsu.heatpump:124]:   B3=0x7F B4=0xFF (fixed overhead)
[13:40:17][D][fujitsu.heatpump:128]:   B5=0xCC  temp_raw=6 (->22°C) mode_nibble=3
[13:40:17][D][fujitsu.heatpump:129]:   B6=0xFF  (mapping TBD)
[13:40:17][I][fujitsu.heatpump:152]: State: pwr=OFF mode=3 temp=22°C room=nan°C fan=3
[13:40:17][D][fujitsu.climate:175]: State updated - Mode: 0, Target: 22.0°C, Current: nan°C
[13:40:17][D][fujitsu.heatpump:071]: CTRL  frame: CD FF FF 5F FF CC FF 4B
[13:40:17][I][fujitsu.heatpump:179]: CTRL decoded: pwr=OFF fan=3 (CTRL0=0xCD)
[13:40:17][D][fujitsu.climate:175]: State updated - Mode: 0, Target: 22.0°C, Current: nan°C
[13:40:17][W][component:239]: Component fujitsu_climate.climate took a long time for an operation (155 ms).
[13:40:17][W][component:240]: Components should block for at most 30 ms.
[13:40:17][D][climate:396]: 'Fujitsu Heat Pump' - Sending state:
[13:40:17][D][climate:399]:   Mode: OFF
[13:40:17][D][climate:401]:   Action: OFF
[13:40:17][D][climate:404]:   Fan Mode: MEDIUM
[13:40:17][D][climate:419]:   Current Temperature: nan°C
[13:40:17][D][climate:425]:   Target Temperature: 22.00°C
[13:40:17][V][json:020]: Attempting to allocate 512 bytes for JSON serialization
[13:40:17][V][json:040]: Size after shrink 208 bytes
[13:40:17][V][json:020]: Attempting to allocate 512 bytes for JSON serialization
[13:40:17][V][json:040]: Size after shrink 208 bytes
[13:40:17][V][json:020]: Attempting to allocate 512 bytes for JSON serialization
[13:40:17][V][json:040]: Size after shrink 208 bytes
[13:40:17][W][component:239]: Component fujitsu_climate.climate took a long time for an operation (90 ms).
[13:40:17][W][component:240]: Components should block for at most 30 ms.
[13:40:17][D][status_led:050]: 'Status LED': Setting state ON
[13:40:17][D][fujitsu.heatpump:067]: UNIT  frame: FE DF DF 7F FF CC FF 6B
[13:40:17][D][fujitsu.heatpump:105]: RAW [0xDF->0xDF]: FE DF DF 7F FF CC FF 6B
[13:40:17][D][fujitsu.heatpump:124]:   B3=0x7F B4=0xFF (fixed overhead)
[13:40:17][D][fujitsu.heatpump:128]:   B5=0xCC  temp_raw=6 (->22°C) mode_nibble=3
[13:40:17][D][fujitsu.heatpump:129]:   B6=0xFF  (mapping TBD)
[13:40:17][I][fujitsu.heatpump:152]: State: pwr=OFF mode=3 temp=22°C room=nan°C fan=3
[13:40:17][D][fujitsu.climate:175]: State updated - Mode: 0, Target: 22.0°C, Current: nan°C
[13:40:17][D][fujitsu.heatpump:071]: CTRL  frame: CD FF FF 5F FF CC FF 4B
[13:40:17][I][fujitsu.heatpump:179]: CTRL decoded: pwr=OFF fan=3 (CTRL0=0xCD)
[13:40:17][D][fujitsu.climate:175]: State updated - Mode: 0, Target: 22.0°C, Current: nan°C
[13:40:17][D][fujitsu.heatpump:067]: UNIT  frame: FE DF DF 7F FF CC FF 6B
[13:40:17][D][fujitsu.heatpump:105]: RAW [0xDF->0xDF]: FE DF DF 7F FF CC FF 6B
[13:40:17][D][fujitsu.heatpump:124]:   B3=0x7F B4=0xFF (fixed overhead)
[13:40:17][D][fujitsu.heatpump:128]:   B5=0xCC  temp_raw=6 (->22°C) mode_nibble=3
[13:40:17][D][fujitsu.heatpump:129]:   B6=0xFF  (mapping TBD)
[13:40:17][I][fujitsu.heatpump:152]: State: pwr=OFF mode=3 temp=22°C room=nan°C fan=3
[13:40:17][D][fujitsu.climate:175]: State updated - Mode: 0, Target: 22.0°C, Current: nan°C
[13:40:17][D][fujitsu.heatpump:071]: CTRL  frame: CD FF FF 5F FF CC FF 4B
[13:40:17][I][fujitsu.heatpump:179]: CTRL decoded: pwr=OFF fan=3 (CTRL0=0xCD)
[13:40:17][D][fujitsu.climate:175]: State updated - Mode: 0, Target: 22.0°C, Current: nan°C
[13:40:17][D][fujitsu.heatpump:067]: UNIT  frame: FE DF DF 7F FF CC FF 6B
[13:40:17][D][fujitsu.heatpump:105]: RAW [0xDF->0xDF]: FE DF DF 7F FF CC FF 6B
[13:40:17][D][fujitsu.heatpump:124]:   B3=0x7F B4=0xFF (fixed overhead)
[13:40:17][D][fujitsu.heatpump:128]:   B5=0xCC  temp_raw=6 (->22°C) mode_nibble=3
[13:40:17][D][fujitsu.heatpump:129]:   B6=0xFF  (mapping TBD)
[13:40:17][I][fujitsu.heatpump:152]: State: pwr=OFF mode=3 temp=22°C room=nan°C fan=3
[13:40:17][D][fujitsu.climate:175]: State updated - Mode: 0, Target: 22.0°C, Current: nan°C
[13:40:17][D][fujitsu.heatpump:071]: CTRL  frame: CD FF FF 5F FF CC FF 4B
[13:40:17][I][fujitsu.heatpump:179]: CTRL decoded: pwr=OFF fan=3 (CTRL0=0xCD)
[13:40:17][D][fujitsu.climate:175]: State updated - Mode: 0, Target: 22.0°C, Current: nan°C
[13:40:17][D][fujitsu.heatpump:067]: UNIT  frame: FE DF DF 7F FF CC FF 6B
[13:40:17][D][fujitsu.heatpump:105]: RAW [0xDF->0xDF]: FE DF DF 7F FF CC FF 6B
[13:40:17][D][fujitsu.heatpump:124]:   B3=0x7F B4=0xFF (fixed overhead)
[13:40:17][D][fujitsu.heatpump:128]:   B5=0xCC  temp_raw=6 (->22°C) mode_nibble=3
[13:40:17][D][fujitsu.heatpump:129]:   B6=0xFF  (mapping TBD)
[13:40:17][I][fujitsu.heatpump:152]: State: pwr=OFF mode=3 temp=22°C room=nan°C fan=3
[13:40:17][D][fujitsu.climate:175]: State updated - Mode: 0, Target: 22.0°C, Current: nan°C
[13:40:17][D][fujitsu.heatpump:071]: CTRL  frame: CD FF FF 5F FF CC FF 4B
[13:40:17][I][fujitsu.heatpump:179]: CTRL decoded: pwr=OFF fan=3 (CTRL0=0xCD)
[13:40:17][D][fujitsu.climate:175]: State updated - Mode: 0, Target: 22.0°C, Current: nan°C
[13:40:17][W][component:239]: Component fujitsu_climate.climate took a long time for an operation (327 ms).
[13:40:17][W][component:240]: Components should block for at most 30 ms.
[13:40:17][D][climate:396]: 'Fujitsu Heat Pump' - Sending state:
[13:40:17][D][climate:399]:   Mode: OFF
[13:40:17][D][climate:401]:   Action: OFF
[13:40:17][D][climate:404]:   Fan Mode: MEDIUM
[13:40:17][D][climate:419]:   Current Temperature: nan°C
[13:40:17][D][climate:425]:   Target Temperature: 22.00°C
[13:40:17][V][json:020]: Attempting to allocate 512 bytes for JSON serialization
[13:40:17][V][json:040]: Size after shrink 208 bytes
[13:40:17][V][json:020]: Attempting to allocate 512 bytes for JSON serialization
[13:40:17][V][json:040]: Size after shrink 208 bytes
[13:40:17][V][json:020]: Attempting to allocate 512 bytes for JSON serialization
[13:40:17][V][json:040]: Size after shrink 208 bytes
[13:40:17][W][component:239]: Component fujitsu_climate.climate took a long time for an operation (80 ms).
[13:40:17][W][component:240]: Components should block for at most 30 ms.
[13:40:17][D][status_led:050]: 'Status LED': Setting state OFF
[13:40:24][D][fujitsu.heatpump:067]: UNIT  frame: FE DF DF 7F FF CC FF 6B
[13:40:24][D][fujitsu.heatpump:105]: RAW [0xDF->0xDF]: FE DF DF 7F FF CC FF 6B
[13:40:24][D][fujitsu.heatpump:124]:   B3=0x7F B4=0xFF (fixed overhead)
[13:40:24][D][fujitsu.heatpump:128]:   B5=0xCC  temp_raw=6 (->22°C) mode_nibble=3
[13:40:24][D][fujitsu.heatpump:129]:   B6=0xFF  (mapping TBD)
[13:40:24][I][fujitsu.heatpump:152]: State: pwr=OFF mode=3 temp=22°C room=nan°C fan=3
[13:40:24][D][fujitsu.climate:175]: State updated - Mode: 0, Target: 22.0°C, Current: nan°C
[13:40:24][D][fujitsu.heatpump:071]: CTRL  frame: CD FF FF 5F FF CC FF 4B
[13:40:24][I][fujitsu.heatpump:179]: CTRL decoded: pwr=OFF fan=3 (CTRL0=0xCD)
[13:40:24][D][fujitsu.climate:175]: State updated - Mode: 0, Target: 22.0°C, Current: nan°C
[13:40:24][D][fujitsu.heatpump:067]: UNIT  frame: FE DF DF 7F FF CC FF 6B
[13:40:24][D][fujitsu.heatpump:105]: RAW [0xDF->0xDF]: FE DF DF 7F FF CC FF 6B
[13:40:24][D][fujitsu.heatpump:124]:   B3=0x7F B4=0xFF (fixed overhead)
[13:40:24][D][fujitsu.heatpump:128]:   B5=0xCC  temp_raw=6 (->22°C) mode_nibble=3
[13:40:24][D][fujitsu.heatpump:129]:   B6=0xFF  (mapping TBD)
[13:40:24][I][fujitsu.heatpump:152]: State: pwr=OFF mode=3 temp=22°C room=nan°C fan=3
[13:40:24][D][fujitsu.climate:175]: State updated - Mode: 0, Target: 22.0°C, Current: nan°C
[13:40:24][D][fujitsu.heatpump:071]: CTRL  frame: CD FF FF 5F FF CC FF 4B
[13:40:24][I][fujitsu.heatpump:179]: CTRL decoded: pwr=OFF fan=3 (CTRL0=0xCD)
[13:40:24][D][fujitsu.climate:175]: State updated - Mode: 0, Target: 22.0°C, Current: nan°C
[13:40:24][D][fujitsu.heatpump:067]: UNIT  frame: FE DF DF 7F FF CC FF 6B
[13:40:24][D][fujitsu.heatpump:105]: RAW [0xDF->0xDF]: FE DF DF 7F FF CC FF 6B
[13:40:24][D][fujitsu.heatpump:124]:   B3=0x7F B4=0xFF (fixed overhead)
[13:40:24][D][fujitsu.heatpump:128]:   B5=0xCC  temp_raw=6 (->22°C) mode_nibble=3
[13:40:24][D][fujitsu.heatpump:129]:   B6=0xFF  (mapping TBD)
[13:40:24][I][fujitsu.heatpump:152]: State: pwr=OFF mode=3 temp=22°C room=nan°C fan=3
[13:40:24][D][fujitsu.climate:175]: State updated - Mode: 0, Target: 22.0°C, Current: nan°C
[13:40:24][D][fujitsu.heatpump:071]: CTRL  frame: CD FF FF 5F FF CC FF 4B
[13:40:24][I][fujitsu.heatpump:179]: CTRL decoded: pwr=OFF fan=3 (CTRL0=0xCD)
[13:40:24][D][fujitsu.climate:175]: State updated - Mode: 0, Target: 22.0°C, Current: nan°C
[13:40:24][W][component:239]: Component fujitsu_climate.climate took a long time for an operation (255 ms).
[13:40:24][W][component:240]: Components should block for at most 30 ms.
[13:40:24][D][climate:396]: 'Fujitsu Heat Pump' - Sending state:
[13:40:24][D][climate:399]:   Mode: OFF
[13:40:24][D][climate:401]:   Action: OFF
[13:40:24][D][climate:404]:   Fan Mode: MEDIUM
[13:40:24][D][climate:419]:   Current Temperature: nan°C
[13:40:24][D][climate:425]:   Target Temperature: 22.00°C
[13:40:24][V][json:020]: Attempting to allocate 512 bytes for JSON serialization
[13:40:24][V][json:040]: Size after shrink 208 bytes
[13:40:24][V][json:020]: Attempting to allocate 512 bytes for JSON serialization
[13:40:24][V][json:040]: Size after shrink 208 bytes
[13:40:24][V][json:020]: Attempting to allocate 512 bytes for JSON serialization
[13:40:24][V][json:040]: Size after shrink 208 bytes
[13:40:24][W][component:239]: Component fujitsu_climate.climate took a long time for an operation (57 ms).
[13:40:24][W][component:240]: Components should block for at most 30 ms.
[13:40:24][D][status_led:050]: 'Status LED': Setting state ON
[13:40:24][D][fujitsu.heatpump:067]: UNIT  frame: FE DF DF 7F FF CC FF 6B
[13:40:24][D][fujitsu.heatpump:105]: RAW [0xDF->0xDF]: FE DF DF 7F FF CC FF 6B
[13:40:24][D][fujitsu.heatpump:124]:   B3=0x7F B4=0xFF (fixed overhead)
[13:40:24][D][fujitsu.heatpump:128]:   B5=0xCC  temp_raw=6 (->22°C) mode_nibble=3
[13:40:24][D][fujitsu.heatpump:129]:   B6=0xFF  (mapping TBD)
[13:40:24][I][fujitsu.heatpump:152]: State: pwr=OFF mode=3 temp=22°C room=nan°C fan=3
[13:40:24][D][fujitsu.climate:175]: State updated - Mode: 0, Target: 22.0°C, Current: nan°C
[13:40:24][D][fujitsu.heatpump:071]: CTRL  frame: CD FF FF 5F FF CC FF 4B
[13:40:24][I][fujitsu.heatpump:179]: CTRL decoded: pwr=OFF fan=3 (CTRL0=0xCD)
[13:40:24][D][fujitsu.climate:175]: State updated - Mode: 0, Target: 22.0°C, Current: nan°C
[13:40:24][D][fujitsu.heatpump:067]: UNIT  frame: FE DF DF 7F FF CC FF 6B
[13:40:24][D][fujitsu.heatpump:105]: RAW [0xDF->0xDF]: FE DF DF 7F FF CC FF 6B
[13:40:24][D][fujitsu.heatpump:124]:   B3=0x7F B4=0xFF (fixed overhead)
[13:40:24][D][fujitsu.heatpump:128]:   B5=0xCC  temp_raw=6 (->22°C) mode_nibble=3
[13:40:24][D][fujitsu.heatpump:129]:   B6=0xFF  (mapping TBD)
[13:40:24][I][fujitsu.heatpump:152]: State: pwr=OFF mode=3 temp=22°C room=nan°C fan=3
[13:40:24][D][fujitsu.climate:175]: State updated - Mode: 0, Target: 22.0°C, Current: nan°C
[13:40:24][D][fujitsu.heatpump:071]: CTRL  frame: CD FF FF 5F FF CC FF 4B
[13:40:24][I][fujitsu.heatpump:179]: CTRL decoded: pwr=OFF fan=3 (CTRL0=0xCD)
[13:40:24][D][fujitsu.climate:175]: State updated - Mode: 0, Target: 22.0°C, Current: nan°C
[13:40:24][W][component:239]: Component fujitsu_climate.climate took a long time for an operation (174 ms).
[13:40:24][W][component:240]: Components should block for at most 30 ms.
[13:40:24][D][status_led:050]: 'Status LED': Setting state OFF
[13:40:24][D][climate:396]: 'Fujitsu Heat Pump' - Sending state:
[13:40:24][D][climate:399]:   Mode: OFF
[13:40:24][D][climate:401]:   Action: OFF
[13:40:24][D][climate:404]:   Fan Mode: MEDIUM
[13:40:24][D][climate:419]:   Current Temperature: nan°C
[13:40:24][D][climate:425]:   Target Temperature: 22.00°C
[13:40:24][V][json:020]: Attempting to allocate 512 bytes for JSON serialization
[13:40:24][V][json:040]: Size after shrink 208 bytes
[13:40:24][V][json:020]: Attempting to allocate 512 bytes for JSON serialization
[13:40:24][V][json:040]: Size after shrink 208 bytes
[13:40:24][V][json:020]: Attempting to allocate 512 bytes for JSON serialization
[13:40:24][V][json:040]: Size after shrink 208 bytes
[13:40:24][W][component:239]: Component fujitsu_climate.climate took a long time for an operation (116 ms).
[13:40:24][W][component:240]: Components should block for at most 30 ms.
[13:40:24][D][fujitsu.heatpump:067]: UNIT  frame: FE DF DF 7F FF CC FF 6B
[13:40:24][D][fujitsu.heatpump:105]: RAW [0xDF->0xDF]: FE DF DF 7F FF CC FF 6B
[13:40:24][D][fujitsu.heatpump:124]:   B3=0x7F B4=0xFF (fixed overhead)
[13:40:24][D][fujitsu.heatpump:128]:   B5=0xCC  temp_raw=6 (->22°C) mode_nibble=3
[13:40:24][D][fujitsu.heatpump:129]:   B6=0xFF  (mapping TBD)
[13:40:24][I][fujitsu.heatpump:152]: State: pwr=OFF mode=3 temp=22°C room=nan°C fan=3
[13:40:24][D][fujitsu.climate:175]: State updated - Mode: 0, Target: 22.0°C, Current: nan°C
[13:40:24][D][fujitsu.heatpump:071]: CTRL  frame: CD FF FF 5F FF CC FF 4B
[13:40:24][I][fujitsu.heatpump:179]: CTRL decoded: pwr=OFF fan=3 (CTRL0=0xCD)
[13:40:24][D][fujitsu.climate:175]: State updated - Mode: 0, Target: 22.0°C, Current: nan°C
[13:40:24][W][component:239]: Component fujitsu_climate.climate took a long time for an operation (88 ms).
[13:40:24][W][component:240]: Components should block for at most 30 ms.
[13:40:24][D][fujitsu.heatpump:067]: UNIT  frame: FE DF DF 7F FF CC FF 6B
[13:40:24][D][fujitsu.heatpump:105]: RAW [0xDF->0xDF]: FE DF DF 7F FF CC FF 6B
[13:40:24][D][fujitsu.heatpump:124]:   B3=0x7F B4=0xFF (fixed overhead)
[13:40:24][D][fujitsu.heatpump:128]:   B5=0xCC  temp_raw=6 (->22°C) mode_nibble=3
[13:40:24][D][fujitsu.heatpump:129]:   B6=0xFF  (mapping TBD)
[13:40:24][I][fujitsu.heatpump:152]: State: pwr=OFF mode=3 temp=22°C room=nan°C fan=3
[13:40:24][D][fujitsu.climate:175]: State updated - Mode: 0, Target: 22.0°C, Current: nan°C
[13:40:24][D][fujitsu.heatpump:071]: CTRL  frame: CD FF FF 5F FF CC FF 4B
[13:40:24][I][fujitsu.heatpump:179]: CTRL decoded: pwr=OFF fan=3 (CTRL0=0xCD)
[13:40:24][D][fujitsu.climate:175]: State updated - Mode: 0, Target: 22.0°C, Current: nan°C
[13:40:24][W][component:239]: Component fujitsu_climate.climate took a long time for an operation (100 ms).
[13:40:24][W][component:240]: Components should block for at most 30 ms.
[13:40:24][D][fujitsu.heatpump:067]: UNIT  frame: FE DF DF 7F FF CC FF 6B
[13:40:24][D][fujitsu.heatpump:105]: RAW [0xDF->0xDF]: FE DF DF 7F FF CC FF 6B
[13:40:24][D][fujitsu.heatpump:124]:   B3=0x7F B4=0xFF (fixed overhead)
[13:40:24][D][fujitsu.heatpump:128]:   B5=0xCC  temp_raw=6 (->22°C) mode_nibble=3
[13:40:24][D][fujitsu.heatpump:129]:   B6=0xFF  (mapping TBD)
[13:40:24][I][fujitsu.heatpump:152]: State: pwr=OFF mode=3 temp=22°C room=nan°C fan=3
[13:40:24][D][fujitsu.climate:175]: State updated - Mode: 0, Target: 22.0°C, Current: nan°C
[13:40:24][D][fujitsu.heatpump:071]: CTRL  frame: CD FF FF 5F FF CC FF 4B
[13:40:24][I][fujitsu.heatpump:179]: CTRL decoded: pwr=OFF fan=3 (CTRL0=0xCD)
[13:40:24][D][fujitsu.climate:175]: State updated - Mode: 0, Target: 22.0°C, Current: nan°C
[13:40:24][W][component:239]: Component fujitsu_climate.climate took a long time for an operation (94 ms).
[13:40:24][W][component:240]: Components should block for at most 30 ms.
[13:40:24][D][climate:396]: 'Fujitsu Heat Pump' - Sending state:
[13:40:24][D][climate:399]:   Mode: OFF
[13:40:24][D][climate:401]:   Action: OFF
[13:40:24][D][climate:404]:   Fan Mode: MEDIUM
[13:40:24][D][climate:419]:   Current Temperature: nan°C
[13:40:24][D][climate:425]:   Target Temperature: 22.00°C
[13:40:24][V][json:020]: Attempting to allocate 512 bytes for JSON serialization
[13:40:24][V][json:040]: Size after shrink 208 bytes
[13:40:24][V][json:020]: Attempting to allocate 512 bytes for JSON serialization
[13:40:24][V][json:040]: Size after shrink 208 bytes
[13:40:24][V][json:020]: Attempting to allocate 512 bytes for JSON serialization
[13:40:24][V][json:040]: Size after shrink 208 bytes
[13:40:24][W][component:239]: Component fujitsu_climate.climate took a long time for an operation (104 ms).
[13:40:24][W][component:240]: Components should block for at most 30 ms.
[13:40:24][D][fujitsu.heatpump:067]: UNIT  frame: FE DF DF 7F FF CC FF 6B
[13:40:24][D][fujitsu.heatpump:105]: RAW [0xDF->0xDF]: FE DF DF 7F FF CC FF 6B
[13:40:24][D][fujitsu.heatpump:124]:   B3=0x7F B4=0xFF (fixed overhead)
[13:40:24][D][fujitsu.heatpump:128]:   B5=0xCC  temp_raw=6 (->22°C) mode_nibble=3
[13:40:24][D][fujitsu.heatpump:129]:   B6=0xFF  (mapping TBD)
[13:40:24][I][fujitsu.heatpump:152]: State: pwr=OFF mode=3 temp=22°C room=nan°C fan=3
[13:40:24][D][fujitsu.climate:175]: State updated - Mode: 0, Target: 22.0°C, Current: nan°C
[13:40:24][D][fujitsu.heatpump:071]: CTRL  frame: CD FF FF 5F FF CC FF 4B
[13:40:24][I][fujitsu.heatpump:179]: CTRL decoded: pwr=OFF fan=3 (CTRL0=0xCD)
[13:40:24][D][fujitsu.climate:175]: State updated - Mode: 0, Target: 22.0°C, Current: nan°C
[13:40:24][W][component:239]: Component fujitsu_climate.climate took a long time for an operation (73 ms).
[13:40:24][W][component:240]: Components should block for at most 30 ms.
[13:40:24][D][status_led:050]: 'Status LED': Setting state ON
[13:40:24][D][fujitsu.heatpump:067]: UNIT  frame: FE DF DF 7F FF CC FF 6B
[13:40:24][D][fujitsu.heatpump:105]: RAW [0xDF->0xDF]: FE DF DF 7F FF CC FF 6B
[13:40:24][D][fujitsu.heatpump:124]:   B3=0x7F B4=0xFF (fixed overhead)
[13:40:24][D][fujitsu.heatpump:128]:   B5=0xCC  temp_raw=6 (->22°C) mode_nibble=3
[13:40:24][D][fujitsu.heatpump:129]:   B6=0xFF  (mapping TBD)
[13:40:24][I][fujitsu.heatpump:152]: State: pwr=OFF mode=3 temp=22°C room=nan°C fan=3
[13:40:24][D][fujitsu.climate:175]: State updated - Mode: 0, Target: 22.0°C, Current: nan°C
[13:40:24][D][fujitsu.heatpump:071]: CTRL  frame: CD FF FF 5F FF CC FF 4B
[13:40:24][I][fujitsu.heatpump:179]: CTRL decoded: pwr=OFF fan=3 (CTRL0=0xCD)
[13:40:24][D][fujitsu.climate:175]: State updated - Mode: 0, Target: 22.0°C, Current: nan°C
[13:40:24][W][component:239]: Component fujitsu_climate.climate took a long time for an operation (74 ms).
[13:40:24][W][component:240]: Components should block for at most 30 ms.
[13:40:24][D][status_led:050]: 'Status LED': Setting state OFF
[13:40:24][D][climate:396]: 'Fujitsu Heat Pump' - Sending state:
[13:40:24][D][climate:399]:   Mode: OFF
[13:40:24][D][climate:401]:   Action: OFF
[13:40:24][D][climate:404]:   Fan Mode: MEDIUM
[13:40:24][D][climate:419]:   Current Temperature: nan°C
[13:40:24][D][climate:425]:   Target Temperature: 22.00°C
[13:40:24][V][json:020]: Attempting to allocate 512 bytes for JSON serialization
[13:40:24][V][json:040]: Size after shrink 208 bytes
[13:40:24][V][json:020]: Attempting to allocate 512 bytes for JSON serialization
[13:40:24][V][json:040]: Size after shrink 208 bytes
[13:40:24][V][json:020]: Attempting to allocate 512 bytes for JSON serialization
[13:40:24][V][json:040]: Size after shrink 208 bytes
[13:40:24][W][component:239]: Component fujitsu_climate.climate took a long time for an operation (100 ms).
[13:40:24][W][component:240]: Components should block for at most 30 ms.
[13:40:24][D][fujitsu.heatpump:067]: UNIT  frame: FE DF DF 7F FF CC FF 6B
[13:40:24][D][fujitsu.heatpump:105]: RAW [0xDF->0xDF]: FE DF DF 7F FF CC FF 6B
[13:40:24][D][fujitsu.heatpump:124]:   B3=0x7F B4=0xFF (fixed overhead)
[13:40:24][D][fujitsu.heatpump:128]:   B5=0xCC  temp_raw=6 (->22°C) mode_nibble=3
[13:40:24][D][fujitsu.heatpump:129]:   B6=0xFF  (mapping TBD)
[13:40:24][I][fujitsu.heatpump:152]: State: pwr=OFF mode=3 temp=22°C room=nan°C fan=3
[13:40:24][D][fujitsu.climate:175]: State updated - Mode: 0, Target: 22.0°C, Current: nan°C
[13:40:24][D][fujitsu.heatpump:071]: CTRL  frame: CD FF FF 5F FF CC FF 4B
[13:40:24][I][fujitsu.heatpump:179]: CTRL decoded: pwr=OFF fan=3 (CTRL0=0xCD)
[13:40:24][D][fujitsu.climate:175]: State updated - Mode: 0, Target: 22.0°C, Current: nan°C
[13:40:24][W][component:239]: Component fujitsu_climate.climate took a long time for an operation (84 ms).
[13:40:24][W][component:240]: Components should block for at most 30 ms.
[13:40:24][D][fujitsu.heatpump:067]: UNIT  frame: FE DF DF 7F FF CC FF 6B
[13:40:24][D][fujitsu.heatpump:105]: RAW [0xDF->0xDF]: FE DF DF 7F FF CC FF 6B
[13:40:24][D][fujitsu.heatpump:124]:   B3=0x7F B4=0xFF (fixed overhead)
[13:40:24][D][fujitsu.heatpump:128]:   B5=0xCC  temp_raw=6 (->22°C) mode_nibble=3
[13:40:24][D][fujitsu.heatpump:129]:   B6=0xFF  (mapping TBD)
[13:40:24][I][fujitsu.heatpump:152]: State: pwr=OFF mode=3 temp=22°C room=nan°C fan=3
[13:40:24][D][fujitsu.climate:175]: State updated - Mode: 0, Target: 22.0°C, Current: nan°C
[13:40:24][D][fujitsu.heatpump:071]: CTRL  frame: CD FF FF 5F FF CC FF 4B
[13:40:24][I][fujitsu.heatpump:179]: CTRL decoded: pwr=OFF fan=3 (CTRL0=0xCD)
[13:40:24][D][fujitsu.climate:175]: State updated - Mode: 0, Target: 22.0°C, Current: nan°C
[13:40:24][W][component:239]: Component fujitsu_climate.climate took a long time for an operation (75 ms).
[13:40:24][W][component:240]: Components should block for at most 30 ms.
[13:40:24][D][fujitsu.heatpump:067]: UNIT  frame: FE DF DF 7F FF CC FF 6B
[13:40:24][D][fujitsu.heatpump:105]: RAW [0xDF->0xDF]: FE DF DF 7F FF CC FF 6B
[13:40:24][D][fujitsu.heatpump:124]:   B3=0x7F B4=0xFF (fixed overhead)
[13:40:24][D][fujitsu.heatpump:128]:   B5=0xCC  temp_raw=6 (->22°C) mode_nibble=3
[13:40:24][D][fujitsu.heatpump:129]:   B6=0xFF  (mapping TBD)
[13:40:24][I][fujitsu.heatpump:152]: State: pwr=OFF mode=3 temp=22°C room=nan°C fan=3
[13:40:24][D][fujitsu.climate:175]: State updated - Mode: 0, Target: 22.0°C, Current: nan°C
[13:40:24][D][fujitsu.heatpump:071]: CTRL  frame: CD FF FF 5F FF CC FF 4B
[13:40:24][I][fujitsu.heatpump:179]: CTRL decoded: pwr=OFF fan=3 (CTRL0=0xCD)
[13:40:24][D][fujitsu.climate:175]: State updated - Mode: 0, Target: 22.0°C, Current: nan°C
[13:40:24][W][component:239]: Component fujitsu_climate.climate took a long time for an operation (76 ms).
[13:40:24][W][component:240]: Components should block for at most 30 ms.
[13:40:24][D][climate:396]: 'Fujitsu Heat Pump' - Sending state:
[13:40:24][D][climate:399]:   Mode: OFF
[13:40:24][D][climate:401]:   Action: OFF
[13:40:24][D][climate:404]:   Fan Mode: MEDIUM
[13:40:24][D][climate:419]:   Current Temperature: nan°C
[13:40:24][D][climate:425]:   Target Temperature: 22.00°C
[13:40:24][V][json:020]: Attempting to allocate 512 bytes for JSON serialization
[13:40:24][V][json:040]: Size after shrink 208 bytes
[13:40:24][V][json:020]: Attempting to allocate 512 bytes for JSON serialization
[13:40:24][V][json:040]: Size after shrink 208 bytes
[13:40:24][V][json:020]: Attempting to allocate 512 bytes for JSON serialization
[13:40:24][V][json:040]: Size after shrink 208 bytes
[13:40:24][W][component:239]: Component fujitsu_climate.climate took a long time for an operation (76 ms).
[13:40:24][W][component:240]: Components should block for at most 30 ms.
[13:40:24][D][status_led:050]: 'Status LED': Setting state ON
[13:40:24][D][fujitsu.heatpump:067]: UNIT  frame: FE DF DF 7F FF CC FF 6B
[13:40:24][D][fujitsu.heatpump:105]: RAW [0xDF->0xDF]: FE DF DF 7F FF CC FF 6B
[13:40:24][D][fujitsu.heatpump:124]:   B3=0x7F B4=0xFF (fixed overhead)
[13:40:24][D][fujitsu.heatpump:128]:   B5=0xCC  temp_raw=6 (->22°C) mode_nibble=3
[13:40:24][D][fujitsu.heatpump:129]:   B6=0xFF  (mapping TBD)
[13:40:24][I][fujitsu.heatpump:152]: State: pwr=OFF mode=3 temp=22°C room=nan°C fan=3
[13:40:24][D][fujitsu.climate:175]: State updated - Mode: 0, Target: 22.0°C, Current: nan°C
[13:40:24][D][fujitsu.heatpump:071]: CTRL  frame: CD FF FF 5F FF CC FF 4B
[13:40:24][I][fujitsu.heatpump:179]: CTRL decoded: pwr=OFF fan=3 (CTRL0=0xCD)
[13:40:24][D][fujitsu.climate:175]: State updated - Mode: 0, Target: 22.0°C, Current: nan°C
[13:40:24][D][fujitsu.heatpump:067]: UNIT  frame: FE DF DF 7F FF CC FF 6B
[13:40:24][D][fujitsu.heatpump:105]: RAW [0xDF->0xDF]: FE DF DF 7F FF CC FF 6B
[13:40:24][D][fujitsu.heatpump:124]:   B3=0x7F B4=0xFF (fixed overhead)
[13:40:24][D][fujitsu.heatpump:128]:   B5=0xCC  temp_raw=6 (->22°C) mode_nibble=3
[13:40:24][D][fujitsu.heatpump:129]:   B6=0xFF  (mapping TBD)
[13:40:24][I][fujitsu.heatpump:152]: State: pwr=OFF mode=3 temp=22°C room=nan°C fan=3
[13:40:24][D][fujitsu.climate:175]: State updated - Mode: 0, Target: 22.0°C, Current: nan°C
[13:40:24][D][fujitsu.heatpump:071]: CTRL  frame: CD FF FF 5F FF CC FF 4B
[13:40:24][I][fujitsu.heatpump:179]: CTRL decoded: pwr=OFF fan=3 (CTRL0=0xCD)
[13:40:24][D][fujitsu.climate:175]: State updated - Mode: 0, Target: 22.0°C, Current: nan°C
[13:40:24][W][component:239]: Component fujitsu_climate.climate took a long time for an operation (161 ms).
[13:40:24][W][component:240]: Components should block for at most 30 ms.
[13:40:24][D][status_led:050]: 'Status LED': Setting state OFF
[13:40:24][D][climate:396]: 'Fujitsu Heat Pump' - Sending state:
[13:40:24][D][climate:399]:   Mode: OFF
[13:40:24][D][climate:401]:   Action: OFF
[13:40:24][D][climate:404]:   Fan Mode: MEDIUM
[13:40:24][D][climate:419]:   Current Temperature: nan°C
[13:40:24][D][climate:425]:   Target Temperature: 22.00°C
[13:40:24][V][json:020]: Attempting to allocate 512 bytes for JSON serialization
[13:40:24][V][json:040]: Size after shrink 208 bytes
[13:40:24][V][json:020]: Attempting to allocate 512 bytes for JSON serialization
[13:40:24][V][json:040]: Size after shrink 208 bytes
[13:40:24][V][json:020]: Attempting to allocate 512 bytes for JSON serialization
[13:40:24][V][json:040]: Size after shrink 208 bytes
[13:40:24][W][component:239]: Component fujitsu_climate.climate took a long time for an operation (82 ms).
[13:40:24][W][component:240]: Components should block for at most 30 ms.
[13:40:24][D][fujitsu.heatpump:067]: UNIT  frame: FE DF DF 7F FF CC FF 6B
[13:40:24][D][fujitsu.heatpump:105]: RAW [0xDF->0xDF]: FE DF DF 7F FF CC FF 6B
[13:40:24][D][fujitsu.heatpump:124]:   B3=0x7F B4=0xFF (fixed overhead)
[13:40:24][D][fujitsu.heatpump:128]:   B5=0xCC  temp_raw=6 (->22°C) mode_nibble=3
[13:40:24][D][fujitsu.heatpump:129]:   B6=0xFF  (mapping TBD)
[13:40:24][I][fujitsu.heatpump:152]: State: pwr=OFF mode=3 temp=22°C room=nan°C fan=3
[13:40:24][D][fujitsu.climate:175]: State updated - Mode: 0, Target: 22.0°C, Current: nan°C
[13:40:24][D][fujitsu.heatpump:071]: CTRL  frame: CD FF FF 5F FF CC FF 4B
[13:40:24][I][fujitsu.heatpump:179]: CTRL decoded: pwr=OFF fan=3 (CTRL0=0xCD)
[13:40:24][D][fujitsu.climate:175]: State updated - Mode: 0, Target: 22.0°C, Current: nan°C
[13:40:24][W][component:239]: Component fujitsu_climate.climate took a long time for an operation (93 ms).
[13:40:24][W][component:240]: Components should block for at most 30 ms.
[13:40:24][D][fujitsu.heatpump:067]: UNIT  frame: FE DF DF 7F FF CC FF 6B
[13:40:24][D][fujitsu.heatpump:105]: RAW [0xDF->0xDF]: FE DF DF 7F FF CC FF 6B
[13:40:24][D][fujitsu.heatpump:124]:   B3=0x7F B4=0xFF (fixed overhead)
[13:40:24][D][fujitsu.heatpump:128]:   B5=0xCC  temp_raw=6 (->22°C) mode_nibble=3
[13:40:24][D][fujitsu.heatpump:129]:   B6=0xFF  (mapping TBD)
[13:40:24][I][fujitsu.heatpump:152]: State: pwr=OFF mode=3 temp=22°C room=nan°C fan=3
[13:40:24][D][fujitsu.climate:175]: State updated - Mode: 0, Target: 22.0°C, Current: nan°C
[13:40:24][D][fujitsu.heatpump:071]: CTRL  frame: CD FF FF 5F FF CC FF 4B
[13:40:24][I][fujitsu.heatpump:179]: CTRL decoded: pwr=OFF fan=3 (CTRL0=0xCD)
[13:40:24][D][fujitsu.climate:175]: State updated - Mode: 0, Target: 22.0°C, Current: nan°C
[13:40:24][W][component:239]: Component fujitsu_climate.climate took a long time for an operation (76 ms).
[13:40:24][W][component:240]: Components should block for at most 30 ms.
[13:40:24][D][climate:396]: 'Fujitsu Heat Pump' - Sending state:
[13:40:24][D][climate:399]:   Mode: OFF
[13:40:24][D][climate:401]:   Action: OFF
[13:40:26][D][climate:404]:   Fan Mode: MEDIUM
[13:40:26][D][climate:419]:   Current Temperature: nan°C
[13:40:26][D][climate:425]:   Target Temperature: 22.00°C
[13:40:26][V][json:020]: Attempting to allocate 512 bytes for JSON serialization
[13:40:26][V][json:040]: Size after shrink 208 bytes
[13:40:26][V][json:020]: Attempting to allocate 512 bytes for JSON serialization
[13:40:26][V][json:040]: Size after shrink 208 bytes
[13:40:26][V][json:020]: Attempting to allocate 512 bytes for JSON serialization
[13:40:26][V][json:040]: Size after shrink 208 bytes
[13:40:26][W][component:239]: Component fujitsu_climate.climate took a long time for an operation (77 ms).
[13:40:26][W][component:240]: Components should block for at most 30 ms.
[13:40:26][D][fujitsu.heatpump:067]: UNIT  frame: FE DF DF 7F FF CC FF 6B
[13:40:26][D][fujitsu.heatpump:105]: RAW [0xDF->0xDF]: FE DF DF 7F FF CC FF 6B
[13:40:26][D][fujitsu.heatpump:124]:   B3=0x7F B4=0xFF (fixed overhead)
[13:40:26][D][fujitsu.heatpump:128]:   B5=0xCC  temp_raw=6 (->22°C) mode_nibble=3
[13:40:26][D][fujitsu.heatpump:129]:   B6=0xFF  (mapping TBD)
[13:40:26][I][fujitsu.heatpump:152]: State: pwr=OFF mode=3 temp=22°C room=nan°C fan=3
[13:40:26][D][fujitsu.climate:175]: State updated - Mode: 0, Target: 22.0°C, Current: nan°C
[13:40:26][D][fujitsu.heatpump:071]: CTRL  frame: CD FF FF 5F FF CC FF 4B
[13:40:26][I][fujitsu.heatpump:179]: CTRL decoded: pwr=OFF fan=3 (CTRL0=0xCD)
[13:40:26][D][fujitsu.climate:175]: State updated - Mode: 0, Target: 22.0°C, Current: nan°C
[13:40:26][W][component:239]: Component fujitsu_climate.climate took a long time for an operation (65 ms).
[13:40:26][W][component:240]: Components should block for at most 30 ms.
[13:40:26][D][status_led:050]: 'Status LED': Setting state ON
[13:40:26][D][fujitsu.heatpump:067]: UNIT  frame: FE DF DF 7F FF CC FF 6B
[13:40:26][D][fujitsu.heatpump:105]: RAW [0xDF->0xDF]: FE DF DF 7F FF CC FF 6B
[13:40:26][D][fujitsu.heatpump:124]:   B3=0x7F B4=0xFF (fixed overhead)
[13:40:26][D][fujitsu.heatpump:128]:   B5=0xCC  temp_raw=6 (->22°C) mode_nibble=3
[13:40:26][D][fujitsu.heatpump:129]:   B6=0xFF  (mapping TBD)
[13:40:26][I][fujitsu.heatpump:152]: State: pwr=OFF mode=3 temp=22°C room=nan°C fan=3
[13:40:26][D][fujitsu.climate:175]: State updated - Mode: 0, Target: 22.0°C, Current: nan°C
[13:40:26][D][fujitsu.heatpump:071]: CTRL  frame: CD FF FF 5F FF CC FF 4B
[13:40:26][I][fujitsu.heatpump:179]: CTRL decoded: pwr=OFF fan=3 (CTRL0=0xCD)
[13:40:26][D][fujitsu.climate:175]: State updated - Mode: 0, Target: 22.0°C, Current: nan°C
[13:40:26][W][component:239]: Component fujitsu_climate.climate took a long time for an operation (73 ms).
[13:40:26][W][component:240]: Components should block for at most 30 ms.
[13:40:26][D][fujitsu.heatpump:067]: UNIT  frame: FE DF DF 7F FF CC FF 6B
[13:40:26][D][fujitsu.heatpump:105]: RAW [0xDF->0xDF]: FE DF DF 7F FF CC FF 6B
[13:40:26][D][fujitsu.heatpump:124]:   B3=0x7F B4=0xFF (fixed overhead)
[13:40:26][D][fujitsu.heatpump:128]:   B5=0xCC  temp_raw=6 (->22°C) mode_nibble=3
[13:40:26][D][fujitsu.heatpump:129]:   B6=0xFF  (mapping TBD)
[13:40:26][I][fujitsu.heatpump:152]: State: pwr=OFF mode=3 temp=22°C room=nan°C fan=3
[13:40:26][D][fujitsu.climate:175]: State updated - Mode: 0, Target: 22.0°C, Current: nan°C
[13:40:26][D][fujitsu.heatpump:071]: CTRL  frame: CD FF FF 5F FF CC FF 4B
[13:40:26][I][fujitsu.heatpump:179]: CTRL decoded: pwr=OFF fan=3 (CTRL0=0xCD)
[13:40:26][D][fujitsu.climate:175]: State updated - Mode: 0, Target: 22.0°C, Current: nan°C
[13:40:26][W][component:239]: Component fujitsu_climate.climate took a long time for an operation (77 ms).
[13:40:26][W][component:240]: Components should block for at most 30 ms.
[13:40:26][D][status_led:050]: 'Status LED': Setting state OFF
[13:40:26][D][climate:396]: 'Fujitsu Heat Pump' - Sending state:
[13:40:26][D][climate:399]:   Mode: OFF
[13:40:26][D][climate:401]:   Action: OFF
[13:40:26][D][climate:404]:   Fan Mode: MEDIUM
[13:40:26][D][climate:419]:   Current Temperature: nan°C
[13:40:26][D][climate:425]:   Target Temperature: 22.00°C
[13:40:26][V][json:020]: Attempting to allocate 512 bytes for JSON serialization
[13:40:26][V][json:040]: Size after shrink 208 bytes
[13:40:26][V][json:020]: Attempting to allocate 512 bytes for JSON serialization
[13:40:26][V][json:040]: Size after shrink 208 bytes
[13:40:26][V][json:020]: Attempting to allocate 512 bytes for JSON serialization
[13:40:26][V][json:040]: Size after shrink 208 bytes
[13:40:26][W][component:239]: Component fujitsu_climate.climate took a long time for an operation (61 ms).
[13:40:26][W][component:240]: Components should block for at most 30 ms.
[13:40:28][D][climate:396]: 'Fujitsu Heat Pump' - Sending state:
[13:40:28][D][climate:399]:   Mode: OFF
[13:40:29][D][climate:401]:   Action: OFF
[13:40:29][D][climate:404]:   Fan Mode: MEDIUM
[13:40:29][D][climate:419]:   Current Temperature: nan°C
[13:40:29][D][climate:425]:   Target Temperature: 22.00°C
[13:40:29][V][json:020]: Attempting to allocate 512 bytes for JSON serialization
[13:40:29][V][json:040]: Size after shrink 208 bytes
[13:40:29][V][json:020]: Attempting to allocate 512 bytes for JSON serialization
[13:40:29][V][json:040]: Size after shrink 208 bytes
[13:40:29][D][fujitsu.climate:175]: State updated - Mode: 0, Target: 22.0°C, Current: nan°C
[13:40:29][W][component:239]: Component fujitsu_climate.climate took a long time for an operation (65 ms).
[13:40:34][V][json:020]: Attempting to allocate 512 bytes for JSON serialization
[13:40:34][V][json:040]: Size after shrink 208 bytes
[13:40:34][D][fujitsu.heatpump:067]: UNIT  frame: FE DF DF 7F FF CC FF 6B
[13:40:34][D][fujitsu.heatpump:105]: RAW [0xDF->0xDF]: FE DF DF 7F FF CC FF 6B
[13:40:34][D][fujitsu.heatpump:124]:   B3=0x7F B4=0xFF (fixed overhead)
[13:40:34][D][fujitsu.heatpump:128]:   B5=0xCC  temp_raw=6 (->22°C) mode_nibble=3
[13:40:34][D][fujitsu.heatpump:129]:   B6=0xFF  (mapping TBD)
[13:40:34][I][fujitsu.heatpump:152]: State: pwr=OFF mode=3 temp=22°C room=nan°C fan=3
[13:40:34][D][fujitsu.climate:175]: State updated - Mode: 0, Target: 22.0°C, Current: nan°C
[13:40:34][D][fujitsu.heatpump:071]: CTRL  frame: CD FF FF 5F FF CC FF 4B
[13:40:34][I][fujitsu.heatpump:179]: CTRL decoded: pwr=OFF fan=3 (CTRL0=0xCD)
[13:40:34][D][fujitsu.climate:175]: State updated - Mode: 0, Target: 22.0°C, Current: nan°C
[13:40:34][W][component:239]: Component fujitsu_climate.climate took a long time for an operation (66 ms).
[13:40:34][W][component:240]: Components should block for at most 30 ms.
[13:40:34][V][json:020]: Attempting to allocate 512 bytes for JSON serialization
[13:40:34][V][json:040]: Size after shrink 208 bytes
[13:40:34][V][json:020]: Attempting to allocate 512 bytes for JSON serialization
[13:40:34][V][json:040]: Size after shrink 208 bytes
[13:40:34][V][json:020]: Attempting to allocate 512 bytes for JSON serialization
[13:40:34][V][json:040]: Size after shrink 208 bytes
[13:40:34][V][json:020]: Attempting to allocate 512 bytes for JSON serialization
[13:40:34][V][json:040]: Size after shrink 208 bytes
[13:40:34][V][json:020]: Attempting to allocate 512 bytes for JSON serialization
[13:40:34][V][json:040]: Size after shrink 208 bytes
[13:40:34][V][json:020]: Attempting to allocate 512 bytes for JSON serialization
[13:40:34][V][json:040]: Size after shrink 208 bytes
[13:40:34][V][json:020]: Attempting to allocate 512 bytes for JSON serialization
[13:40:34][V][json:040]: Size after shrink 208 bytes
[13:40:34][V][json:020]: Attempting to allocate 512 bytes for JSON serialization
[13:40:34][V][json:040]: Size after shrink 208 bytes
[13:40:34][V][json:020]: Attempting to allocate 512 bytes for JSON serialization
[13:40:34][V][json:040]: Size after shrink 208 bytes
[13:40:34][V][json:020]: Attempting to allocate 512 bytes for JSON serialization
[13:40:34][V][json:040]: Size after shrink 208 bytes
[13:40:34][V][json:020]: Attempting to allocate 512 bytes for JSON serialization
[13:40:34][V][json:040]: Size after shrink 208 bytes
[13:40:34][V][json:020]: Attempting to allocate 512 bytes for JSON serialization
[13:40:34][V][json:040]: Size after shrink 208 bytes
[13:40:34][V][json:020]: Attempting to allocate 512 bytes for JSON serialization
[13:40:34][V][json:040]: Size after shrink 208 bytes
[13:40:34][V][json:020]: Attempting to allocate 512 bytes for JSON serialization
[13:40:34][V][json:040]: Size after shrink 208 bytes
[13:40:34][V][json:020]: Attempting to allocate 512 bytes for JSON serialization
[13:40:34][V][json:040]: Size after shrink 208 bytes
[13:40:34][V][json:020]: Attempting to allocate 512 bytes for JSON serialization
[13:40:34][V][json:040]: Size after shrink 208 bytes
[13:40:34][V][json:020]: Attempting to allocate 512 bytes for JSON serialization
[13:40:34][V][json:040]: Size after shrink 208 bytes
[13:40:34][V][json:020]: Attempting to allocate 512 bytes for JSON serialization
[13:40:34][V][json:040]: Size after shrink 208 bytes
[13:40:34][V][json:020]: Attempting to allocate 512 bytes for JSON serialization
[13:40:34][V][json:040]: Size after shrink 208 bytes
[13:40:34][V][json:020]: Attempting to allocate 512 bytes for JSON serialization
[13:40:34][V][json:040]: Size after shrink 208 bytes
[13:40:34][V][json:020]: Attempting to allocate 512 bytes for JSON serialization
[13:40:34][V][json:040]: Size after shrink 208 bytes
[13:40:34][V][json:020]: Attempting to allocate 512 bytes for JSON serialization
[13:40:34][V][json:040]: Size after shrink 208 bytes
[13:40:34][V][json:020]: Attempting to allocate 512 bytes for JSON serialization
[13:40:34][V][json:040]: Size after shrink 208 bytes
[13:40:34][V][json:020]: Attempting to allocate 512 bytes for JSON serialization
[13:40:34][V][json:040]: Size after shrink 208 bytes
[13:40:34][V][json:020]: Attempting to allocate 512 bytes for JSON serialization
[13:40:34][V][json:040]: Size after shrink 208 bytes
[13:40:34][V][json:020]: Attempting to allocate 512 bytes for JSON serialization
[13:40:34][V][json:040]: Size after shrink 208 bytes
[13:40:34][V][json:020]: Attempting to allocate 512 bytes for JSON serialization
[13:40:34][V][json:040]: Size after shrink 208 bytes
[13:40:34][V][json:020]: Attempting to allocate 512 bytes for JSON serialization
[13:40:34][V][json:040]: Size after shrink 208 bytes
[13:40:34][V][json:020]: Attempting to allocate 512 bytes for JSON serialization
[13:40:34][V][json:040]: Size after shrink 208 bytes
[13:40:34][V][json:020]: Attempting to allocate 512 bytes for JSON serialization
[13:40:34][V][json:040]: Size after shrink 208 bytes
[13:40:34][V][json:020]: Attempting to allocate 512 bytes for JSON serialization
[13:40:34][V][json:040]: Size after shrink 208 bytes
[13:40:34][I][fujitsu.heatpump:179]: CTRL decoded: pwr=OFF fan=3 (CTRL0=0xCD)
[13:40:34][D][fujitsu.climate:175]: State updated - Mode: 0, Target: 19.0°C, Current: nan°C
[13:40:34][W][component:239]: Component fujitsu_climate.climate took a long time for an operation (143 ms).
[13:40:34][W][component:240]: Components should block for at most 30 ms.
[13:40:34][V][sensor:043]: 'WiFi Signal': Received new state -63.000000
[13:40:35][D][sensor:094]: 'WiFi Signal': Sending state -63.00000 dBm with 0 decimals of accuracy
[13:40:35][V][json:020]: Attempting to allocate 512 bytes for JSON serialization
[13:40:35][V][json:040]: Size after shrink 76 bytes
[13:40:35][V][json:020]: Attempting to allocate 512 bytes for JSON serialization
[13:40:35][V][json:040]: Size after shrink 76 bytes
[13:40:35][V][json:020]: Attempting to allocate 512 bytes for JSON serialization
[13:40:35][V][json:040]: Size after shrink 208 bytes
[13:40:35][V][json:020]: Attempting to allocate 512 bytes for JSON serialization
[13:40:35][V][json:040]: Size after shrink 76 bytes
[13:40:35][W][component:239]: Component wifi_signal.sensor took a long time for an operation (70 ms).
[13:40:35][D][climate:396]: 'Fujitsu Heat Pump' - Sending state:
[13:40:35][D][climate:399]:   Mode: OFF
[13:40:35][D][climate:401]:   Action: OFF
[13:40:35][D][climate:404]:   Fan Mode: MEDIUM
[13:40:35][D][climate:419]:   Current Temperature: nan°C
[13:40:35][D][climate:425]:   Target Temperature: 19.00°C
[13:40:35][V][json:040]: Size after shrink 208 bytes
[13:40:35][V][json:020]: Attempting to allocate 512 bytes for JSON serialization
[13:40:36][V][json:020]: Attempting to allocate 512 bytes for JSON serialization
[13:40:36][V][json:040]: Size after shrink 208 bytes
[13:40:36][D][fujitsu.heatpump:067]: UNIT  frame: FE DF DF 7F FF C6 EB 6B
[13:40:36][D][fujitsu.heatpump:105]: RAW [0xDF->0xDF]: FE DF DF 7F FF C6 EB 6B
[13:40:36][D][fujitsu.heatpump:124]:   B3=0x7F B4=0xFF (fixed overhead)
[13:40:36][D][fujitsu.heatpump:128]:   B5=0xC6  temp_raw=3 (->19°C) mode_nibble=3
[13:40:36][V][json:020]: Attempting to allocate 512 bytes for JSON serialization
[13:40:36][V][json:040]: Size after shrink 208 bytes
[13:40:36][V][json:020]: Attempting to allocate 512 bytes for JSON serialization
[13:40:36][V][json:040]: Size after shrink 208 bytes
[13:40:36][V][json:020]: Attempting to allocate 512 bytes for JSON serialization
[13:40:37][D][fujitsu.heatpump:067]: UNIT  frame: FE DF DF 7F FF C6 EB 6B
[13:40:37][D][fujitsu.heatpump:105]: RAW [0xDF->0xDF]: FE DF DF 7F FF C6 EB 6B
[13:40:37][D][fujitsu.heatpump:067]: UNIT  frame: FE DF DF 7F FF C6 EB 6B
[13:40:38][I][fujitsu.heatpump:179]: CTRL decoded: pwr=OFF fan=3 (CTRL0=0xCD)
[13:40:38][D][fujitsu.climate:175]: State updated - Mode: 0, Target: 19.0°C, Current: nan°C
[13:40:38][W][component:239]: Component fujitsu_climate.climate took a long time for an operation (73 ms).
[13:40:38][W][component:240]: Components should block for at most 30 ms.
[13:40:38][D][climate:396]: 'Fujitsu Heat Pump' - Sending state:
[13:40:38][D][climate:399]:   Mode: OFF
[13:40:38][D][climate:401]:   Action: OFF
[13:40:38][D][climate:404]:   Fan Mode: MEDIUM
[13:40:38][D][climate:419]:   Current Temperature: nan°C
[13:40:38][D][climate:425]:   Target Temperature: 19.00°C
[13:40:38][V][json:020]: Attempting to allocate 512 bytes for JSON serialization
[13:40:38][V][json:040]: Size after shrink 208 bytes
[13:40:38][V][json:020]: Attempting to allocate 512 bytes for JSON serialization
[13:40:38][V][json:040]: Size after shrink 208 bytes
[13:40:38][V][json:020]: Attempting to allocate 512 bytes for JSON serialization
[13:40:38][V][json:040]: Size after shrink 208 bytes
[13:40:38][W][component:239]: Component fujitsu_climate.climate took a long time for an operation (71 ms).
[13:40:38][W][component:240]: Components should block for at most 30 ms.
[13:40:38][V][json:020]: Attempting to allocate 512 bytes for JSON serialization
[13:40:38][V][json:040]: Size after shrink 208 bytes
[13:40:38][V][json:020]: Attempting to allocate 512 bytes for JSON serialization
[13:40:38][V][json:040]: Size after shrink 208 bytes
[13:40:38][V][json:020]: Attempting to allocate 512 bytes for JSON serialization
[13:40:38][V][json:040]: Size after shrink 208 bytes
[13:40:38][V][json:020]: Attempting to allocate 512 bytes for JSON serialization
[13:40:38][V][json:040]: Size after shrink 208 bytes
[13:40:38][V][json:020]: Attempting to allocate 512 bytes for JSON serialization
[13:40:38][V][json:040]: Size after shrink 208 bytes
[13:40:38][D][status_led:050]: 'Status LED': Setting state OFF
[13:40:38][D][fujitsu.heatpump:067]: UNIT  frame: FE DF DF 7F FF C6 EB 6B
[13:40:38][D][fujitsu.heatpump:105]: RAW [0xDF->0xDF]: FE DF DF 7F FF C6 EB 6B
[13:40:38][D][fujitsu.heatpump:124]:   B3=0x7F B4=0xFF (fixed overhead)
[13:40:38][D][fujitsu.heatpump:128]:   B5=0xC6  temp_raw=3 (->19°C) mode_nibble=3
[13:40:38][D][fujitsu.heatpump:129]:   B6=0xEB  (mapping TBD)
[13:40:38][I][fujitsu.heatpump:152]: State: pwr=OFF mode=3 temp=19°C room=nan°C fan=3
[13:40:38][D][fujitsu.climate:175]: State updated - Mode: 0, Target: 19.0°C, Current: nan°C
[13:40:38][D][fujitsu.heatpump:071]: CTRL  frame: CD FF FF 5F FF C6 EB 4B
[13:40:38][I][fujitsu.heatpump:179]: CTRL decoded: pwr=OFF fan=3 (CTRL0=0xCD)
[13:40:38][D][fujitsu.climate:175]: State updated - Mode: 0, Target: 19.0°C, Current: nan°C
[13:40:38][W][component:239]: Component fujitsu_climate.climate took a long time for an operation (69 ms).
[13:40:38][W][component:240]: Components should block for at most 30 ms.
[13:40:38][D][fujitsu.heatpump:067]: UNIT  frame: FE DF DF 7F FF C6 EB 6B
[13:40:38][D][fujitsu.heatpump:105]: RAW [0xDF->0xDF]: FE DF DF 7F FF C6 EB 6B
[13:40:38][D][fujitsu.heatpump:124]:   B3=0x7F B4=0xFF (fixed overhead)
[13:40:38][D][fujitsu.heatpump:128]:   B5=0xC6  temp_raw=3 (->19°C) mode_nibble=3
[13:40:38][D][fujitsu.heatpump:129]:   B6=0xEB  (mapping TBD)
[13:40:38][I][fujitsu.heatpump:152]: State: pwr=OFF mode=3 temp=19°C room=nan°C fan=3
[13:40:38][D][fujitsu.climate:175]: State updated - Mode: 0, Target: 19.0°C, Current: nan°C
[13:40:38][D][fujitsu.heatpump:071]: CTRL  frame: CD FF FF 5F FF C6 EB 4B
[13:40:38][I][fujitsu.heatpump:179]: CTRL decoded: pwr=OFF fan=3 (CTRL0=0xCD)
[13:40:38][D][fujitsu.climate:175]: State updated - Mode: 0, Target: 19.0°C, Current: nan°C
[13:40:38][W][component:239]: Component fujitsu_climate.climate took a long time for an operation (69 ms).
[13:40:38][W][component:240]: Components should block for at most 30 ms.
[13:40:38][D][climate:396]: 'Fujitsu Heat Pump' - Sending state:
[13:40:38][D][climate:399]:   Mode: OFF
[13:40:38][D][climate:401]:   Action: OFF
[13:40:38][D][climate:404]:   Fan Mode: MEDIUM
[13:40:38][D][climate:419]:   Current Temperature: nan°C
[13:40:38][D][climate:425]:   Target Temperature: 19.00°C
[13:40:38][V][json:020]: Attempting to allocate 512 bytes for JSON serialization
[13:40:38][V][json:040]: Size after shrink 208 bytes
[13:40:38][V][json:020]: Attempting to allocate 512 bytes for JSON serialization
[13:40:38][W][component:240]: Components should block for at most 30 ms.
[13:40:38][V][json:020]: Attempting to allocate 512 bytes for JSON serialization
[13:40:38][V][json:020]: Attempting to allocate 512 bytes for JSON serialization
[13:40:38][V][json:040]: Size after shrink 208 bytes
[13:40:38][V][json:020]: Attempting to allocate 512 bytes for JSON serialization
[13:40:40][D][status_led:050]: 'Status LED': Setting state ON
[13:40:40][D][climate:396]: 'Fujitsu Heat Pump' - Sending state:
[13:40:40][D][climate:399]:   Mode: OFF
[13:40:40][D][climate:401]:   Action: OFF
[13:40:40][D][climate:404]:   Fan Mode: MEDIUM
[13:40:40][D][climate:419]:   Current Temperature: nan°C
[13:40:40][D][climate:425]:   Target Temperature: 19.00°C
[13:40:40][V][json:020]: Attempting to allocate 512 bytes for JSON serialization
[13:40:40][V][json:040]: Size after shrink 208 bytes
[13:40:40][V][json:020]: Attempting to allocate 512 bytes for JSON serialization
[13:40:40][V][json:040]: Size after shrink 208 bytes
[13:40:40][V][json:020]: Attempting to allocate 512 bytes for JSON serialization
[13:40:40][V][json:040]: Size after shrink 208 bytes
[13:40:40][W][component:239]: Component fujitsu_climate.climate took a long time for an operation (61 ms).
[13:40:40][W][component:240]: Components should block for at most 30 ms.
[13:40:40][D][status_led:050]: 'Status LED': Setting state OFF
[13:40:40][D][fujitsu.heatpump:067]: UNIT  frame: FE DF DF 7F FF C6 EB 6B
[13:40:40][D][fujitsu.heatpump:105]: RAW [0xDF->0xDF]: FE DF DF 7F FF C6 EB 6B
[13:40:40][D][fujitsu.heatpump:124]:   B3=0x7F B4=0xFF (fixed overhead)
[13:40:40][D][fujitsu.heatpump:128]:   B5=0xC6  temp_raw=3 (->19°C) mode_nibble=3
[13:40:40][D][fujitsu.heatpump:129]:   B6=0xEB  (mapping TBD)
[13:40:40][I][fujitsu.heatpump:152]: State: pwr=OFF mode=3 temp=19°C room=nan°C fan=3
[13:40:40][D][fujitsu.climate:175]: State updated - Mode: 0, Target: 19.0°C, Current: nan°C
[13:40:40][D][fujitsu.heatpump:071]: CTRL  frame: CD FF FF 5F FF C6 EB 4B
[13:40:40][I][fujitsu.heatpump:179]: CTRL decoded: pwr=OFF fan=3 (CTRL0=0xCD)
[13:40:40][D][fujitsu.climate:175]: State updated - Mode: 0, Target: 19.0°C, Current: nan°C
[13:40:40][D][fujitsu.heatpump:067]: UNIT  frame: FE DF DF 7F FF C6 EB 6B
[13:40:40][D][fujitsu.heatpump:105]: RAW [0xDF->0xDF]: FE DF DF 7F FF C6 EB 6B
[13:40:40][D][fujitsu.heatpump:124]:   B3=0x7F B4=0xFF (fixed overhead)
[13:40:40][D][fujitsu.heatpump:128]:   B5=0xC6  temp_raw=3 (->19°C) mode_nibble=3
[13:40:40][D][fujitsu.heatpump:129]:   B6=0xEB  (mapping TBD)
[13:40:40][I][fujitsu.heatpump:152]: State: pwr=OFF mode=3 temp=19°C room=nan°C fan=3
[13:40:40][D][fujitsu.climate:175]: State updated - Mode: 0, Target: 19.0°C, Current: nan°C
[13:40:41][D][fujitsu.heatpump:071]: CTRL  frame: CD FF FF 5F FF C6 EB 4B
[13:40:41][I][fujitsu.heatpump:179]: CTRL decoded: pwr=OFF fan=3 (CTRL0=0xCD)
[13:40:41][D][fujitsu.climate:175]: State updated - Mode: 0, Target: 19.0°C, Current: nan°C
[13:40:41][D][fujitsu.heatpump:067]: UNIT  frame: FE DF DF 7F FF C6 EB 6B
[13:40:41][D][fujitsu.heatpump:105]: RAW [0xDF->0xDF]: FE DF DF 7F FF C6 EB 6B
[13:40:41][D][fujitsu.heatpump:124]:   B3=0x7F B4=0xFF (fixed overhead)
[13:40:41][D][fujitsu.heatpump:128]:   B5=0xC6  temp_raw=3 (->19°C) mode_nibble=3
[13:40:41][D][fujitsu.heatpump:129]:   B6=0xEB  (mapping TBD)
[13:40:41][I][fujitsu.heatpump:152]: State: pwr=OFF mode=3 temp=19°C room=nan°C fan=3
[13:40:41][D][fujitsu.climate:175]: State updated - Mode: 0, Target: 19.0°C, Current: nan°C
[13:40:41][D][fujitsu.heatpump:071]: CTRL  frame: CD FF FF 5F FF C6 EB 4B
[13:40:41][I][fujitsu.heatpump:179]: CTRL decoded: pwr=OFF fan=3 (CTRL0=0xCD)
[13:40:41][D][fujitsu.climate:175]: State updated - Mode: 0, Target: 19.0°C, Current: nan°C
[13:40:41][W][component:239]: Component fujitsu_climate.climate took a long time for an operation (212 ms).
[13:40:41][W][component:240]: Components should block for at most 30 ms.
[13:40:41][D][fujitsu.heatpump:067]: UNIT  frame: FE DF DF 7F FF C6 EB 6B
[13:40:41][D][fujitsu.heatpump:105]: RAW [0xDF->0xDF]: FE DF DF 7F FF C6 EB 6B
[13:40:41][D][fujitsu.heatpump:124]:   B3=0x7F B4=0xFF (fixed overhead)
[13:40:41][D][fujitsu.heatpump:128]:   B5=0xC6  temp_raw=3 (->19°C) mode_nibble=3
[13:40:41][D][fujitsu.heatpump:129]:   B6=0xEB  (mapping TBD)
[13:40:41][I][fujitsu.heatpump:152]: State: pwr=OFF mode=3 temp=19°C room=nan°C fan=3
[13:40:41][D][fujitsu.climate:175]: State updated - Mode: 0, Target: 19.0°C, Current: nan°C
[13:40:41][D][fujitsu.heatpump:071]: CTRL  frame: CD FF FF 5F FF C6 EB 4B
[13:40:41][I][fujitsu.heatpump:179]: CTRL decoded: pwr=OFF fan=3 (CTRL0=0xCD)
[13:40:41][D][fujitsu.climate:175]: State updated - Mode: 0, Target: 19.0°C, Current: nan°C
[13:40:41][W][component:239]: Component fujitsu_climate.climate took a long time for an operation (64 ms).
[13:40:41][W][component:240]: Components should block for at most 30 ms.
[13:40:41][D][climate:396]: 'Fujitsu Heat Pump' - Sending state:
[13:40:41][D][climate:399]:   Mode: OFF
[13:40:41][D][climate:401]:   Action: OFF
[13:40:41][D][climate:404]:   Fan Mode: MEDIUM
[13:40:41][D][climate:419]:   Current Temperature: nan°C
[13:40:41][D][climate:425]:   Target Temperature: 19.00°C
[13:40:41][V][json:020]: Attempting to allocate 512 bytes for JSON serialization
[13:40:41][V][json:040]: Size after shrink 208 bytes
[13:40:41][V][json:020]: Attempting to allocate 512 bytes for JSON serialization
[13:40:41][V][json:040]: Size after shrink 208 bytes
[13:40:41][V][json:020]: Attempting to allocate 512 bytes for JSON serialization
[13:40:41][V][json:040]: Size after shrink 208 bytes
[13:40:41][W][component:239]: Component fujitsu_climate.climate took a long time for an operation (66 ms).
[13:40:41][W][component:240]: Components should block for at most 30 ms.
[13:40:41][D][fujitsu.heatpump:067]: UNIT  frame: FE DF DF 7F FF C6 EB 6B
[13:40:41][D][fujitsu.heatpump:105]: RAW [0xDF->0xDF]: FE DF DF 7F FF C6 EB 6B
[13:40:41][D][fujitsu.heatpump:124]:   B3=0x7F B4=0xFF (fixed overhead)
[13:40:41][D][fujitsu.heatpump:128]:   B5=0xC6  temp_raw=3 (->19°C) mode_nibble=3
[13:40:41][D][fujitsu.heatpump:129]:   B6=0xEB  (mapping TBD)
[13:40:41][I][fujitsu.heatpump:152]: State: pwr=OFF mode=3 temp=19°C room=nan°C fan=3
[13:40:41][D][fujitsu.climate:175]: State updated - Mode: 0, Target: 19.0°C, Current: nan°C
[13:40:41][D][fujitsu.heatpump:071]: CTRL  frame: CD FF FF 5F FF C6 EB 4B
[13:40:41][I][fujitsu.heatpump:179]: CTRL decoded: pwr=OFF fan=3 (CTRL0=0xCD)
[13:40:41][D][fujitsu.climate:175]: State updated - Mode: 0, Target: 19.0°C, Current: nan°C
[13:40:41][D][fujitsu.heatpump:067]: UNIT  frame: FE DF DF 7F FF C6 EB 6B
[13:40:41][D][fujitsu.heatpump:105]: RAW [0xDF->0xDF]: FE DF DF 7F FF C6 EB 6B
[13:40:42][D][status_led:050]: 'Status LED': Setting state OFF
[13:40:42][D][fujitsu.heatpump:067]: UNIT  frame: FE DF DF 7F FF C6 EB 6B
[13:40:42][D][fujitsu.heatpump:105]: RAW [0xDF->0xDF]: FE DF DF 7F FF C6 EB 6B
[13:40:42][D][fujitsu.heatpump:124]:   B3=0x7F B4=0xFF (fixed overhead)
[13:40:42][D][fujitsu.heatpump:128]:   B5=0xC6  temp_raw=3 (->19°C) mode_nibble=3
[13:40:42][D][fujitsu.heatpump:129]:   B6=0xEB  (mapping TBD)
[13:40:42][I][fujitsu.heatpump:152]: State: pwr=OFF mode=3 temp=19°C room=nan°C fan=3
[13:40:42][D][fujitsu.climate:175]: State updated - Mode: 0, Target: 19.0°C, Current: nan°C
[13:40:42][D][fujitsu.heatpump:071]: CTRL  frame: CD FF FF 5F FF C6 EB 4B
[13:40:42][I][fujitsu.heatpump:179]: CTRL decoded: pwr=OFF fan=3 (CTRL0=0xCD)
[13:40:42][D][fujitsu.climate:175]: State updated - Mode: 0, Target: 19.0°C, Current: nan°C
[13:40:42][W][component:239]: Component fujitsu_climate.climate took a long time for an operation (68 ms).
[13:40:42][W][component:240]: Components should block for at most 30 ms.
[13:40:42][D][fujitsu.heatpump:067]: UNIT  frame: FE DF DF 7F FF C6 EB 6B
[13:40:42][D][fujitsu.heatpump:105]: RAW [0xDF->0xDF]: FE DF DF 7F FF C6 EB 6B
[13:40:42][D][fujitsu.heatpump:124]:   B3=0x7F B4=0xFF (fixed overhead)
[13:40:42][D][fujitsu.heatpump:128]:   B5=0xC6  temp_raw=3 (->19°C) mode_nibble=3
[13:40:42][D][fujitsu.heatpump:129]:   B6=0xEB  (mapping TBD)
[13:40:42][I][fujitsu.heatpump:152]: State: pwr=OFF mode=3 temp=19°C room=nan°C fan=3
[13:40:42][D][fujitsu.climate:175]: State updated - Mode: 0, Target: 19.0°C, Current: nan°C
[13:40:42][D][fujitsu.heatpump:071]: CTRL  frame: CD FF FF 5F FF C6 EB 4B
[13:40:42][I][fujitsu.heatpump:179]: CTRL decoded: pwr=OFF fan=3 (CTRL0=0xCD)
[13:40:42][D][fujitsu.climate:175]: State updated - Mode: 0, Target: 19.0°C, Current: nan°C
[13:40:42][W][component:239]: Component fujitsu_climate.climate took a long time for an operation (70 ms).
[13:40:42][W][component:240]: Components should block for at most 30 ms.
[13:40:42][D][climate:396]: 'Fujitsu Heat Pump' - Sending state:
[13:40:42][D][climate:399]:   Mode: OFF
[13:40:42][D][climate:401]:   Action: OFF
[13:40:42][D][climate:404]:   Fan Mode: MEDIUM
[13:40:42][D][climate:419]:   Current Temperature: nan°C
[13:40:42][D][climate:425]:   Target Temperature: 19.00°C
[13:40:42][V][json:020]: Attempting to allocate 512 bytes for JSON serialization
[13:40:42][V][json:040]: Size after shrink 208 bytes
[13:40:42][V][json:020]: Attempting to allocate 512 bytes for JSON serialization
[13:40:42][V][json:040]: Size after shrink 208 bytes
[13:40:42][V][json:020]: Attempting to allocate 512 bytes for JSON serialization
[13:40:42][V][json:040]: Size after shrink 208 bytes
[13:40:42][W][component:239]: Component fujitsu_climate.climate took a long time for an operation (69 ms).
[13:40:42][W][component:240]: Components should block for at most 30 ms.
[13:40:42][D][fujitsu.heatpump:067]: UNIT  frame: FE DF DF 7F FF C6 EB 6B
[13:40:42][D][fujitsu.heatpump:105]: RAW [0xDF->0xDF]: FE DF DF 7F FF C6 EB 6B
[13:40:42][D][fujitsu.heatpump:124]:   B3=0x7F B4=0xFF (fixed overhead)
[13:40:42][D][fujitsu.heatpump:128]:   B5=0xC6  temp_raw=3 (->19°C) mode_nibble=3
[13:40:42][D][fujitsu.heatpump:129]:   B6=0xEB  (mapping TBD)
[13:40:42][I][fujitsu.heatpump:152]: State: pwr=OFF mode=3 temp=19°C room=nan°C fan=3
[13:40:42][D][fujitsu.climate:175]: State updated - Mode: 0, Target: 19.0°C, Current: nan°C
[13:40:42][D][fujitsu.heatpump:071]: CTRL  frame: CD FF FF 5F FF C6 EB 4B
[13:40:42][I][fujitsu.heatpump:179]: CTRL decoded: pwr=OFF fan=3 (CTRL0=0xCD)
[13:40:42][D][fujitsu.climate:175]: State updated - Mode: 0, Target: 19.0°C, Current: nan°C
[13:40:42][W][component:239]: Component fujitsu_climate.climate took a long time for an operation (71 ms).
[13:40:42][W][component:240]: Components should block for at most 30 ms.
[13:40:42][V][sensor:043]: 'Uptime': Received new state 555.732971
[13:40:42][D][sensor:094]: 'Uptime': Sending state 555.73297 s with 0 decimals of accuracy
[13:40:42][V][json:020]: Attempting to allocate 512 bytes for JSON serialization
[13:40:42][V][json:040]: Size after shrink 68 bytes
[13:40:42][V][json:020]: Attempting to allocate 512 bytes for JSON serialization
[13:40:42][V][json:040]: Size after shrink 68 bytes
[13:40:42][V][json:020]: Attempting to allocate 512 bytes for JSON serialization
[13:40:42][V][json:040]: Size after shrink 68 bytes
[13:40:42][W][component:239]: Component uptime.sensor took a long time for an operation (64 ms).
[13:40:42][W][component:240]: Components should block for at most 30 ms.
[13:40:43][D][fujitsu.heatpump:067]: UNIT  frame: FE DF DF 7F FF C6 EB 6B
[13:40:43][D][fujitsu.heatpump:105]: RAW [0xDF->0xDF]: FE DF DF 7F FF C6 EB 6B
[13:40:43][D][fujitsu.heatpump:124]:   B3=0x7F B4=0xFF (fixed overhead)
[13:40:43][D][fujitsu.heatpump:128]:   B5=0xC6  temp_raw=3 (->19°C) mode_nibble=3
[13:40:43][D][fujitsu.heatpump:129]:   B6=0xEB  (mapping TBD)
[13:40:43][I][fujitsu.heatpump:152]: State: pwr=OFF mode=3 temp=19°C room=nan°C fan=3
[13:40:43][D][fujitsu.climate:175]: State updated - Mode: 0, Target: 19.0°C, Current: nan°C
[13:40:43][D][fujitsu.heatpump:071]: CTRL  frame: CD FF FF 5F FF C6 EB 4B
[13:40:43][I][fujitsu.heatpump:179]: CTRL decoded: pwr=OFF fan=3 (CTRL0=0xCD)
[13:40:43][D][fujitsu.climate:175]: State updated - Mode: 0, Target: 19.0°C, Current: nan°C
[13:40:43][W][component:239]: Component fujitsu_climate.climate took a long time for an operation (86 ms).
[13:40:43][W][component:240]: Components should block for at most 30 ms.
[13:40:43][D][status_led:050]: 'Status LED': Setting state ON
[13:40:43][D][climate:396]: 'Fujitsu Heat Pump' - Sending state:
[13:40:43][D][climate:399]:   Mode: OFF
[13:40:43][D][climate:401]:   Action: OFF
[13:40:43][D][climate:404]:   Fan Mode: MEDIUM
[13:40:43][D][climate:419]:   Current Temperature: nan°C
[13:40:43][D][climate:425]:   Target Temperature: 19.00°C
[13:40:43][V][json:020]: Attempting to allocate 512 bytes for JSON serialization
[13:40:43][V][json:040]: Size after shrink 208 bytes
[13:40:43][V][json:020]: Attempting to allocate 512 bytes for JSON serialization
[13:40:43][V][json:040]: Size after shrink 208 bytes
[13:40:43][V][json:020]: Attempting to allocate 512 bytes for JSON serialization
[13:40:43][V][json:040]: Size after shrink 208 bytes
[13:40:43][W][component:239]: Component fujitsu_climate.climate took a long time for an operation (91 ms).
[13:40:43][W][component:240]: Components should block for at most 30 ms.
[13:40:43][D][fujitsu.heatpump:067]: UNIT  frame: FE DF DF 7F FF C6 EB 6B
[13:40:43][D][fujitsu.heatpump:105]: RAW [0xDF->0xDF]: FE DF DF 7F FF C6 EB 6B
[13:40:43][D][fujitsu.heatpump:124]:   B3=0x7F B4=0xFF (fixed overhead)
[13:40:43][D][fujitsu.heatpump:128]:   B5=0xC6  temp_raw=3 (->19°C) mode_nibble=3
[13:40:43][D][fujitsu.heatpump:129]:   B6=0xEB  (mapping TBD)
[13:40:43][I][fujitsu.heatpump:152]: State: pwr=OFF mode=3 temp=19°C room=nan°C fan=3
[13:40:43][D][fujitsu.climate:175]: State updated - Mode: 0, Target: 19.0°C, Current: nan°C
[13:40:43][D][fujitsu.heatpump:071]: CTRL  frame: CD FF FF 5F FF C6 EB 4B
[13:40:43][I][fujitsu.heatpump:179]: CTRL decoded: pwr=OFF fan=3 (CTRL0=0xCD)
[13:40:43][D][fujitsu.climate:175]: State updated - Mode: 0, Target: 19.0°C, Current: nan°C
[13:40:43][W][component:239]: Component fujitsu_climate.climate took a long time for an operation (84 ms).
[13:40:43][W][component:240]: Components should block for at most 30 ms.
[13:40:43][D][status_led:050]: 'Status LED': Setting state OFF
[13:40:43][D][climate:396]: 'Fujitsu Heat Pump' - Sending state:
[13:40:43][D][climate:399]:   Mode: OFF
[13:40:43][D][climate:401]:   Action: OFF
[13:40:43][D][climate:404]:   Fan Mode: MEDIUM
[13:40:43][D][climate:419]:   Current Temperature: nan°C
[13:40:43][D][climate:425]:   Target Temperature: 19.00°C
[13:40:43][V][json:020]: Attempting to allocate 512 bytes for JSON serialization
[13:40:43][V][json:040]: Size after shrink 208 bytes
[13:40:43][V][json:020]: Attempting to allocate 512 bytes for JSON serialization
[13:40:43][V][json:040]: Size after shrink 208 bytes
[13:40:43][V][json:020]: Attempting to allocate 512 bytes for JSON serialization
[13:40:43][V][json:040]: Size after shrink 208 bytes
[13:40:43][W][component:239]: Component fujitsu_climate.climate took a long time for an operation (101 ms).
[13:40:43][W][component:240]: Components should block for at most 30 ms.
[13:40:43][D][fujitsu.heatpump:067]: UNIT  frame: FE DF DF 7F FF C6 EB 6B
[13:40:43][D][fujitsu.heatpump:105]: RAW [0xDF->0xDF]: FE DF DF 7F FF C6 EB 6B
[13:40:57][D][fujitsu.heatpump:129]:   B6=0xEB  (mapping TBD)
[13:40:57][I][fujitsu.heatpump:152]: State: pwr=OFF mode=3 temp=19°C room=nan°C fan=3
[13:40:57][D][fujitsu.climate:175]: State updated - Mode: 0, Target: 19.0°C, Current: nan°C
[13:40:57][D][fujitsu.heatpump:071]: CTRL  frame: CD FF FF 5F FF C6 EB 4B
[13:40:57][I][fujitsu.heatpump:179]: CTRL decoded: pwr=OFF fan=3 (CTRL0=0xCD)
[13:40:57][D][fujitsu.climate:175]: State updated - Mode: 0, Target: 19.0°C, Current: nan°C
[13:40:57][D][fujitsu.heatpump:067]: UNIT  frame: FE DF DF 7F FF C6 EB 6B
[13:40:57][D][fujitsu.heatpump:105]: RAW [0xDF->0xDF]: FE DF DF 7F FF C6 EB 6B
[13:40:57][D][fujitsu.heatpump:124]:   B3=0x7F B4=0xFF (fixed overhead)
[13:40:57][D][fujitsu.heatpump:128]:   B5=0xC6  temp_raw=3 (->19°C) mode_nibble=3
[13:40:57][D][fujitsu.heatpump:129]:   B6=0xEB  (mapping TBD)
[13:40:57][I][fujitsu.heatpump:152]: State: pwr=OFF mode=3 temp=19°C room=nan°C fan=3
[13:40:57][D][fujitsu.climate:175]: State updated - Mode: 0, Target: 19.0°C, Current: nan°C
[13:40:57][D][fujitsu.heatpump:071]: CTRL  frame: CD FF FF 5F FF C6 EB 4B
[13:40:57][I][fujitsu.heatpump:179]: CTRL decoded: pwr=OFF fan=3 (CTRL0=0xCD)
[13:40:57][D][fujitsu.climate:175]: State updated - Mode: 0, Target: 19.0°C, Current: nan°C
[13:40:57][W][component:239]: Component fujitsu_climate.climate took a long time for an operation (194 ms).
[13:40:57][W][component:240]: Components should block for at most 30 ms.
[13:40:57][D][fujitsu.heatpump:067]: UNIT  frame: FE DF DF 7F FF C6 EB 6B
[13:40:57][D][fujitsu.heatpump:105]: RAW [0xDF->0xDF]: FE DF DF 7F FF C6 EB 6B
[13:40:57][D][fujitsu.heatpump:124]:   B3=0x7F B4=0xFF (fixed overhead)
[13:40:57][D][fujitsu.heatpump:128]:   B5=0xC6  temp_raw=3 (->19°C) mode_nibble=3
[13:40:57][D][fujitsu.heatpump:129]:   B6=0xEB  (mapping TBD)
[13:40:57][I][fujitsu.heatpump:152]: State: pwr=OFF mode=3 temp=19°C room=nan°C fan=3
[13:40:57][D][fujitsu.climate:175]: State updated - Mode: 0, Target: 19.0°C, Current: nan°C
[13:40:57][D][fujitsu.heatpump:071]: CTRL  frame: CD FF FF 5F FF C6 EB 4B
[13:40:57][I][fujitsu.heatpump:179]: CTRL decoded: pwr=OFF fan=3 (CTRL0=0xCD)
[13:40:57][D][fujitsu.climate:175]: State updated - Mode: 0, Target: 19.0°C, Current: nan°C
[13:40:57][W][component:239]: Component fujitsu_climate.climate took a long time for an operation (81 ms).
[13:40:57][W][component:240]: Components should block for at most 30 ms.
[13:40:57][D][status_led:050]: 'Status LED': Setting state ON
[13:40:57][D][fujitsu.heatpump:067]: UNIT  frame: FE DF DF 7F FF C6 EB 6B
[13:40:57][D][fujitsu.heatpump:105]: RAW [0xDF->0xDF]: FE DF DF 7F FF C6 EB 6B
[13:40:57][D][fujitsu.heatpump:124]:   B3=0x7F B4=0xFF (fixed overhead)
[13:40:57][D][fujitsu.heatpump:128]:   B5=0xC6  temp_raw=3 (->19°C) mode_nibble=3
[13:40:57][D][fujitsu.heatpump:129]:   B6=0xEB  (mapping TBD)
[13:40:57][I][fujitsu.heatpump:152]: State: pwr=OFF mode=3 temp=19°C room=nan°C fan=3
[13:40:57][D][fujitsu.climate:175]: State updated - Mode: 0, Target: 19.0°C, Current: nan°C
[13:40:57][D][fujitsu.heatpump:071]: CTRL  frame: CD FF FF 5F FF C6 EB 4B
[13:40:57][I][fujitsu.heatpump:179]: CTRL decoded: pwr=OFF fan=3 (CTRL0=0xCD)
[13:40:57][D][fujitsu.climate:175]: State updated - Mode: 0, Target: 19.0°C, Current: nan°C
[13:40:57][W][component:239]: Component fujitsu_climate.climate took a long time for an operation (68 ms).
[13:40:57][W][component:240]: Components should block for at most 30 ms.
[13:40:57][D][climate:396]: 'Fujitsu Heat Pump' - Sending state:
[13:40:57][D][climate:399]:   Mode: OFF
[13:40:57][D][climate:401]:   Action: OFF
[13:40:57][D][climate:404]:   Fan Mode: MEDIUM
[13:40:57][D][climate:419]:   Current Temperature: nan°C
[13:40:57][D][climate:425]:   Target Temperature: 19.00°C
[13:40:57][V][json:020]: Attempting to allocate 512 bytes for JSON serialization
[13:40:57][V][json:040]: Size after shrink 208 bytes
[13:40:57][V][json:020]: Attempting to allocate 512 bytes for JSON serialization
[13:40:57][V][json:040]: Size after shrink 208 bytes
[13:40:57][V][json:020]: Attempting to allocate 512 bytes for JSON serialization
[13:40:57][V][json:040]: Size after shrink 208 bytes
[13:40:57][W][component:239]: Component fujitsu_climate.climate took a long time for an operation (65 ms).
[13:40:57][W][component:240]: Components should block for at most 30 ms.
[13:40:57][V][sensor:043]: 'Free Heap Memory': Received new state 118400.000000
[13:40:57][D][sensor:094]: 'Free Heap Memory': Sending state 118400.00000 bytes with 1 decimals of accuracy
[13:40:57][V][json:020]: Attempting to allocate 512 bytes for JSON serialization
[13:40:57][V][json:040]: Size after shrink 88 bytes
[13:40:57][V][json:020]: Attempting to allocate 512 bytes for JSON serialization
[13:40:57][V][json:040]: Size after shrink 88 bytes
[13:40:57][V][json:020]: Attempting to allocate 512 bytes for JSON serialization
[13:40:57][V][json:040]: Size after shrink 88 bytes
[13:40:57][W][component:239]: Component template.sensor took a long time for an operation (51 ms).
[13:40:57][W][component:240]: Components should block for at most 30 ms.
[13:40:57][D][status_led:050]: 'Status LED': Setting state OFF
[13:40:57][D][fujitsu.heatpump:067]: UNIT  frame: FE DF DF 7F FF C6 EB 6B
[13:40:57][D][fujitsu.heatpump:105]: RAW [0xDF->0xDF]: FE DF DF 7F FF C6 EB 6B
[13:40:57][D][fujitsu.heatpump:124]:   B3=0x7F B4=0xFF (fixed overhead)
[13:40:57][D][fujitsu.heatpump:128]:   B5=0xC6  temp_raw=3 (->19°C) mode_nibble=3
[13:40:57][D][fujitsu.heatpump:129]:   B6=0xEB  (mapping TBD)
[13:40:57][I][fujitsu.heatpump:152]: State: pwr=OFF mode=3 temp=19°C room=nan°C fan=3
[13:40:57][D][fujitsu.climate:175]: State updated - Mode: 0, Target: 19.0°C, Current: nan°C
[13:40:57][D][fujitsu.heatpump:071]: CTRL  frame: CD FF FF 5F FF C6 EB 4B
[13:40:57][I][fujitsu.heatpump:179]: CTRL decoded: pwr=OFF fan=3 (CTRL0=0xCD)
[13:40:57][D][fujitsu.climate:175]: State updated - Mode: 0, Target: 19.0°C, Current: nan°C
[13:40:57][D][fujitsu.heatpump:067]: UNIT  frame: FE DF DF 7F FF C6 EB 6B
[13:40:57][D][fujitsu.heatpump:105]: RAW [0xDF->0xDF]: FE DF DF 7F FF C6 EB 6B
[13:40:57][D][fujitsu.heatpump:124]:   B3=0x7F B4=0xFF (fixed overhead)
[13:40:57][D][fujitsu.heatpump:128]:   B5=0xC6  temp_raw=3 (->19°C) mode_nibble=3
[13:40:57][D][fujitsu.heatpump:129]:   B6=0xEB  (mapping TBD)
[13:40:57][I][fujitsu.heatpump:152]: State: pwr=OFF mode=3 temp=19°C room=nan°C fan=3
[13:40:57][D][fujitsu.climate:175]: State updated - Mode: 0, Target: 19.0°C, Current: nan°C
[13:40:57][D][fujitsu.heatpump:071]: CTRL  frame: CD FF FF 5F FF C6 EB 4B
[13:40:57][I][fujitsu.heatpump:179]: CTRL decoded: pwr=OFF fan=3 (CTRL0=0xCD)
[13:40:57][D][fujitsu.climate:175]: State updated - Mode: 0, Target: 19.0°C, Current: nan°C
[13:40:57][W][component:239]: Component fujitsu_climate.climate took a long time for an operation (174 ms).
[13:40:57][W][component:240]: Components should block for at most 30 ms.
[13:40:57][D][climate:396]: 'Fujitsu Heat Pump' - Sending state:
[13:40:57][D][climate:399]:   Mode: OFF
[13:40:57][D][climate:401]:   Action: OFF
[13:40:57][D][climate:404]:   Fan Mode: MEDIUM
[13:40:57][D][climate:419]:   Current Temperature: nan°C
[13:40:57][D][climate:425]:   Target Temperature: 19.00°C
[13:40:57][V][json:020]: Attempting to allocate 512 bytes for JSON serialization
[13:40:57][V][json:040]: Size after shrink 208 bytes
[13:40:57][V][json:020]: Attempting to allocate 512 bytes for JSON serialization
[13:40:57][V][json:040]: Size after shrink 208 bytes
[13:40:57][V][json:020]: Attempting to allocate 512 bytes for JSON serialization
[13:40:57][V][json:040]: Size after shrink 208 bytes
[13:40:57][W][component:239]: Component fujitsu_climate.climate took a long time for an operation (68 ms).
[13:40:57][W][component:240]: Components should block for at most 30 ms.
[13:40:57][D][fujitsu.heatpump:067]: UNIT  frame: FE DF DF 7F FF C6 EB 6B
[13:40:57][D][fujitsu.heatpump:105]: RAW [0xDF->0xDF]: FE DF DF 7F FF C6 EB 6B
[13:40:57][D][fujitsu.heatpump:124]:   B3=0x7F B4=0xFF (fixed overhead)
[13:40:57][D][fujitsu.heatpump:128]:   B5=0xC6  temp_raw=3 (->19°C) mode_nibble=3
[13:40:57][D][fujitsu.heatpump:129]:   B6=0xEB  (mapping TBD)
[13:40:57][I][fujitsu.heatpump:152]: State: pwr=OFF mode=3 temp=19°C room=nan°C fan=3
[13:40:57][D][fujitsu.climate:175]: State updated - Mode: 0, Target: 19.0°C, Current: nan°C
[13:40:57][D][fujitsu.heatpump:071]: CTRL  frame: CD FF FF 5F FF C6 EB 4B
[13:40:57][I][fujitsu.heatpump:179]: CTRL decoded: pwr=OFF fan=3 (CTRL0=0xCD)
[13:40:57][D][fujitsu.climate:175]: State updated - Mode: 0, Target: 19.0°C, Current: nan°C
[13:40:57][D][fujitsu.heatpump:067]: UNIT  frame: FE DF DF 7F FF C6 EB 6B
[13:40:57][D][fujitsu.heatpump:105]: RAW [0xDF->0xDF]: FE DF DF 7F FF C6 EB 6B
[13:40:57][D][fujitsu.heatpump:124]:   B3=0x7F B4=0xFF (fixed overhead)
[13:40:57][D][fujitsu.heatpump:128]:   B5=0xC6  temp_raw=3 (->19°C) mode_nibble=3
[13:40:57][D][fujitsu.heatpump:129]:   B6=0xEB  (mapping TBD)
[13:40:57][I][fujitsu.heatpump:152]: State: pwr=OFF mode=3 temp=19°C room=nan°C fan=3
[13:40:57][D][fujitsu.climate:175]: State updated - Mode: 0, Target: 19.0°C, Current: nan°C
[13:40:57][D][fujitsu.heatpump:071]: CTRL  frame: CD FF FF 5F FF C6 EB 4B
[13:40:57][I][fujitsu.heatpump:179]: CTRL decoded: pwr=OFF fan=3 (CTRL0=0xCD)
[13:40:57][D][fujitsu.climate:175]: State updated - Mode: 0, Target: 19.0°C, Current: nan°C
[13:40:57][W][component:239]: Component fujitsu_climate.climate took a long time for an operation (159 ms).
[13:40:57][W][component:240]: Components should block for at most 30 ms.
[13:40:57][D][status_led:050]: 'Status LED': Setting state ON
[13:40:57][D][fujitsu.heatpump:067]: UNIT  frame: FE DF DF 7F FF C6 EB 6B
[13:40:57][D][fujitsu.heatpump:105]: RAW [0xDF->0xDF]: FE DF DF 7F FF C6 EB 6B
[13:40:57][D][fujitsu.heatpump:124]:   B3=0x7F B4=0xFF (fixed overhead)
[13:40:57][D][fujitsu.heatpump:128]:   B5=0xC6  temp_raw=3 (->19°C) mode_nibble=3
[13:40:57][D][fujitsu.heatpump:129]:   B6=0xEB  (mapping TBD)
[13:40:57][I][fujitsu.heatpump:152]: State: pwr=OFF mode=3 temp=19°C room=nan°C fan=3
[13:40:57][D][fujitsu.climate:175]: State updated - Mode: 0, Target: 19.0°C, Current: nan°C
[13:40:57][D][fujitsu.heatpump:071]: CTRL  frame: CD FF FF 5F FF C6 EB 4B
[13:40:57][I][fujitsu.heatpump:179]: CTRL decoded: pwr=OFF fan=3 (CTRL0=0xCD)
[13:40:57][D][fujitsu.climate:175]: State updated - Mode: 0, Target: 19.0°C, Current: nan°C
[13:40:57][W][component:239]: Component fujitsu_climate.climate took a long time for an operation (99 ms).
[13:40:57][W][component:240]: Components should block for at most 30 ms.
[13:40:57][D][climate:396]: 'Fujitsu Heat Pump' - Sending state:
[13:40:57][D][climate:399]:   Mode: OFF
[13:40:57][D][climate:401]:   Action: OFF
[13:40:57][D][climate:404]:   Fan Mode: MEDIUM
[13:40:57][D][climate:419]:   Current Temperature: nan°C
[13:40:57][D][climate:425]:   Target Temperature: 19.00°C
[13:40:57][V][json:020]: Attempting to allocate 512 bytes for JSON serialization
[13:40:57][V][json:040]: Size after shrink 208 bytes
[13:40:57][V][json:020]: Attempting to allocate 512 bytes for JSON serialization
[13:40:57][V][json:040]: Size after shrink 208 bytes
[13:40:57][V][json:020]: Attempting to allocate 512 bytes for JSON serialization
[13:40:57][V][json:040]: Size after shrink 208 bytes
[13:40:57][W][component:239]: Component fujitsu_climate.climate took a long time for an operation (81 ms).
[13:40:57][W][component:240]: Components should block for at most 30 ms.
[13:40:57][D][status_led:050]: 'Status LED': Setting state OFF
[13:40:57][D][fujitsu.heatpump:067]: UNIT  frame: FE DF DF 7F FF C6 EB 6B
[13:40:57][D][fujitsu.heatpump:105]: RAW [0xDF->0xDF]: FE DF DF 7F FF C6 EB 6B
[13:40:57][D][fujitsu.heatpump:124]:   B3=0x7F B4=0xFF (fixed overhead)
[13:40:57][D][fujitsu.heatpump:128]:   B5=0xC6  temp_raw=3 (->19°C) mode_nibble=3
[13:40:57][D][fujitsu.heatpump:129]:   B6=0xEB  (mapping TBD)
[13:40:57][I][fujitsu.heatpump:152]: State: pwr=OFF mode=3 temp=19°C room=nan°C fan=3
[13:40:57][D][fujitsu.climate:175]: State updated - Mode: 0, Target: 19.0°C, Current: nan°C
[13:40:57][D][fujitsu.heatpump:071]: CTRL  frame: CD FF FF 5F FF C6 EB 4B
[13:40:57][I][fujitsu.heatpump:179]: CTRL decoded: pwr=OFF fan=3 (CTRL0=0xCD)
[13:40:57][D][fujitsu.climate:175]: State updated - Mode: 0, Target: 19.0°C, Current: nan°C
[13:40:57][W][component:239]: Component fujitsu_climate.climate took a long time for an operation (66 ms).
[13:40:57][W][component:240]: Components should block for at most 30 ms.
[13:40:57][D][fujitsu.heatpump:067]: UNIT  frame: FE DF DF 7F FF C6 EB 6B
[13:40:57][D][fujitsu.heatpump:105]: RAW [0xDF->0xDF]: FE DF DF 7F FF C6 EB 6B
[13:40:57][D][fujitsu.heatpump:124]:   B3=0x7F B4=0xFF (fixed overhead)
[13:40:57][D][fujitsu.heatpump:128]:   B5=0xC6  temp_raw=3 (->19°C) mode_nibble=3
[13:40:57][D][fujitsu.heatpump:129]:   B6=0xEB  (mapping TBD)
[13:40:57][I][fujitsu.heatpump:152]: State: pwr=OFF mode=3 temp=19°C room=nan°C fan=3
[13:40:57][D][fujitsu.climate:175]: State updated - Mode: 0, Target: 19.0°C, Current: nan°C
[13:40:57][D][fujitsu.heatpump:071]: CTRL  frame: CD FF FF 5F FF C6 EB 4B
[13:40:57][I][fujitsu.heatpump:179]: CTRL decoded: pwr=OFF fan=3 (CTRL0=0xCD)
[13:40:57][D][fujitsu.climate:175]: State updated - Mode: 0, Target: 19.0°C, Current: nan°C
[13:40:57][W][component:239]: Component fujitsu_climate.climate took a long time for an operation (80 ms).
[13:40:57][W][component:240]: Components should block for at most 30 ms.
[13:40:57][D][climate:396]: 'Fujitsu Heat Pump' - Sending state:
[13:40:57][D][climate:399]:   Mode: OFF
[13:40:57][D][climate:401]:   Action: OFF
[13:40:57][D][climate:404]:   Fan Mode: MEDIUM
[13:40:57][D][climate:419]:   Current Temperature: nan°C
[13:40:57][D][climate:425]:   Target Temperature: 19.00°C
[13:40:57][V][json:020]: Attempting to allocate 512 bytes for JSON serialization
[13:40:57][V][json:040]: Size after shrink 208 bytes
[13:40:57][V][json:020]: Attempting to allocate 512 bytes for JSON serialization
[13:40:57][V][json:040]: Size after shrink 208 bytes
[13:40:57][V][json:020]: Attempting to allocate 512 bytes for JSON serialization
[13:40:57][V][json:040]: Size after shrink 208 bytes
[13:40:57][W][component:239]: Component fujitsu_climate.climate took a long time for an operation (95 ms).
[13:40:57][W][component:240]: Components should block for at most 30 ms.
[13:40:57][D][fujitsu.heatpump:067]: UNIT  frame: FE DF DF 7F FF C6 EB 6B
[13:40:57][D][fujitsu.heatpump:105]: RAW [0xDF->0xDF]: FE DF DF 7F FF C6 EB 6B
[13:40:57][D][fujitsu.heatpump:124]:   B3=0x7F B4=0xFF (fixed overhead)
[13:40:57][D][fujitsu.heatpump:128]:   B5=0xC6  temp_raw=3 (->19°C) mode_nibble=3
[13:40:57][D][fujitsu.heatpump:129]:   B6=0xEB  (mapping TBD)
[13:40:57][I][fujitsu.heatpump:152]: State: pwr=OFF mode=3 temp=19°C room=nan°C fan=3
[13:40:57][D][fujitsu.climate:175]: State updated - Mode: 0, Target: 19.0°C, Current: nan°C
[13:40:57][D][fujitsu.heatpump:071]: CTRL  frame: CD FF FF 5F FF C6 EB 4B
[13:40:57][I][fujitsu.heatpump:179]: CTRL decoded: pwr=OFF fan=3 (CTRL0=0xCD)
[13:40:57][D][fujitsu.climate:175]: State updated - Mode: 0, Target: 19.0°C, Current: nan°C
[13:40:57][W][component:239]: Component fujitsu_climate.climate took a long time for an operation (85 ms).
[13:40:57][W][component:240]: Components should block for at most 30 ms.
[13:40:57][D][fujitsu.heatpump:067]: UNIT  frame: FE DF DF 7F FF C6 EB 6B
[13:40:57][D][fujitsu.heatpump:105]: RAW [0xDF->0xDF]: FE DF DF 7F FF C6 EB 6B
[13:40:57][D][fujitsu.heatpump:124]:   B3=0x7F B4=0xFF (fixed overhead)
[13:40:57][D][fujitsu.heatpump:128]:   B5=0xC6  temp_raw=3 (->19°C) mode_nibble=3
[13:40:57][D][fujitsu.heatpump:129]:   B6=0xEB  (mapping TBD)
[13:40:57][I][fujitsu.heatpump:152]: State: pwr=OFF mode=3 temp=19°C room=nan°C fan=3
[13:40:57][D][fujitsu.climate:175]: State updated - Mode: 0, Target: 19.0°C, Current: nan°C
[13:40:57][D][fujitsu.heatpump:071]: CTRL  frame: CD FF FF 5F FF C6 EB 4B
[13:40:57][I][fujitsu.heatpump:179]: CTRL decoded: pwr=OFF fan=3 (CTRL0=0xCD)
[13:40:57][D][fujitsu.climate:175]: State updated - Mode: 0, Target: 19.0°C, Current: nan°C
[13:40:57][W][component:239]: Component fujitsu_climate.climate took a long time for an operation (87 ms).
[13:40:57][W][component:240]: Components should block for at most 30 ms.
[13:40:57][D][status_led:050]: 'Status LED': Setting state ON
[13:40:57][D][climate:396]: 'Fujitsu Heat Pump' - Sending state:
[13:40:57][D][climate:399]:   Mode: OFF
[13:40:57][D][climate:401]:   Action: OFF
[13:40:57][D][climate:404]:   Fan Mode: MEDIUM
[13:40:57][D][climate:419]:   Current Temperature: nan°C
[13:40:57][D][climate:425]:   Target Temperature: 19.00°C
[13:40:57][V][json:020]: Attempting to allocate 512 bytes for JSON serialization
[13:40:57][V][json:040]: Size after shrink 208 bytes
[13:40:57][V][json:020]: Attempting to allocate 512 bytes for JSON serialization
[13:40:57][V][json:040]: Size after shrink 208 bytes
[13:40:57][V][json:020]: Attempting to allocate 512 bytes for JSON serialization
[13:40:57][V][json:040]: Size after shrink 208 bytes
[13:40:57][W][component:239]: Component fujitsu_climate.climate took a long time for an operation (116 ms).
[13:40:57][W][component:240]: Components should block for at most 30 ms.
[13:40:57][D][fujitsu.heatpump:067]: UNIT  frame: FE DF DF 7F FF C6 EB 6B
[13:40:57][D][fujitsu.heatpump:105]: RAW [0xDF->0xDF]: FE DF DF 7F FF C6 EB 6B
[13:40:57][D][fujitsu.heatpump:124]:   B3=0x7F B4=0xFF (fixed overhead)
[13:40:57][D][fujitsu.heatpump:128]:   B5=0xC6  temp_raw=3 (->19°C) mode_nibble=3
[13:40:57][D][fujitsu.heatpump:129]:   B6=0xEB  (mapping TBD)
[13:40:57][I][fujitsu.heatpump:152]: State: pwr=OFF mode=3 temp=19°C room=nan°C fan=3
[13:40:57][D][fujitsu.climate:175]: State updated - Mode: 0, Target: 19.0°C, Current: nan°C
[13:40:57][D][fujitsu.heatpump:071]: CTRL  frame: CD FF FF 5F FF C6 EB 4B
[13:40:57][I][fujitsu.heatpump:179]: CTRL decoded: pwr=OFF fan=3 (CTRL0=0xCD)
[13:40:57][D][fujitsu.climate:175]: State updated - Mode: 0, Target: 19.0°C, Current: nan°C
[13:40:57][W][component:239]: Component fujitsu_climate.climate took a long time for an operation (65 ms).
[13:40:57][W][component:240]: Components should block for at most 30 ms.
[13:40:57][D][status_led:050]: 'Status LED': Setting state OFF
[13:40:57][D][climate:396]: 'Fujitsu Heat Pump' - Sending state:
[13:40:57][D][climate:399]:   Mode: OFF
[13:40:57][D][climate:401]:   Action: OFF
[13:40:57][D][climate:404]:   Fan Mode: MEDIUM
[13:40:57][D][climate:419]:   Current Temperature: nan°C
[13:40:57][D][climate:425]:   Target Temperature: 19.00°C
[13:40:57][V][json:020]: Attempting to allocate 512 bytes for JSON serialization
[13:40:57][V][json:040]: Size after shrink 208 bytes
[13:40:57][V][json:020]: Attempting to allocate 512 bytes for JSON serialization
[13:40:57][V][json:040]: Size after shrink 208 bytes
[13:40:57][V][json:020]: Attempting to allocate 512 bytes for JSON serialization
[13:40:57][V][json:040]: Size after shrink 208 bytes
[13:40:57][W][component:239]: Component fujitsu_climate.climate took a long time for an operation (115 ms).
[13:40:57][W][component:240]: Components should block for at most 30 ms.
[13:40:57][D][fujitsu.heatpump:067]: UNIT  frame: FE DF DF 7F FF C6 EB 6B
[13:40:57][D][fujitsu.heatpump:105]: RAW [0xDF->0xDF]: FE DF DF 7F FF C6 EB 6B
[13:40:57][D][fujitsu.heatpump:124]:   B3=0x7F B4=0xFF (fixed overhead)
[13:40:57][D][fujitsu.heatpump:128]:   B5=0xC6  temp_raw=3 (->19°C) mode_nibble=3
[13:40:57][D][fujitsu.heatpump:129]:   B6=0xEB  (mapping TBD)
[13:40:57][I][fujitsu.heatpump:152]: State: pwr=OFF mode=3 temp=19°C room=nan°C fan=3
[13:40:57][D][fujitsu.climate:175]: State updated - Mode: 0, Target: 19.0°C, Current: nan°C
[13:40:57][D][fujitsu.heatpump:071]: CTRL  frame: CD FF FF 5F FF C6 EB 4B
[13:40:57][I][fujitsu.heatpump:179]: CTRL decoded: pwr=OFF fan=3 (CTRL0=0xCD)
[13:40:57][D][fujitsu.climate:175]: State updated - Mode: 0, Target: 19.0°C, Current: nan°C
[13:40:57][D][fujitsu.heatpump:067]: UNIT  frame: FE DF DF 7F FF C6 EB 6B
[13:40:57][D][fujitsu.heatpump:105]: RAW [0xDF->0xDF]: FE DF DF 7F FF C6 EB 6B
[13:40:57][D][fujitsu.heatpump:124]:   B3=0x7F B4=0xFF (fixed overhead)
[13:40:57][D][fujitsu.heatpump:128]:   B5=0xC6  temp_raw=3 (->19°C) mode_nibble=3
[13:40:57][D][fujitsu.heatpump:129]:   B6=0xEB  (mapping TBD)
[13:40:57][I][fujitsu.heatpump:152]: State: pwr=OFF mode=3 temp=19°C room=nan°C fan=3
[13:40:57][D][fujitsu.climate:175]: State updated - Mode: 0, Target: 19.0°C, Current: nan°C
[13:40:57][D][fujitsu.heatpump:071]: CTRL  frame: CD FF FF 5F FF C6 EB 4B
[13:40:57][I][fujitsu.heatpump:179]: CTRL decoded: pwr=OFF fan=3 (CTRL0=0xCD)
[13:40:57][D][fujitsu.climate:175]: State updated - Mode: 0, Target: 19.0°C, Current: nan°C
[13:40:57][D][fujitsu.heatpump:067]: UNIT  frame: FE DF DF 7F FF C6 EB 6B
[13:40:57][D][fujitsu.heatpump:105]: RAW [0xDF->0xDF]: FE DF DF 7F FF C6 EB 6B
[13:40:57][D][fujitsu.heatpump:124]:   B3=0x7F B4=0xFF (fixed overhead)
[13:40:57][D][fujitsu.heatpump:128]:   B5=0xC6  temp_raw=3 (->19°C) mode_nibble=3
[13:40:57][D][fujitsu.heatpump:129]:   B6=0xEB  (mapping TBD)
[13:40:57][I][fujitsu.heatpump:152]: State: pwr=OFF mode=3 temp=19°C room=nan°C fan=3
[13:40:57][D][fujitsu.climate:175]: State updated - Mode: 0, Target: 19.0°C, Current: nan°C
[13:40:57][D][fujitsu.heatpump:071]: CTRL  frame: CD FF FF 5F FF C6 EB 4B
[13:40:57][I][fujitsu.heatpump:179]: CTRL decoded: pwr=OFF fan=3 (CTRL0=0xCD)
[13:40:57][D][fujitsu.climate:175]: State updated - Mode: 0, Target: 19.0°C, Current: nan°C
[13:40:57][D][fujitsu.heatpump:067]: UNIT  frame: FE DF DF 7F FF C6 EB 6B
[13:40:57][D][fujitsu.heatpump:105]: RAW [0xDF->0xDF]: FE DF DF 7F FF C6 EB 6B
[13:40:57][D][fujitsu.heatpump:124]:   B3=0x7F B4=0xFF (fixed overhead)
[13:40:57][D][fujitsu.heatpump:128]:   B5=0xC6  temp_raw=3 (->19°C) mode_nibble=3
[13:40:57][D][fujitsu.heatpump:129]:   B6=0xEB  (mapping TBD)
[13:40:57][I][fujitsu.heatpump:152]: State: pwr=OFF mode=3 temp=19°C room=nan°C fan=3
[13:40:57][D][fujitsu.climate:175]: State updated - Mode: 0, Target: 19.0°C, Current: nan°C
[13:40:57][D][fujitsu.heatpump:071]: CTRL  frame: CD FF FF 5F FF C6 EB 4B
[13:40:57][I][fujitsu.heatpump:179]: CTRL decoded: pwr=OFF fan=3 (CTRL0=0xCD)
[13:40:57][D][fujitsu.climate:175]: State updated - Mode: 0, Target: 19.0°C, Current: nan°C
[13:40:57][W][component:239]: Component fujitsu_climate.climate took a long time for an operation (320 ms).
[13:40:57][W][component:240]: Components should block for at most 30 ms.
[13:40:57][D][climate:396]: 'Fujitsu Heat Pump' - Sending state:
[13:40:57][D][climate:399]:   Mode: OFF
[13:40:57][D][climate:401]:   Action: OFF
[13:40:57][D][climate:404]:   Fan Mode: MEDIUM
[13:40:57][D][climate:419]:   Current Temperature: nan°C
[13:40:57][D][climate:425]:   Target Temperature: 19.00°C
[13:40:57][V][json:020]: Attempting to allocate 512 bytes for JSON serialization
[13:40:57][V][json:040]: Size after shrink 208 bytes
[13:40:57][V][json:020]: Attempting to allocate 512 bytes for JSON serialization
[13:40:57][V][json:040]: Size after shrink 208 bytes
[13:40:57][V][json:020]: Attempting to allocate 512 bytes for JSON serialization
[13:40:57][V][json:040]: Size after shrink 208 bytes
[13:40:57][W][component:239]: Component fujitsu_climate.climate took a long time for an operation (87 ms).
[13:40:57][W][component:240]: Components should block for at most 30 ms.
[13:40:57][D][status_led:050]: 'Status LED': Setting state ON
[13:40:57][D][status_led:050]: 'Status LED': Setting state OFF
[13:40:57][D][fujitsu.heatpump:067]: UNIT  frame: FE DF DF 7F FF C6 EB 6B
[13:40:57][D][fujitsu.heatpump:105]: RAW [0xDF->0xDF]: FE DF DF 7F FF C6 EB 6B
[13:40:57][D][fujitsu.heatpump:124]:   B3=0x7F B4=0xFF (fixed overhead)
[13:40:57][D][fujitsu.heatpump:128]:   B5=0xC6  temp_raw=3 (->19°C) mode_nibble=3
[13:40:57][D][fujitsu.heatpump:129]:   B6=0xEB  (mapping TBD)
[13:40:57][I][fujitsu.heatpump:152]: State: pwr=OFF mode=3 temp=19°C room=nan°C fan=3
[13:40:57][D][fujitsu.climate:175]: State updated - Mode: 0, Target: 19.0°C, Current: nan°C
[13:40:57][D][fujitsu.heatpump:071]: CTRL  frame: CD FF FF 5F FF C6 EB 4B
[13:40:57][I][fujitsu.heatpump:179]: CTRL decoded: pwr=OFF fan=3 (CTRL0=0xCD)
[13:40:57][D][fujitsu.climate:175]: State updated - Mode: 0, Target: 19.0°C, Current: nan°C
[13:40:57][D][fujitsu.heatpump:067]: UNIT  frame: FE DF DF 7F FF C6 EB 6B
[13:40:57][D][fujitsu.heatpump:105]: RAW [0xDF->0xDF]: FE DF DF 7F FF C6 EB 6B
[13:40:57][D][fujitsu.heatpump:124]:   B3=0x7F B4=0xFF (fixed overhead)
[13:40:57][D][fujitsu.heatpump:128]:   B5=0xC6  temp_raw=3 (->19°C) mode_nibble=3
[13:40:57][D][fujitsu.heatpump:129]:   B6=0xEB  (mapping TBD)
[13:40:57][I][fujitsu.heatpump:152]: State: pwr=OFF mode=3 temp=19°C room=nan°C fan=3
[13:40:57][D][fujitsu.climate:175]: State updated - Mode: 0, Target: 19.0°C, Current: nan°C
[13:40:57][D][fujitsu.heatpump:071]: CTRL  frame: CD FF FF 5F FF C6 EB 4B
[13:40:57][I][fujitsu.heatpump:179]: CTRL decoded: pwr=OFF fan=3 (CTRL0=0xCD)
[13:40:57][D][fujitsu.climate:175]: State updated - Mode: 0, Target: 19.0°C, Current: nan°C
[13:40:57][D][fujitsu.heatpump:067]: UNIT  frame: FE DF DF 7F FF C6 EB 6B
[13:40:57][D][fujitsu.heatpump:105]: RAW [0xDF->0xDF]: FE DF DF 7F FF C6 EB 6B
[13:40:57][D][fujitsu.heatpump:124]:   B3=0x7F B4=0xFF (fixed overhead)
[13:40:57][D][fujitsu.heatpump:128]:   B5=0xC6  temp_raw=3 (->19°C) mode_nibble=3
[13:40:57][D][fujitsu.heatpump:129]:   B6=0xEB  (mapping TBD)
[13:40:57][I][fujitsu.heatpump:152]: State: pwr=OFF mode=3 temp=19°C room=nan°C fan=3
[13:40:57][D][fujitsu.climate:175]: State updated - Mode: 0, Target: 19.0°C, Current: nan°C
[13:40:57][D][fujitsu.heatpump:071]: CTRL  frame: CD FF FF 5F FF C6 EB 4B
[13:40:57][I][fujitsu.heatpump:179]: CTRL decoded: pwr=OFF fan=3 (CTRL0=0xCD)
[13:40:57][D][fujitsu.climate:175]: State updated - Mode: 0, Target: 19.0°C, Current: nan°C
[13:40:57][W][component:239]: Component fujitsu_climate.climate took a long time for an operation (229 ms).
[13:40:57][W][component:240]: Components should block for at most 30 ms.
[13:40:57][D][climate:396]: 'Fujitsu Heat Pump' - Sending state:
[13:40:57][D][climate:399]:   Mode: OFF
[13:40:57][D][climate:401]:   Action: OFF
[13:40:57][D][climate:404]:   Fan Mode: MEDIUM
[13:40:57][D][climate:419]:   Current Temperature: nan°C
[13:40:57][D][climate:425]:   Target Temperature: 19.00°C
[13:40:57][V][json:020]: Attempting to allocate 512 bytes for JSON serialization
[13:40:57][V][json:040]: Size after shrink 208 bytes
[13:40:57][V][json:020]: Attempting to allocate 512 bytes for JSON serialization
[13:40:57][V][json:040]: Size after shrink 208 bytes
[13:40:57][V][json:020]: Attempting to allocate 512 bytes for JSON serialization
[13:40:57][V][json:040]: Size after shrink 208 bytes
[13:40:57][W][component:239]: Component fujitsu_climate.climate took a long time for an operation (71 ms).
[13:40:57][W][component:240]: Components should block for at most 30 ms.
[13:40:57][D][fujitsu.heatpump:067]: UNIT  frame: FE DF DF 7F FF C6 EB 6B
[13:40:57][D][fujitsu.heatpump:105]: RAW [0xDF->0xDF]: FE DF DF 7F FF C6 EB 6B
[13:40:57][D][fujitsu.heatpump:124]:   B3=0x7F B4=0xFF (fixed overhead)
[13:40:57][D][fujitsu.heatpump:128]:   B5=0xC6  temp_raw=3 (->19°C) mode_nibble=3
[13:40:57][D][fujitsu.heatpump:129]:   B6=0xEB  (mapping TBD)
[13:40:57][I][fujitsu.heatpump:152]: State: pwr=OFF mode=3 temp=19°C room=nan°C fan=3
[13:40:57][D][fujitsu.climate:175]: State updated - Mode: 0, Target: 19.0°C, Current: nan°C
[13:40:57][D][fujitsu.heatpump:071]: CTRL  frame: CD FF FF 5F FF C6 EB 4B
[13:40:57][I][fujitsu.heatpump:179]: CTRL decoded: pwr=OFF fan=3 (CTRL0=0xCD)
[13:40:57][D][fujitsu.climate:175]: State updated - Mode: 0, Target: 19.0°C, Current: nan°C
[13:40:57][W][component:239]: Component fujitsu_climate.climate took a long time for an operation (66 ms).
[13:40:57][W][component:240]: Components should block for at most 30 ms.
[13:40:57][D][fujitsu.heatpump:067]: UNIT  frame: FE DF DF 7F FF C6 EB 6B
[13:40:57][D][fujitsu.heatpump:105]: RAW [0xDF->0xDF]: FE DF DF 7F FF C6 EB 6B
[13:40:57][D][fujitsu.heatpump:124]:   B3=0x7F B4=0xFF (fixed overhead)
[13:40:57][D][fujitsu.heatpump:128]:   B5=0xC6  temp_raw=3 (->19°C) mode_nibble=3
[13:40:57][D][fujitsu.heatpump:129]:   B6=0xEB  (mapping TBD)
[13:40:57][I][fujitsu.heatpump:152]: State: pwr=OFF mode=3 temp=19°C room=nan°C fan=3
[13:40:57][D][fujitsu.climate:175]: State updated - Mode: 0, Target: 19.0°C, Current: nan°C
[13:40:57][D][fujitsu.heatpump:071]: CTRL  frame: CD FF FF 5F FF C6 EB 4B
[13:40:57][I][fujitsu.heatpump:179]: CTRL decoded: pwr=OFF fan=3 (CTRL0=0xCD)
[13:40:57][D][fujitsu.climate:175]: State updated - Mode: 0, Target: 19.0°C, Current: nan°C
[13:40:57][W][component:239]: Component fujitsu_climate.climate took a long time for an operation (74 ms).
[13:40:57][W][component:240]: Components should block for at most 30 ms.
[13:40:57][D][status_led:050]: 'Status LED': Setting state ON
[13:40:57][D][climate:396]: 'Fujitsu Heat Pump' - Sending state:
[13:40:57][D][climate:399]:   Mode: OFF
[13:40:57][D][climate:401]:   Action: OFF
[13:40:57][D][climate:404]:   Fan Mode: MEDIUM
[13:40:57][D][climate:419]:   Current Temperature: nan°C
[13:40:57][D][climate:425]:   Target Temperature: 19.00°C
[13:40:57][V][json:020]: Attempting to allocate 512 bytes for JSON serialization
[13:40:57][V][json:040]: Size after shrink 208 bytes
[13:40:57][V][json:020]: Attempting to allocate 512 bytes for JSON serialization
[13:40:57][V][json:040]: Size after shrink 208 bytes
[13:40:57][V][json:020]: Attempting to allocate 512 bytes for JSON serialization
[13:40:57][V][json:040]: Size after shrink 208 bytes
[13:40:57][W][component:239]: Component fujitsu_climate.climate took a long time for an operation (107 ms).
[13:40:57][W][component:240]: Components should block for at most 30 ms.
[13:40:57][D][fujitsu.heatpump:067]: UNIT  frame: FE DF DF 7F FF C6 EB 6B
[13:40:57][D][fujitsu.heatpump:105]: RAW [0xDF->0xDF]: FE DF DF 7F FF C6 EB 6B
[13:40:57][D][fujitsu.heatpump:124]:   B3=0x7F B4=0xFF (fixed overhead)
[13:40:57][D][fujitsu.heatpump:128]:   B5=0xC6  temp_raw=3 (->19°C) mode_nibble=3
[13:40:57][D][fujitsu.heatpump:129]:   B6=0xEB  (mapping TBD)
[13:40:57][I][fujitsu.heatpump:152]: State: pwr=OFF mode=3 temp=19°C room=nan°C fan=3
[13:40:57][D][fujitsu.climate:175]: State updated - Mode: 0, Target: 19.0°C, Current: nan°C
[13:40:57][D][fujitsu.heatpump:071]: CTRL  frame: CD FF FF 5F FF C6 EB 4B
[13:40:57][I][fujitsu.heatpump:179]: CTRL decoded: pwr=OFF fan=3 (CTRL0=0xCD)
[13:40:57][D][fujitsu.climate:175]: State updated - Mode: 0, Target: 19.0°C, Current: nan°C
[13:40:57][W][component:239]: Component fujitsu_climate.climate took a long time for an operation (80 ms).
[13:40:57][W][component:240]: Components should block for at most 30 ms.
[13:40:57][D][status_led:050]: 'Status LED': Setting state OFF
[13:40:57][D][fujitsu.heatpump:067]: UNIT  frame: FE DF DF 7F FF C6 EB 6B
[13:40:57][D][fujitsu.heatpump:105]: RAW [0xDF->0xDF]: FE DF DF 7F FF C6 EB 6B
[13:40:57][D][fujitsu.heatpump:124]:   B3=0x7F B4=0xFF (fixed overhead)
[13:40:57][D][fujitsu.heatpump:128]:   B5=0xC6  temp_raw=3 (->19°C) mode_nibble=3
[13:40:57][D][fujitsu.heatpump:129]:   B6=0xEB  (mapping TBD)
[13:40:57][I][fujitsu.heatpump:152]: State: pwr=OFF mode=3 temp=19°C room=nan°C fan=3
[13:40:57][D][fujitsu.climate:175]: State updated - Mode: 0, Target: 19.0°C, Current: nan°C
[13:40:57][D][fujitsu.heatpump:071]: CTRL  frame: CD FF FF 5F FF C6 EB 4B
[13:40:57][I][fujitsu.heatpump:179]: CTRL decoded: pwr=OFF fan=3 (CTRL0=0xCD)
[13:40:57][D][fujitsu.climate:175]: State updated - Mode: 0, Target: 19.0°C, Current: nan°C
[13:40:57][W][component:239]: Component fujitsu_climate.climate took a long time for an operation (79 ms).
[13:40:57][W][component:240]: Components should block for at most 30 ms.
[13:40:57][D][fujitsu.heatpump:067]: UNIT  frame: FE DF DF 7F FF C6 EB 6B
[13:40:57][D][fujitsu.heatpump:105]: RAW [0xDF->0xDF]: FE DF DF 7F FF C6 EB 6B
[13:40:57][D][fujitsu.heatpump:124]:   B3=0x7F B4=0xFF (fixed overhead)
[13:40:57][D][fujitsu.heatpump:128]:   B5=0xC6  temp_raw=3 (->19°C) mode_nibble=3
[13:40:57][D][fujitsu.heatpump:129]:   B6=0xEB  (mapping TBD)
[13:40:57][I][fujitsu.heatpump:152]: State: pwr=OFF mode=3 temp=19°C room=nan°C fan=3
[13:40:57][D][fujitsu.climate:175]: State updated - Mode: 0, Target: 19.0°C, Current: nan°C
[13:40:57][D][fujitsu.heatpump:071]: CTRL  frame: CD FF FF 5F FF C6 EB 4B
[13:40:57][I][fujitsu.heatpump:179]: CTRL decoded: pwr=OFF fan=3 (CTRL0=0xCD)
[13:40:57][D][fujitsu.climate:175]: State updated - Mode: 0, Target: 19.0°C, Current: nan°C
[13:40:57][W][component:239]: Component fujitsu_climate.climate took a long time for an operation (80 ms).
[13:40:57][W][component:240]: Components should block for at most 30 ms.
[13:40:57][D][climate:396]: 'Fujitsu Heat Pump' - Sending state:
[13:40:57][D][climate:399]:   Mode: OFF
[13:40:57][D][climate:401]:   Action: OFF
[13:40:57][D][climate:404]:   Fan Mode: MEDIUM
[13:40:57][D][climate:419]:   Current Temperature: nan°C
[13:40:57][D][climate:425]:   Target Temperature: 19.00°C
[13:40:57][V][json:020]: Attempting to allocate 512 bytes for JSON serialization
[13:40:57][V][json:040]: Size after shrink 208 bytes
[13:40:57][V][json:020]: Attempting to allocate 512 bytes for JSON serialization
[13:40:57][V][json:040]: Size after shrink 208 bytes
[13:40:57][V][json:020]: Attempting to allocate 512 bytes for JSON serialization
[13:40:57][V][json:040]: Size after shrink 208 bytes
[13:40:57][W][component:239]: Component fujitsu_climate.climate took a long time for an operation (80 ms).
[13:40:57][W][component:240]: Components should block for at most 30 ms.
[13:40:57][D][fujitsu.heatpump:067]: UNIT  frame: FE DF DF 7F FF C6 EB 6B
[13:40:57][D][fujitsu.heatpump:105]: RAW [0xDF->0xDF]: FE DF DF 7F FF C6 EB 6B
[13:40:57][D][fujitsu.heatpump:124]:   B3=0x7F B4=0xFF (fixed overhead)
[13:40:57][D][fujitsu.heatpump:128]:   B5=0xC6  temp_raw=3 (->19°C) mode_nibble=3
[13:40:57][D][fujitsu.heatpump:129]:   B6=0xEB  (mapping TBD)
[13:40:57][I][fujitsu.heatpump:152]: State: pwr=OFF mode=3 temp=19°C room=nan°C fan=3
[13:40:57][D][fujitsu.climate:175]: State updated - Mode: 0, Target: 19.0°C, Current: nan°C
[13:40:57][D][fujitsu.heatpump:071]: CTRL  frame: CD FF FF 5F FF C6 EB 4B
[13:40:57][I][fujitsu.heatpump:179]: CTRL decoded: pwr=OFF fan=3 (CTRL0=0xCD)
[13:40:57][D][fujitsu.climate:175]: State updated - Mode: 0, Target: 19.0°C, Current: nan°C
[13:40:57][W][component:239]: Component fujitsu_climate.climate took a long time for an operation (78 ms).
[13:40:57][W][component:240]: Components should block for at most 30 ms.
[13:40:57][D][fujitsu.heatpump:067]: UNIT  frame: FE DF DF 7F FF C6 EB 6B
[13:40:57][D][fujitsu.heatpump:105]: RAW [0xDF->0xDF]: FE DF DF 7F FF C6 EB 6B
[13:40:57][D][fujitsu.heatpump:124]:   B3=0x7F B4=0xFF (fixed overhead)
[13:40:57][D][fujitsu.heatpump:128]:   B5=0xC6  temp_raw=3 (->19°C) mode_nibble=3
[13:40:57][D][fujitsu.heatpump:129]:   B6=0xEB  (mapping TBD)
[13:40:57][I][fujitsu.heatpump:152]: State: pwr=OFF mode=3 temp=19°C room=nan°C fan=3
[13:40:57][D][fujitsu.climate:175]: State updated - Mode: 0, Target: 19.0°C, Current: nan°C
[13:40:57][D][fujitsu.heatpump:071]: CTRL  frame: CD FF FF 5F FF C6 EB 4B
[13:40:57][I][fujitsu.heatpump:179]: CTRL decoded: pwr=OFF fan=3 (CTRL0=0xCD)
[13:40:57][D][fujitsu.climate:175]: State updated - Mode: 0, Target: 19.0°C, Current: nan°C
[13:40:57][W][component:239]: Component fujitsu_climate.climate took a long time for an operation (69 ms).
[13:40:57][W][component:240]: Components should block for at most 30 ms.
[13:40:57][D][status_led:050]: 'Status LED': Setting state ON
[13:40:57][D][climate:396]: 'Fujitsu Heat Pump' - Sending state:
[13:40:57][D][climate:399]:   Mode: OFF
[13:40:57][D][climate:401]:   Action: OFF
[13:40:57][D][climate:404]:   Fan Mode: MEDIUM
[13:40:57][D][climate:419]:   Current Temperature: nan°C
[13:40:57][D][climate:425]:   Target Temperature: 19.00°C
[13:40:57][V][json:020]: Attempting to allocate 512 bytes for JSON serialization
[13:40:57][V][json:040]: Size after shrink 208 bytes
[13:40:57][V][json:020]: Attempting to allocate 512 bytes for JSON serialization
[13:40:57][V][json:040]: Size after shrink 208 bytes
[13:40:57][V][json:020]: Attempting to allocate 512 bytes for JSON serialization
[13:40:57][V][json:040]: Size after shrink 208 bytes
[13:40:57][W][component:239]: Component fujitsu_climate.climate took a long time for an operation (72 ms).
[13:40:57][W][component:240]: Components should block for at most 30 ms.
[13:40:57][D][fujitsu.heatpump:067]: UNIT  frame: FE DF DF 7F FF C6 EB 6B
[13:40:57][D][fujitsu.heatpump:105]: RAW [0xDF->0xDF]: FE DF DF 7F FF C6 EB 6B
[13:40:57][D][fujitsu.heatpump:124]:   B3=0x7F B4=0xFF (fixed overhead)
[13:40:57][D][fujitsu.heatpump:128]:   B5=0xC6  temp_raw=3 (->19°C) mode_nibble=3
[13:40:57][D][fujitsu.heatpump:129]:   B6=0xEB  (mapping TBD)
[13:40:57][I][fujitsu.heatpump:152]: State: pwr=OFF mode=3 temp=19°C room=nan°C fan=3
[13:40:57][D][fujitsu.climate:175]: State updated - Mode: 0, Target: 19.0°C, Current: nan°C
[13:40:57][D][fujitsu.heatpump:071]: CTRL  frame: CD FF FF 5F FF C6 EB 4B
[13:40:57][I][fujitsu.heatpump:179]: CTRL decoded: pwr=OFF fan=3 (CTRL0=0xCD)
[13:40:57][D][fujitsu.climate:175]: State updated - Mode: 0, Target: 19.0°C, Current: nan°C
[13:40:57][W][component:239]: Component fujitsu_climate.climate took a long time for an operation (75 ms).
[13:40:57][W][component:240]: Components should block for at most 30 ms.
[13:40:57][D][status_led:050]: 'Status LED': Setting state OFF
[13:40:57][D][fujitsu.heatpump:067]: UNIT  frame: FE DF DF 7F FF C6 EB 6B
[13:40:57][D][fujitsu.heatpump:105]: RAW [0xDF->0xDF]: FE DF DF 7F FF C6 EB 6B
[13:40:57][D][fujitsu.heatpump:124]:   B3=0x7F B4=0xFF (fixed overhead)
[13:40:57][D][fujitsu.heatpump:128]:   B5=0xC6  temp_raw=3 (->19°C) mode_nibble=3
[13:40:57][D][fujitsu.heatpump:129]:   B6=0xEB  (mapping TBD)
[13:40:57][I][fujitsu.heatpump:152]: State: pwr=OFF mode=3 temp=19°C room=nan°C fan=3
[13:40:57][D][fujitsu.climate:175]: State updated - Mode: 0, Target: 19.0°C, Current: nan°C
[13:40:57][D][fujitsu.heatpump:071]: CTRL  frame: CD FF FF 5F FF C6 EB 4B
[13:40:57][I][fujitsu.heatpump:179]: CTRL decoded: pwr=OFF fan=3 (CTRL0=0xCD)
[13:40:57][D][fujitsu.climate:175]: State updated - Mode: 0, Target: 19.0°C, Current: nan°C
[13:40:57][W][component:239]: Component fujitsu_climate.climate took a long time for an operation (80 ms).
[13:40:57][W][component:240]: Components should block for at most 30 ms.
[13:40:57][D][fujitsu.heatpump:067]: UNIT  frame: FE DF DF 7F FF C6 EB 6B
[13:40:57][D][fujitsu.heatpump:105]: RAW [0xDF->0xDF]: FE DF DF 7F FF C6 EB 6B
[13:40:57][D][fujitsu.heatpump:124]:   B3=0x7F B4=0xFF (fixed overhead)
[13:40:57][D][fujitsu.heatpump:128]:   B5=0xC6  temp_raw=3 (->19°C) mode_nibble=3
[13:40:57][D][fujitsu.heatpump:129]:   B6=0xEB  (mapping TBD)
[13:40:57][I][fujitsu.heatpump:152]: State: pwr=OFF mode=3 temp=19°C room=nan°C fan=3
[13:40:57][D][fujitsu.climate:175]: State updated - Mode: 0, Target: 19.0°C, Current: nan°C
[13:40:57][D][fujitsu.heatpump:071]: CTRL  frame: CD FF FF 5F FF C6 EB 4B
[13:40:57][I][fujitsu.heatpump:179]: CTRL decoded: pwr=OFF fan=3 (CTRL0=0xCD)
[13:40:57][D][fujitsu.climate:175]: State updated - Mode: 0, Target: 19.0°C, Current: nan°C
[13:40:57][W][component:239]: Component fujitsu_climate.climate took a long time for an operation (91 ms).
[13:40:57][W][component:240]: Components should block for at most 30 ms.
[13:40:57][D][climate:396]: 'Fujitsu Heat Pump' - Sending state:
[13:40:57][D][climate:399]:   Mode: OFF
[13:40:57][D][climate:401]:   Action: OFF
[13:40:57][D][climate:404]:   Fan Mode: MEDIUM
[13:40:57][D][climate:419]:   Current Temperature: nan°C
[13:40:57][D][climate:425]:   Target Temperature: 19.00°C
[13:40:57][V][json:020]: Attempting to allocate 512 bytes for JSON serialization
[13:40:57][V][json:040]: Size after shrink 208 bytes
[13:40:57][V][json:020]: Attempting to allocate 512 bytes for JSON serialization
[13:40:57][V][json:040]: Size after shrink 208 bytes
[13:40:57][V][json:020]: Attempting to allocate 512 bytes for JSON serialization
[13:40:57][V][json:040]: Size after shrink 208 bytes
[13:40:57][W][component:239]: Component fujitsu_climate.climate took a long time for an operation (116 ms).
[13:40:57][W][component:240]: Components should block for at most 30 ms.
[13:40:57][D][fujitsu.heatpump:067]: UNIT  frame: FE DF DF 7F FF C6 EB 6B
[13:40:57][D][fujitsu.heatpump:105]: RAW [0xDF->0xDF]: FE DF DF 7F FF C6 EB 6B
[13:40:57][D][fujitsu.heatpump:124]:   B3=0x7F B4=0xFF (fixed overhead)
[13:40:57][D][fujitsu.heatpump:128]:   B5=0xC6  temp_raw=3 (->19°C) mode_nibble=3
[13:40:57][D][fujitsu.heatpump:129]:   B6=0xEB  (mapping TBD)
[13:40:57][I][fujitsu.heatpump:152]: State: pwr=OFF mode=3 temp=19°C room=nan°C fan=3
[13:40:57][D][fujitsu.climate:175]: State updated - Mode: 0, Target: 19.0°C, Current: nan°C
[13:40:57][D][fujitsu.heatpump:071]: CTRL  frame: CD FF FF 5F FF C6 EB 4B
[13:40:57][I][fujitsu.heatpump:179]: CTRL decoded: pwr=OFF fan=3 (CTRL0=0xCD)
[13:40:57][D][fujitsu.climate:175]: State updated - Mode: 0, Target: 19.0°C, Current: nan°C
[13:40:57][W][component:239]: Component fujitsu_climate.climate took a long time for an operation (99 ms).
[13:40:57][W][component:240]: Components should block for at most 30 ms.
[13:40:57][D][fujitsu.heatpump:067]: UNIT  frame: FE DF DF 7F FF C6 EB 6B
[13:40:57][D][fujitsu.heatpump:105]: RAW [0xDF->0xDF]: FE DF DF 7F FF C6 EB 6B
[13:40:57][D][fujitsu.heatpump:124]:   B3=0x7F B4=0xFF (fixed overhead)
[13:40:57][D][fujitsu.heatpump:128]:   B5=0xC6  temp_raw=3 (->19°C) mode_nibble=3
[13:40:57][D][fujitsu.heatpump:129]:   B6=0xEB  (mapping TBD)
[13:40:57][I][fujitsu.heatpump:152]: State: pwr=OFF mode=3 temp=19°C room=nan°C fan=3
[13:40:57][D][fujitsu.climate:175]: State updated - Mode: 0, Target: 19.0°C, Current: nan°C
[13:40:57][D][fujitsu.heatpump:071]: CTRL  frame: CD FF FF 5F FF C6 EB 4B
[13:40:57][I][fujitsu.heatpump:179]: CTRL decoded: pwr=OFF fan=3 (CTRL0=0xCD)
[13:40:57][D][fujitsu.climate:175]: State updated - Mode: 0, Target: 19.0°C, Current: nan°C
[13:40:57][W][component:239]: Component fujitsu_climate.climate took a long time for an operation (81 ms).
[13:40:57][W][component:240]: Components should block for at most 30 ms.
[13:40:57][D][status_led:050]: 'Status LED': Setting state ON
[13:40:57][D][climate:396]: 'Fujitsu Heat Pump' - Sending state:
[13:40:57][D][climate:399]:   Mode: OFF
[13:40:57][D][climate:401]:   Action: OFF
[13:40:57][D][climate:404]:   Fan Mode: MEDIUM
[13:40:57][D][climate:419]:   Current Temperature: nan°C
[13:40:57][D][climate:425]:   Target Temperature: 19.00°C
[13:40:57][V][json:020]: Attempting to allocate 512 bytes for JSON serialization
[13:40:57][V][json:040]: Size after shrink 208 bytes
[13:40:57][V][json:020]: Attempting to allocate 512 bytes for JSON serialization
[13:40:57][V][json:040]: Size after shrink 208 bytes
[13:40:57][V][json:020]: Attempting to allocate 512 bytes for JSON serialization
[13:40:57][V][json:040]: Size after shrink 208 bytes
[13:40:57][W][component:239]: Component fujitsu_climate.climate took a long time for an operation (80 ms).
[13:40:57][W][component:240]: Components should block for at most 30 ms.
[13:40:57][D][fujitsu.heatpump:067]: UNIT  frame: FE DF DF 7F FF C6 EB 6B
[13:40:57][D][fujitsu.heatpump:105]: RAW [0xDF->0xDF]: FE DF DF 7F FF C6 EB 6B
[13:40:57][D][fujitsu.heatpump:124]:   B3=0x7F B4=0xFF (fixed overhead)
[13:40:57][D][fujitsu.heatpump:128]:   B5=0xC6  temp_raw=3 (->19°C) mode_nibble=3
[13:40:57][D][fujitsu.heatpump:129]:   B6=0xEB  (mapping TBD)
[13:40:57][I][fujitsu.heatpump:152]: State: pwr=OFF mode=3 temp=19°C room=nan°C fan=3
[13:40:57][D][fujitsu.climate:175]: State updated - Mode: 0, Target: 19.0°C, Current: nan°C
[13:40:57][D][fujitsu.heatpump:071]: CTRL  frame: CD FF FF 5F FF C6 EB 4B
[13:40:57][I][fujitsu.heatpump:179]: CTRL decoded: pwr=OFF fan=3 (CTRL0=0xCD)
[13:40:57][D][fujitsu.climate:175]: State updated - Mode: 0, Target: 19.0°C, Current: nan°C
[13:41:03][D][status_led:050]: 'Status LED': Setting state OFF
[13:41:03][D][fujitsu.heatpump:067]: UNIT  frame: FE DF DF 7F FF C6 EB 6B
[13:41:03][D][fujitsu.heatpump:105]: RAW [0xDF->0xDF]: FE DF DF 7F FF C6 EB 6B
[13:41:03][D][fujitsu.heatpump:124]:   B3=0x7F B4=0xFF (fixed overhead)
[13:41:03][D][fujitsu.heatpump:128]:   B5=0xC6  temp_raw=3 (->19°C) mode_nibble=3
[13:41:03][D][fujitsu.heatpump:129]:   B6=0xEB  (mapping TBD)
[13:41:03][I][fujitsu.heatpump:152]: State: pwr=OFF mode=3 temp=19°C room=nan°C fan=3
[13:41:03][D][fujitsu.climate:175]: State updated - Mode: 0, Target: 19.0°C, Current: nan°C
[13:41:03][D][fujitsu.heatpump:071]: CTRL  frame: CD FF FF 5F FF C6 EB 4B
[13:41:03][I][fujitsu.heatpump:179]: CTRL decoded: pwr=OFF fan=3 (CTRL0=0xCD)
[13:41:03][D][fujitsu.climate:175]: State updated - Mode: 0, Target: 19.0°C, Current: nan°C
[13:41:03][W][component:239]: Component fujitsu_climate.climate took a long time for an operation (82 ms).
[13:41:03][W][component:240]: Components should block for at most 30 ms.
[13:41:03][D][fujitsu.heatpump:067]: UNIT  frame: FE DF DF 7F FF C6 EB 6B
[13:41:03][D][fujitsu.heatpump:105]: RAW [0xDF->0xDF]: FE DF DF 7F FF C6 EB 6B
[13:41:03][D][fujitsu.heatpump:124]:   B3=0x7F B4=0xFF (fixed overhead)
[13:41:03][D][fujitsu.heatpump:128]:   B5=0xC6  temp_raw=3 (->19°C) mode_nibble=3
[13:41:03][D][fujitsu.heatpump:129]:   B6=0xEB  (mapping TBD)
[13:41:03][I][fujitsu.heatpump:152]: State: pwr=OFF mode=3 temp=19°C room=nan°C fan=3
[13:41:03][D][fujitsu.climate:175]: State updated - Mode: 0, Target: 19.0°C, Current: nan°C
[13:41:03][D][fujitsu.heatpump:071]: CTRL  frame: CD FF FF 5F FF C6 EB 4B
[13:41:03][I][fujitsu.heatpump:179]: CTRL decoded: pwr=OFF fan=3 (CTRL0=0xCD)
[13:41:03][D][fujitsu.climate:175]: State updated - Mode: 0, Target: 19.0°C, Current: nan°C
[13:41:03][W][component:239]: Component fujitsu_climate.climate took a long time for an operation (83 ms).
[13:41:03][W][component:240]: Components should block for at most 30 ms.
[13:41:03][D][climate:396]: 'Fujitsu Heat Pump' - Sending state:
[13:41:03][D][climate:399]:   Mode: OFF
[13:41:03][D][climate:401]:   Action: OFF
[13:41:03][D][climate:404]:   Fan Mode: MEDIUM
[13:41:03][D][climate:419]:   Current Temperature: nan°C
[13:41:03][D][climate:425]:   Target Temperature: 19.00°C
[13:41:03][V][json:020]: Attempting to allocate 512 bytes for JSON serialization
[13:41:03][V][json:040]: Size after shrink 208 bytes
[13:41:03][V][json:020]: Attempting to allocate 512 bytes for JSON serialization
[13:41:03][V][json:040]: Size after shrink 208 bytes
[13:41:03][V][json:020]: Attempting to allocate 512 bytes for JSON serialization
[13:41:03][V][json:040]: Size after shrink 208 bytes
[13:41:03][W][component:239]: Component fujitsu_climate.climate took a long time for an operation (73 ms).
[13:41:03][W][component:240]: Components should block for at most 30 ms.
[13:41:03][D][fujitsu.heatpump:067]: UNIT  frame: FE DF DF 7F FF C6 EB 6B
[13:41:03][D][fujitsu.heatpump:105]: RAW [0xDF->0xDF]: FE DF DF 7F FF C6 EB 6B
[13:41:03][D][fujitsu.heatpump:124]:   B3=0x7F B4=0xFF (fixed overhead)
[13:41:03][D][fujitsu.heatpump:128]:   B5=0xC6  temp_raw=3 (->19°C) mode_nibble=3
[13:41:03][D][fujitsu.heatpump:129]:   B6=0xEB  (mapping TBD)
[13:41:03][I][fujitsu.heatpump:152]: State: pwr=OFF mode=3 temp=19°C room=nan°C fan=3
[13:41:03][D][fujitsu.climate:175]: State updated - Mode: 0, Target: 19.0°C, Current: nan°C
[13:41:03][D][fujitsu.heatpump:071]: CTRL  frame: CD FF FF 5F FF C6 EB 4B
[13:41:03][I][fujitsu.heatpump:179]: CTRL decoded: pwr=OFF fan=3 (CTRL0=0xCD)
[13:41:03][D][fujitsu.climate:175]: State updated - Mode: 0, Target: 19.0°C, Current: nan°C
[13:41:03][W][component:239]: Component fujitsu_climate.climate took a long time for an operation (88 ms).
[13:41:03][W][component:240]: Components should block for at most 30 ms.
[13:41:03][D][fujitsu.heatpump:067]: UNIT  frame: FE DF DF 7F FF C6 EB 6B
[13:41:03][D][fujitsu.heatpump:105]: RAW [0xDF->0xDF]: FE DF DF 7F FF C6 EB 6B
[13:41:03][D][fujitsu.heatpump:124]:   B3=0x7F B4=0xFF (fixed overhead)
[13:41:03][D][fujitsu.heatpump:128]:   B5=0xC6  temp_raw=3 (->19°C) mode_nibble=3
[13:41:03][D][fujitsu.heatpump:129]:   B6=0xEB  (mapping TBD)
[13:41:03][I][fujitsu.heatpump:152]: State: pwr=OFF mode=3 temp=19°C room=nan°C fan=3
[13:41:03][D][fujitsu.climate:175]: State updated - Mode: 0, Target: 19.0°C, Current: nan°C
[13:41:03][D][fujitsu.heatpump:071]: CTRL  frame: CD FF FF 5F FF C6 EB 4B
[13:41:03][I][fujitsu.heatpump:179]: CTRL decoded: pwr=OFF fan=3 (CTRL0=0xCD)
[13:41:03][D][fujitsu.climate:175]: State updated - Mode: 0, Target: 19.0°C, Current: nan°C
[13:41:03][W][component:239]: Component fujitsu_climate.climate took a long time for an operation (84 ms).
[13:41:03][W][component:240]: Components should block for at most 30 ms.
[13:41:03][D][status_led:050]: 'Status LED': Setting state ON
[13:41:03][D][climate:396]: 'Fujitsu Heat Pump' - Sending state:
[13:41:03][D][climate:399]:   Mode: OFF
[13:41:03][D][climate:401]:   Action: OFF
[13:41:03][D][climate:404]:   Fan Mode: MEDIUM
[13:41:03][D][climate:419]:   Current Temperature: nan°C
[13:41:03][D][climate:425]:   Target Temperature: 19.00°C
[13:41:03][V][json:020]: Attempting to allocate 512 bytes for JSON serialization
[13:41:03][V][json:040]: Size after shrink 208 bytes
[13:41:03][V][json:020]: Attempting to allocate 512 bytes for JSON serialization
[13:41:03][V][json:040]: Size after shrink 208 bytes
[13:41:03][V][json:020]: Attempting to allocate 512 bytes for JSON serialization
[13:41:03][V][json:040]: Size after shrink 208 bytes
[13:41:03][W][component:239]: Component fujitsu_climate.climate took a long time for an operation (97 ms).
[13:41:03][W][component:240]: Components should block for at most 30 ms.
[13:41:03][D][status_led:050]: 'Status LED': Setting state OFF
[13:41:03][D][fujitsu.heatpump:067]: UNIT  frame: FE DF DF 7F FF C6 EB 6B
[13:41:03][D][fujitsu.heatpump:105]: RAW [0xDF->0xDF]: FE DF DF 7F FF C6 EB 6B
[13:41:03][D][fujitsu.heatpump:124]:   B3=0x7F B4=0xFF (fixed overhead)
[13:41:03][D][fujitsu.heatpump:128]:   B5=0xC6  temp_raw=3 (->19°C) mode_nibble=3
[13:41:03][D][fujitsu.heatpump:129]:   B6=0xEB  (mapping TBD)
[13:41:03][I][fujitsu.heatpump:152]: State: pwr=OFF mode=3 temp=19°C room=nan°C fan=3
[13:41:03][D][fujitsu.climate:175]: State updated - Mode: 0, Target: 19.0°C, Current: nan°C
[13:41:03][D][fujitsu.heatpump:071]: CTRL  frame: CD FF FF 5F FF C6 EB 4B
[13:41:03][I][fujitsu.heatpump:179]: CTRL decoded: pwr=OFF fan=3 (CTRL0=0xCD)
[13:41:03][D][fujitsu.climate:175]: State updated - Mode: 0, Target: 19.0°C, Current: nan°C
[13:41:03][D][fujitsu.heatpump:067]: UNIT  frame: FE DF DF 7F FF C6 EB 6B
[13:41:03][D][fujitsu.heatpump:105]: RAW [0xDF->0xDF]: FE DF DF 7F FF C6 EB 6B
[13:41:03][D][fujitsu.heatpump:124]:   B3=0x7F B4=0xFF (fixed overhead)
[13:41:03][D][fujitsu.heatpump:128]:   B5=0xC6  temp_raw=3 (->19°C) mode_nibble=3
[13:41:03][D][fujitsu.heatpump:129]:   B6=0xEB  (mapping TBD)
[13:41:03][I][fujitsu.heatpump:152]: State: pwr=OFF mode=3 temp=19°C room=nan°C fan=3
[13:41:03][D][fujitsu.climate:175]: State updated - Mode: 0, Target: 19.0°C, Current: nan°C
[13:41:03][D][fujitsu.heatpump:071]: CTRL  frame: CD FF FF 5F FF C6 EB 4B
[13:41:03][I][fujitsu.heatpump:179]: CTRL decoded: pwr=OFF fan=3 (CTRL0=0xCD)
[13:41:03][D][fujitsu.climate:175]: State updated - Mode: 0, Target: 19.0°C, Current: nan°C
[13:41:03][W][component:239]: Component fujitsu_climate.climate took a long time for an operation (172 ms).
[13:41:03][W][component:240]: Components should block for at most 30 ms.
[13:41:03][D][climate:396]: 'Fujitsu Heat Pump' - Sending state:
[13:41:03][D][climate:399]:   Mode: OFF
[13:41:03][D][climate:401]:   Action: OFF
[13:41:03][D][climate:404]:   Fan Mode: MEDIUM
[13:41:03][D][climate:419]:   Current Temperature: nan°C
[13:41:03][D][climate:425]:   Target Temperature: 19.00°C
[13:41:03][V][json:020]: Attempting to allocate 512 bytes for JSON serialization
[13:41:03][V][json:040]: Size after shrink 208 bytes
[13:41:03][V][json:020]: Attempting to allocate 512 bytes for JSON serialization
[13:41:03][V][json:040]: Size after shrink 208 bytes
[13:41:03][V][json:020]: Attempting to allocate 512 bytes for JSON serialization
[13:41:03][V][json:040]: Size after shrink 208 bytes
[13:41:03][W][component:239]: Component fujitsu_climate.climate took a long time for an operation (86 ms).
[13:41:03][W][component:240]: Components should block for at most 30 ms.
[13:41:03][D][fujitsu.heatpump:067]: UNIT  frame: FE DF DF 7F FF C6 EB 6B
[13:41:03][D][fujitsu.heatpump:105]: RAW [0xDF->0xDF]: FE DF DF 7F FF C6 EB 6B
[13:41:03][D][fujitsu.heatpump:124]:   B3=0x7F B4=0xFF (fixed overhead)
[13:41:03][D][fujitsu.heatpump:128]:   B5=0xC6  temp_raw=3 (->19°C) mode_nibble=3
[13:41:03][D][fujitsu.heatpump:129]:   B6=0xEB  (mapping TBD)
[13:41:03][I][fujitsu.heatpump:152]: State: pwr=OFF mode=3 temp=19°C room=nan°C fan=3
[13:41:03][D][fujitsu.climate:175]: State updated - Mode: 0, Target: 19.0°C, Current: nan°C
[13:41:03][D][fujitsu.heatpump:071]: CTRL  frame: CD FF FF 5F FF C6 EB 4B
[13:41:03][I][fujitsu.heatpump:179]: CTRL decoded: pwr=OFF fan=3 (CTRL0=0xCD)
[13:41:03][D][fujitsu.climate:175]: State updated - Mode: 0, Target: 19.0°C, Current: nan°C
[13:41:03][D][fujitsu.heatpump:067]: UNIT  frame: FE DF DF 7F FF C6 EB 6B
[13:41:03][D][fujitsu.heatpump:105]: RAW [0xDF->0xDF]: FE DF DF 7F FF C6 EB 6B
[13:41:03][D][fujitsu.heatpump:124]:   B3=0x7F B4=0xFF (fixed overhead)
[13:41:03][D][fujitsu.heatpump:128]:   B5=0xC6  temp_raw=3 (->19°C) mode_nibble=3
[13:41:03][D][fujitsu.heatpump:129]:   B6=0xEB  (mapping TBD)
[13:41:03][I][fujitsu.heatpump:152]: State: pwr=OFF mode=3 temp=19°C room=nan°C fan=3
[13:41:03][D][fujitsu.climate:175]: State updated - Mode: 0, Target: 19.0°C, Current: nan°C
[13:41:03][D][fujitsu.heatpump:071]: CTRL  frame: CD FF FF 5F FF C6 EB 4B
[13:41:03][I][fujitsu.heatpump:179]: CTRL decoded: pwr=OFF fan=3 (CTRL0=0xCD)
[13:41:03][D][fujitsu.climate:175]: State updated - Mode: 0, Target: 19.0°C, Current: nan°C
[13:41:03][W][component:239]: Component fujitsu_climate.climate took a long time for an operation (156 ms).
[13:41:03][W][component:240]: Components should block for at most 30 ms.
[13:41:03][D][fujitsu.heatpump:067]: UNIT  frame: FE DF DF 7F FF C6 EB 6B
[13:41:03][D][fujitsu.heatpump:105]: RAW [0xDF->0xDF]: FE DF DF 7F FF C6 EB 6B
[13:41:03][D][fujitsu.heatpump:124]:   B3=0x7F B4=0xFF (fixed overhead)
[13:41:03][D][fujitsu.heatpump:128]:   B5=0xC6  temp_raw=3 (->19°C) mode_nibble=3
[13:41:03][D][fujitsu.heatpump:129]:   B6=0xEB  (mapping TBD)
[13:41:03][I][fujitsu.heatpump:152]: State: pwr=OFF mode=3 temp=19°C room=nan°C fan=3
[13:41:03][D][fujitsu.climate:175]: State updated - Mode: 0, Target: 19.0°C, Current: nan°C
[13:41:03][D][fujitsu.heatpump:071]: CTRL  frame: CD FF FF 5F FF C6 EB 4B
[13:41:03][I][fujitsu.heatpump:179]: CTRL decoded: pwr=OFF fan=3 (CTRL0=0xCD)
[13:41:03][D][fujitsu.climate:175]: State updated - Mode: 0, Target: 19.0°C, Current: nan°C
[13:41:03][W][component:239]: Component fujitsu_climate.climate took a long time for an operation (89 ms).
[13:41:03][W][component:240]: Components should block for at most 30 ms.
[13:41:03][D][status_led:050]: 'Status LED': Setting state ON
[13:41:03][D][climate:396]: 'Fujitsu Heat Pump' - Sending state:
[13:41:03][D][climate:399]:   Mode: OFF
[13:41:03][D][climate:401]:   Action: OFF
[13:41:03][D][climate:404]:   Fan Mode: MEDIUM
[13:41:03][D][climate:419]:   Current Temperature: nan°C
[13:41:03][D][climate:425]:   Target Temperature: 19.00°C
[13:41:03][V][json:020]: Attempting to allocate 512 bytes for JSON serialization
[13:41:03][V][json:040]: Size after shrink 208 bytes
[13:41:03][V][json:020]: Attempting to allocate 512 bytes for JSON serialization
[13:41:03][V][json:040]: Size after shrink 208 bytes
[13:41:03][V][json:020]: Attempting to allocate 512 bytes for JSON serialization
[13:41:03][V][json:040]: Size after shrink 208 bytes
[13:41:03][W][component:239]: Component fujitsu_climate.climate took a long time for an operation (69 ms).
[13:41:03][W][component:240]: Components should block for at most 30 ms.
[13:41:03][D][fujitsu.heatpump:067]: UNIT  frame: FE DF DF 7F FF C6 EB 6B
[13:41:03][D][fujitsu.heatpump:105]: RAW [0xDF->0xDF]: FE DF DF 7F FF C6 EB 6B
[13:41:03][D][fujitsu.heatpump:124]:   B3=0x7F B4=0xFF (fixed overhead)
[13:41:03][D][fujitsu.heatpump:128]:   B5=0xC6  temp_raw=3 (->19°C) mode_nibble=3
[13:41:03][D][fujitsu.heatpump:129]:   B6=0xEB  (mapping TBD)
[13:41:03][I][fujitsu.heatpump:152]: State: pwr=OFF mode=3 temp=19°C room=nan°C fan=3
[13:41:03][D][fujitsu.climate:175]: State updated - Mode: 0, Target: 19.0°C, Current: nan°C
[13:41:03][D][fujitsu.heatpump:071]: CTRL  frame: CD FF FF 5F FF C6 EB 4B
[13:41:03][I][fujitsu.heatpump:179]: CTRL decoded: pwr=OFF fan=3 (CTRL0=0xCD)
[13:41:03][D][fujitsu.climate:175]: State updated - Mode: 0, Target: 19.0°C, Current: nan°C
[13:41:03][W][component:239]: Component fujitsu_climate.climate took a long time for an operation (83 ms).
[13:41:03][W][component:240]: Components should block for at most 30 ms.
[13:41:03][D][status_led:050]: 'Status LED': Setting state OFF
[13:41:03][D][fujitsu.heatpump:067]: UNIT  frame: FE DF DF 7F FF C6 EB 6B
[13:41:03][D][fujitsu.heatpump:105]: RAW [0xDF->0xDF]: FE DF DF 7F FF C6 EB 6B
[13:41:03][D][fujitsu.heatpump:124]:   B3=0x7F B4=0xFF (fixed overhead)
[13:41:03][D][fujitsu.heatpump:128]:   B5=0xC6  temp_raw=3 (->19°C) mode_nibble=3
[13:41:03][D][fujitsu.heatpump:129]:   B6=0xEB  (mapping TBD)
[13:41:03][I][fujitsu.heatpump:152]: State: pwr=OFF mode=3 temp=19°C room=nan°C fan=3
[13:41:03][D][fujitsu.climate:175]: State updated - Mode: 0, Target: 19.0°C, Current: nan°C
[13:41:03][D][fujitsu.heatpump:071]: CTRL  frame: CD FF FF 5F FF C6 EB 4B
[13:41:03][I][fujitsu.heatpump:179]: CTRL decoded: pwr=OFF fan=3 (CTRL0=0xCD)
[13:41:03][D][fujitsu.climate:175]: State updated - Mode: 0, Target: 19.0°C, Current: nan°C
[13:41:03][W][component:239]: Component fujitsu_climate.climate took a long time for an operation (76 ms).
[13:41:03][W][component:240]: Components should block for at most 30 ms.
[13:41:03][D][climate:396]: 'Fujitsu Heat Pump' - Sending state:
[13:41:03][D][climate:399]:   Mode: OFF
[13:41:03][D][climate:401]:   Action: OFF
[13:41:03][D][climate:404]:   Fan Mode: MEDIUM
[13:41:03][D][climate:419]:   Current Temperature: nan°C
[13:41:03][D][climate:425]:   Target Temperature: 19.00°C
[13:41:03][V][json:020]: Attempting to allocate 512 bytes for JSON serialization
[13:41:03][V][json:040]: Size after shrink 208 bytes
[13:41:03][V][json:020]: Attempting to allocate 512 bytes for JSON serialization
[13:41:03][V][json:040]: Size after shrink 208 bytes
[13:41:03][V][json:020]: Attempting to allocate 512 bytes for JSON serialization
[13:41:03][V][json:040]: Size after shrink 208 bytes
[13:41:03][W][component:239]: Component fujitsu_climate.climate took a long time for an operation (66 ms).
[13:41:03][W][component:240]: Components should block for at most 30 ms.
[13:41:03][D][fujitsu.heatpump:067]: UNIT  frame: FE DF DF 7F FF C6 EB 6B
[13:41:03][D][fujitsu.heatpump:105]: RAW [0xDF->0xDF]: FE DF DF 7F FF C6 EB 6B
[13:41:03][D][fujitsu.heatpump:124]:   B3=0x7F B4=0xFF (fixed overhead)
[13:41:03][D][fujitsu.heatpump:128]:   B5=0xC6  temp_raw=3 (->19°C) mode_nibble=3
[13:41:03][D][fujitsu.heatpump:129]:   B6=0xEB  (mapping TBD)
[13:41:03][I][fujitsu.heatpump:152]: State: pwr=OFF mode=3 temp=19°C room=nan°C fan=3
[13:41:03][D][fujitsu.climate:175]: State updated - Mode: 0, Target: 19.0°C, Current: nan°C
[13:41:03][D][fujitsu.heatpump:071]: CTRL  frame: CD FF FF 5F FF C6 EB 4B
[13:41:03][I][fujitsu.heatpump:179]: CTRL decoded: pwr=OFF fan=3 (CTRL0=0xCD)
[13:41:03][D][fujitsu.climate:175]: State updated - Mode: 0, Target: 19.0°C, Current: nan°C
[13:41:03][W][component:239]: Component fujitsu_climate.climate took a long time for an operation (78 ms).
[13:41:03][W][component:240]: Components should block for at most 30 ms.
[13:41:03][D][status_led:050]: 'Status LED': Setting state ON
[13:41:03][D][fujitsu.heatpump:067]: UNIT  frame: FE DF DF 7F FF C6 EB 6B
[13:41:03][D][fujitsu.heatpump:105]: RAW [0xDF->0xDF]: FE DF DF 7F FF C6 EB 6B
[13:41:03][D][fujitsu.heatpump:124]:   B3=0x7F B4=0xFF (fixed overhead)
[13:41:03][D][fujitsu.heatpump:128]:   B5=0xC6  temp_raw=3 (->19°C) mode_nibble=3
[13:41:03][D][fujitsu.heatpump:129]:   B6=0xEB  (mapping TBD)
[13:41:03][I][fujitsu.heatpump:152]: State: pwr=OFF mode=3 temp=19°C room=nan°C fan=3
[13:41:03][D][fujitsu.climate:175]: State updated - Mode: 0, Target: 19.0°C, Current: nan°C
[13:41:03][D][fujitsu.heatpump:071]: CTRL  frame: CD FF FF 5F FF C6 EB 4B
[13:41:03][I][fujitsu.heatpump:179]: CTRL decoded: pwr=OFF fan=3 (CTRL0=0xCD)
[13:41:03][D][fujitsu.climate:175]: State updated - Mode: 0, Target: 19.0°C, Current: nan°C
[13:41:03][D][fujitsu.heatpump:067]: UNIT  frame: FE DF DF 7F FF C6 EB 6B
[13:41:03][D][fujitsu.heatpump:105]: RAW [0xDF->0xDF]: FE DF DF 7F FF C6 EB 6B
[13:41:03][D][fujitsu.heatpump:124]:   B3=0x7F B4=0xFF (fixed overhead)
[13:41:03][D][fujitsu.heatpump:128]:   B5=0xC6  temp_raw=3 (->19°C) mode_nibble=3
[13:41:03][D][fujitsu.heatpump:129]:   B6=0xEB  (mapping TBD)
[13:41:03][I][fujitsu.heatpump:152]: State: pwr=OFF mode=3 temp=19°C room=nan°C fan=3
[13:41:03][D][fujitsu.climate:175]: State updated - Mode: 0, Target: 19.0°C, Current: nan°C
[13:41:03][D][fujitsu.heatpump:071]: CTRL  frame: CD FF FF 5F FF C6 EB 4B
[13:41:03][I][fujitsu.heatpump:179]: CTRL decoded: pwr=OFF fan=3 (CTRL0=0xCD)
[13:41:03][D][fujitsu.climate:175]: State updated - Mode: 0, Target: 19.0°C, Current: nan°C
[13:41:03][W][component:239]: Component fujitsu_climate.climate took a long time for an operation (149 ms).
[13:41:03][W][component:240]: Components should block for at most 30 ms.
[13:41:03][D][climate:396]: 'Fujitsu Heat Pump' - Sending state:
[13:41:03][D][climate:399]:   Mode: OFF
[13:41:03][D][climate:401]:   Action: OFF
[13:41:03][D][climate:404]:   Fan Mode: MEDIUM
[13:41:03][D][climate:419]:   Current Temperature: nan°C
[13:41:03][D][climate:425]:   Target Temperature: 19.00°C
[13:41:03][V][json:020]: Attempting to allocate 512 bytes for JSON serialization
[13:41:03][V][json:040]: Size after shrink 208 bytes
[13:41:03][V][json:020]: Attempting to allocate 512 bytes for JSON serialization
[13:41:03][V][json:040]: Size after shrink 208 bytes
[13:41:03][V][json:020]: Attempting to allocate 512 bytes for JSON serialization
[13:41:03][V][json:040]: Size after shrink 208 bytes
[13:41:03][W][component:239]: Component fujitsu_climate.climate took a long time for an operation (71 ms).
[13:41:03][W][component:240]: Components should block for at most 30 ms.
[13:41:05][D][fujitsu.heatpump:067]: UNIT  frame: FE DF DF 7F FF C6 EB 6B
[13:41:05][D][fujitsu.heatpump:105]: RAW [0xDF->0xDF]: FE DF DF 7F FF C6 EB 6B
[13:41:05][D][fujitsu.heatpump:124]:   B3=0x7F B4=0xFF (fixed overhead)
[13:41:05][D][fujitsu.heatpump:128]:   B5=0xC6  temp_raw=3 (->19°C) mode_nibble=3
[13:41:05][D][fujitsu.heatpump:129]:   B6=0xEB  (mapping TBD)
[13:41:05][I][fujitsu.heatpump:152]: State: pwr=OFF mode=3 temp=19°C room=nan°C fan=3
[13:41:05][D][fujitsu.climate:175]: State updated - Mode: 0, Target: 19.0°C, Current: nan°C
[13:41:05][D][fujitsu.heatpump:071]: CTRL  frame: CD FF FF 5F FF C6 EB 4B
[13:41:05][I][fujitsu.heatpump:179]: CTRL decoded: pwr=OFF fan=3 (CTRL0=0xCD)
[13:41:05][D][fujitsu.climate:175]: State updated - Mode: 0, Target: 19.0°C, Current: nan°C
[13:41:05][W][component:239]: Component fujitsu_climate.climate took a long time for an operation (74 ms).
[13:41:05][W][component:240]: Components should block for at most 30 ms.
[13:41:05][D][status_led:050]: 'Status LED': Setting state OFF
[13:41:05][D][fujitsu.heatpump:067]: UNIT  frame: FE DF DF 7F FF C6 EB 6B
[13:41:05][D][fujitsu.heatpump:105]: RAW [0xDF->0xDF]: FE DF DF 7F FF C6 EB 6B
[13:41:05][D][fujitsu.heatpump:124]:   B3=0x7F B4=0xFF (fixed overhead)
[13:41:05][D][fujitsu.heatpump:128]:   B5=0xC6  temp_raw=3 (->19°C) mode_nibble=3
[13:41:05][D][fujitsu.heatpump:129]:   B6=0xEB  (mapping TBD)
[13:41:05][I][fujitsu.heatpump:152]: State: pwr=OFF mode=3 temp=19°C room=nan°C fan=3
[13:41:05][D][fujitsu.climate:175]: State updated - Mode: 0, Target: 19.0°C, Current: nan°C
[13:41:05][D][fujitsu.heatpump:071]: CTRL  frame: CD FF FF 5F FF C6 EB 4B
[13:41:05][I][fujitsu.heatpump:179]: CTRL decoded: pwr=OFF fan=3 (CTRL0=0xCD)
[13:41:05][D][fujitsu.climate:175]: State updated - Mode: 0, Target: 19.0°C, Current: nan°C
[13:41:05][W][component:239]: Component fujitsu_climate.climate took a long time for an operation (92 ms).
[13:41:05][W][component:240]: Components should block for at most 30 ms.
[13:41:05][V][sensor:043]: 'WiFi Signal': Received new state -66.000000
[13:41:05][D][sensor:094]: 'WiFi Signal': Sending state -66.00000 dBm with 0 decimals of accuracy
[13:41:05][V][json:020]: Attempting to allocate 512 bytes for JSON serialization
[13:41:05][V][json:040]: Size after shrink 76 bytes
[13:41:05][V][json:020]: Attempting to allocate 512 bytes for JSON serialization
[13:41:05][V][json:040]: Size after shrink 76 bytes
[13:41:05][V][json:020]: Attempting to allocate 512 bytes for JSON serialization
[13:41:05][V][json:040]: Size after shrink 76 bytes
[13:41:05][D][climate:396]: 'Fujitsu Heat Pump' - Sending state:
[13:41:05][D][climate:399]:   Mode: OFF
[13:41:05][D][climate:401]:   Action: OFF
[13:41:05][D][climate:404]:   Fan Mode: MEDIUM
[13:41:05][D][climate:419]:   Current Temperature: nan°C
[13:41:05][D][climate:425]:   Target Temperature: 19.00°C
[13:41:05][V][json:020]: Attempting to allocate 512 bytes for JSON serialization
[13:41:05][V][json:040]: Size after shrink 208 bytes
[13:41:05][V][json:020]: Attempting to allocate 512 bytes for JSON serialization
[13:41:05][V][json:040]: Size after shrink 208 bytes
[13:41:05][V][json:020]: Attempting to allocate 512 bytes for JSON serialization
[13:41:05][V][json:040]: Size after shrink 208 bytes
[13:41:05][W][component:239]: Component fujitsu_climate.climate took a long time for an operation (110 ms).
[13:41:05][W][component:240]: Components should block for at most 30 ms.
[13:41:05][D][fujitsu.heatpump:067]: UNIT  frame: FE DF DF 7F FF C6 EB 6B
[13:41:05][D][fujitsu.heatpump:105]: RAW [0xDF->0xDF]: FE DF DF 7F FF C6 EB 6B
[13:41:05][D][fujitsu.heatpump:124]:   B3=0x7F B4=0xFF (fixed overhead)
[13:41:05][D][fujitsu.heatpump:128]:   B5=0xC6  temp_raw=3 (->19°C) mode_nibble=3
[13:41:05][D][fujitsu.heatpump:129]:   B6=0xEB  (mapping TBD)
[13:41:05][I][fujitsu.heatpump:152]: State: pwr=OFF mode=3 temp=19°C room=nan°C fan=3
[13:41:05][D][fujitsu.climate:175]: State updated - Mode: 0, Target: 19.0°C, Current: nan°C
[13:41:05][D][fujitsu.heatpump:071]: CTRL  frame: CD FF FF 5F FF C6 EB 4B
[13:41:05][I][fujitsu.heatpump:179]: CTRL decoded: pwr=OFF fan=3 (CTRL0=0xCD)
[13:41:05][D][fujitsu.climate:175]: State updated - Mode: 0, Target: 19.0°C, Current: nan°C
[13:41:05][W][component:239]: Component fujitsu_climate.climate took a long time for an operation (82 ms).
[13:41:05][W][component:240]: Components should block for at most 30 ms.
[13:41:05][D][fujitsu.heatpump:067]: UNIT  frame: FE DF DF 7F FF C6 EB 6B
[13:41:05][D][fujitsu.heatpump:105]: RAW [0xDF->0xDF]: FE DF DF 7F FF C6 EB 6B
[13:41:05][D][fujitsu.heatpump:124]:   B3=0x7F B4=0xFF (fixed overhead)
[13:41:05][D][fujitsu.heatpump:128]:   B5=0xC6  temp_raw=3 (->19°C) mode_nibble=3
[13:41:05][D][fujitsu.heatpump:129]:   B6=0xEB  (mapping TBD)
[13:41:05][I][fujitsu.heatpump:152]: State: pwr=OFF mode=3 temp=19°C room=nan°C fan=3
[13:41:05][D][fujitsu.climate:175]: State updated - Mode: 0, Target: 19.0°C, Current: nan°C
[13:41:05][D][fujitsu.heatpump:071]: CTRL  frame: CD FF FF 5F FF C6 EB 4B
[13:41:05][I][fujitsu.heatpump:179]: CTRL decoded: pwr=OFF fan=3 (CTRL0=0xCD)
[13:41:05][D][fujitsu.climate:175]: State updated - Mode: 0, Target: 19.0°C, Current: nan°C
[13:41:05][W][component:239]: Component fujitsu_climate.climate took a long time for an operation (78 ms).
[13:41:05][W][component:240]: Components should block for at most 30 ms.
[13:41:05][D][status_led:050]: 'Status LED': Setting state ON
[13:41:05][D][fujitsu.heatpump:067]: UNIT  frame: FE DF DF 7F FF C6 EB 6B
[13:41:05][D][fujitsu.heatpump:105]: RAW [0xDF->0xDF]: FE DF DF 7F FF C6 EB 6B
[13:41:05][D][fujitsu.heatpump:124]:   B3=0x7F B4=0xFF (fixed overhead)
[13:41:05][D][fujitsu.heatpump:128]:   B5=0xC6  temp_raw=3 (->19°C) mode_nibble=3
[13:41:05][D][fujitsu.heatpump:129]:   B6=0xEB  (mapping TBD)
[13:41:05][I][fujitsu.heatpump:152]: State: pwr=OFF mode=3 temp=19°C room=nan°C fan=3
[13:41:05][D][fujitsu.climate:175]: State updated - Mode: 0, Target: 19.0°C, Current: nan°C
[13:41:05][D][fujitsu.heatpump:071]: CTRL  frame: CD FF FF 5F FF C6 EB 4B
[13:41:05][I][fujitsu.heatpump:179]: CTRL decoded: pwr=OFF fan=3 (CTRL0=0xCD)
[13:41:05][D][fujitsu.climate:175]: State updated - Mode: 0, Target: 19.0°C, Current: nan°C
[13:41:05][W][component:239]: Component fujitsu_climate.climate took a long time for an operation (73 ms).
[13:41:05][W][component:240]: Components should block for at most 30 ms.
[13:41:05][D][climate:396]: 'Fujitsu Heat Pump' - Sending state:
[13:41:05][D][climate:399]:   Mode: OFF
[13:41:05][D][climate:401]:   Action: OFF
[13:41:05][D][climate:404]:   Fan Mode: MEDIUM
[13:41:05][D][climate:419]:   Current Temperature: nan°C
[13:41:05][D][climate:425]:   Target Temperature: 19.00°C
[13:41:05][V][json:020]: Attempting to allocate 512 bytes for JSON serialization
[13:41:05][V][json:020]: Attempting to allocate 512 bytes for JSON serialization
[13:41:05][V][json:040]: Size after shrink 208 bytes
[13:41:07][V][json:020]: Attempting to allocate 512 bytes for JSON serialization
[13:41:07][V][json:040]: Size after shrink 208 bytes
[13:41:07][W][component:239]: Component fujitsu_climate.climate took a long time for an operation (77 ms).
[13:41:07][W][component:240]: Components should block for at most 30 ms.
[13:41:07][D][status_led:050]: 'Status LED': Setting state OFF
[13:41:07][D][fujitsu.heatpump:067]: UNIT  frame: FE DF DF 7F FF C6 EB 6B
[13:41:07][D][fujitsu.heatpump:105]: RAW [0xDF->0xDF]: FE DF DF 7F FF C6 EB 6B
[13:41:07][D][fujitsu.heatpump:124]:   B3=0x7F B4=0xFF (fixed overhead)
[13:41:07][D][fujitsu.heatpump:128]:   B5=0xC6  temp_raw=3 (->19°C) mode_nibble=3
[13:41:07][D][fujitsu.heatpump:129]:   B6=0xEB  (mapping TBD)
[13:41:07][I][fujitsu.heatpump:152]: State: pwr=OFF mode=3 temp=19°C room=nan°C fan=3
[13:41:07][D][fujitsu.climate:175]: State updated - Mode: 0, Target: 19.0°C, Current: nan°C
[13:41:07][D][fujitsu.heatpump:071]: CTRL  frame: CD FF FF 5F FF C6 EB 4B
[13:41:07][I][fujitsu.heatpump:179]: CTRL decoded: pwr=OFF fan=3 (CTRL0=0xCD)
[13:41:07][D][fujitsu.climate:175]: State updated - Mode: 0, Target: 19.0°C, Current: nan°C
[13:41:07][W][component:239]: Component fujitsu_climate.climate took a long time for an operation (86 ms).
[13:41:07][W][component:240]: Components should block for at most 30 ms.
[13:41:07][D][fujitsu.heatpump:067]: UNIT  frame: FE DF DF 7F FF C6 EB 6B
[13:41:07][D][fujitsu.heatpump:105]: RAW [0xDF->0xDF]: FE DF DF 7F FF C6 EB 6B
[13:41:07][D][fujitsu.heatpump:124]:   B3=0x7F B4=0xFF (fixed overhead)
[13:41:07][D][fujitsu.heatpump:128]:   B5=0xC6  temp_raw=3 (->19°C) mode_nibble=3
[13:41:07][D][fujitsu.heatpump:129]:   B6=0xEB  (mapping TBD)
[13:41:07][I][fujitsu.heatpump:152]: State: pwr=OFF mode=3 temp=19°C room=nan°C fan=3
[13:41:07][D][fujitsu.climate:175]: State updated - Mode: 0, Target: 19.0°C, Current: nan°C
[13:41:07][D][fujitsu.heatpump:071]: CTRL  frame: CD FF FF 5F FF C6 EB 4B
[13:41:07][I][fujitsu.heatpump:179]: CTRL decoded: pwr=OFF fan=3 (CTRL0=0xCD)
[13:41:07][D][fujitsu.climate:175]: State updated - Mode: 0, Target: 19.0°C, Current: nan°C
[13:41:07][W][component:239]: Component fujitsu_climate.climate took a long time for an operation (80 ms).
[13:41:07][W][component:240]: Components should block for at most 30 ms.
[13:41:07][D][climate:396]: 'Fujitsu Heat Pump' - Sending state:
[13:41:07][D][climate:399]:   Mode: OFF
[13:41:07][D][climate:401]:   Action: OFF
[13:41:07][D][climate:404]:   Fan Mode: MEDIUM
[13:41:07][D][climate:419]:   Current Temperature: nan°C
[13:41:07][D][climate:425]:   Target Temperature: 19.00°C
[13:41:07][V][json:020]: Attempting to allocate 512 bytes for JSON serialization
[13:41:07][V][json:040]: Size after shrink 208 bytes
[13:41:07][V][json:020]: Attempting to allocate 512 bytes for JSON serialization
[13:41:07][V][json:040]: Size after shrink 208 bytes
[13:41:07][V][json:020]: Attempting to allocate 512 bytes for JSON serialization
[13:41:07][V][json:040]: Size after shrink 208 bytes
[13:41:07][W][component:239]: Component fujitsu_climate.climate took a long time for an operation (66 ms).
[13:41:07][W][component:240]: Components should block for at most 30 ms.
[13:41:07][D][fujitsu.heatpump:067]: UNIT  frame: FE DF DF 7F FF C6 EB 6B
[13:41:07][D][fujitsu.heatpump:105]: RAW [0xDF->0xDF]: FE DF DF 7F FF C6 EB 6B
[13:41:07][D][fujitsu.heatpump:124]:   B3=0x7F B4=0xFF (fixed overhead)
[13:41:07][D][fujitsu.heatpump:128]:   B5=0xC6  temp_raw=3 (->19°C) mode_nibble=3
[13:41:07][D][fujitsu.heatpump:129]:   B6=0xEB  (mapping TBD)
[13:41:07][I][fujitsu.heatpump:152]: State: pwr=OFF mode=3 temp=19°C room=nan°C fan=3
[13:41:07][D][fujitsu.climate:175]: State updated - Mode: 0, Target: 19.0°C, Current: nan°C
[13:41:07][D][fujitsu.heatpump:071]: CTRL  frame: CD FF FF 5F FF C6 EB 4B
[13:41:07][I][fujitsu.heatpump:179]: CTRL decoded: pwr=OFF fan=3 (CTRL0=0xCD)
[13:41:07][D][fujitsu.climate:175]: State updated - Mode: 0, Target: 19.0°C, Current: nan°C
[13:41:07][W][component:239]: Component fujitsu_climate.climate took a long time for an operation (72 ms).
[13:41:07][W][component:240]: Components should block for at most 30 ms.
[13:41:07][D][fujitsu.heatpump:067]: UNIT  frame: FE DF DF 7F FF C6 EB 6B
[13:41:07][D][fujitsu.heatpump:105]: RAW [0xDF->0xDF]: FE DF DF 7F FF C6 EB 6B
[13:41:07][D][fujitsu.heatpump:124]:   B3=0x7F B4=0xFF (fixed overhead)
[13:41:07][D][fujitsu.heatpump:128]:   B5=0xC6  temp_raw=3 (->19°C) mode_nibble=3
[13:41:07][D][fujitsu.heatpump:129]:   B6=0xEB  (mapping TBD)
[13:41:07][I][fujitsu.heatpump:152]: State: pwr=OFF mode=3 temp=19°C room=nan°C fan=3
[13:41:07][D][fujitsu.climate:175]: State updated - Mode: 0, Target: 19.0°C, Current: nan°C
[13:41:07][D][fujitsu.heatpump:071]: CTRL  frame: CD FF FF 5F FF C6 EB 4B
[13:41:07][I][fujitsu.heatpump:179]: CTRL decoded: pwr=OFF fan=3 (CTRL0=0xCD)
[13:41:07][D][fujitsu.climate:175]: State updated - Mode: 0, Target: 19.0°C, Current: nan°C
[13:41:07][W][component:239]: Component fujitsu_climate.climate took a long time for an operation (77 ms).
[13:41:07][W][component:240]: Components should block for at most 30 ms.
[13:41:07][D][status_led:050]: 'Status LED': Setting state ON
[13:41:07][D][climate:396]: 'Fujitsu Heat Pump' - Sending state:
[13:41:07][D][climate:399]:   Mode: OFF
[13:41:07][D][climate:401]:   Action: OFF
[13:41:07][D][climate:404]:   Fan Mode: MEDIUM
[13:41:07][D][climate:419]:   Current Temperature: nan°C
[13:41:07][D][climate:425]:   Target Temperature: 19.00°C
[13:41:07][V][json:020]: Attempting to allocate 512 bytes for JSON serialization
[13:41:07][V][json:040]: Size after shrink 208 bytes
[13:41:07][V][json:020]: Attempting to allocate 512 bytes for JSON serialization
[13:41:07][V][json:040]: Size after shrink 208 bytes
[13:41:15][V][json:020]: Attempting to allocate 512 bytes for JSON serialization
[13:41:15][V][json:040]: Size after shrink 208 bytes
[13:41:15][W][component:239]: Component fujitsu_climate.climate took a long time for an operation (124 ms).
[13:41:15][W][component:240]: Components should block for at most 30 ms.
[13:41:15][D][fujitsu.heatpump:067]: UNIT  frame: FE DF DF 7F FF C6 EB 6B
[13:41:15][D][fujitsu.heatpump:105]: RAW [0xDF->0xDF]: FE DF DF 7F FF C6 EB 6B
[13:41:15][D][fujitsu.heatpump:124]:   B3=0x7F B4=0xFF (fixed overhead)
[13:41:15][D][fujitsu.heatpump:128]:   B5=0xC6  temp_raw=3 (->19°C) mode_nibble=3
[13:41:15][D][fujitsu.heatpump:129]:   B6=0xEB  (mapping TBD)
[13:41:15][I][fujitsu.heatpump:152]: State: pwr=OFF mode=3 temp=19°C room=nan°C fan=3
[13:41:15][D][fujitsu.climate:175]: State updated - Mode: 0, Target: 19.0°C, Current: nan°C
[13:41:15][D][fujitsu.heatpump:071]: CTRL  frame: CD FF FF 5F FF C6 EB 4B
[13:41:15][I][fujitsu.heatpump:179]: CTRL decoded: pwr=OFF fan=3 (CTRL0=0xCD)
[13:41:15][D][fujitsu.climate:175]: State updated - Mode: 0, Target: 19.0°C, Current: nan°C
[13:41:15][W][component:239]: Component fujitsu_climate.climate took a long time for an operation (97 ms).
[13:41:15][W][component:240]: Components should block for at most 30 ms.
[13:41:15][D][status_led:050]: 'Status LED': Setting state OFF
[13:41:15][D][fujitsu.heatpump:067]: UNIT  frame: FE DF DF 7F FF C6 EB 6B
[13:41:15][D][fujitsu.heatpump:105]: RAW [0xDF->0xDF]: FE DF DF 7F FF C6 EB 6B
[13:41:15][D][fujitsu.heatpump:124]:   B3=0x7F B4=0xFF (fixed overhead)
[13:41:15][D][fujitsu.heatpump:128]:   B5=0xC6  temp_raw=3 (->19°C) mode_nibble=3
[13:41:15][D][fujitsu.heatpump:129]:   B6=0xEB  (mapping TBD)
[13:41:15][I][fujitsu.heatpump:152]: State: pwr=OFF mode=3 temp=19°C room=nan°C fan=3
[13:41:15][D][fujitsu.climate:175]: State updated - Mode: 0, Target: 19.0°C, Current: nan°C
[13:41:15][D][fujitsu.heatpump:071]: CTRL  frame: CD FF FF 5F FF C6 EB 4B
[13:41:15][I][fujitsu.heatpump:179]: CTRL decoded: pwr=OFF fan=3 (CTRL0=0xCD)
[13:41:15][D][fujitsu.climate:175]: State updated - Mode: 0, Target: 19.0°C, Current: nan°C
[13:41:15][W][component:239]: Component fujitsu_climate.climate took a long time for an operation (94 ms).
[13:41:15][W][component:240]: Components should block for at most 30 ms.
[13:41:15][D][climate:396]: 'Fujitsu Heat Pump' - Sending state:
[13:41:15][D][climate:399]:   Mode: OFF
[13:41:15][D][climate:401]:   Action: OFF
[13:41:15][D][climate:404]:   Fan Mode: MEDIUM
[13:41:15][D][climate:419]:   Current Temperature: nan°C
[13:41:15][D][climate:425]:   Target Temperature: 19.00°C
[13:41:15][V][json:020]: Attempting to allocate 512 bytes for JSON serialization
[13:41:15][V][json:040]: Size after shrink 208 bytes
[13:41:15][V][json:020]: Attempting to allocate 512 bytes for JSON serialization
[13:41:15][V][json:040]: Size after shrink 208 bytes
[13:41:15][V][json:020]: Attempting to allocate 512 bytes for JSON serialization
[13:41:15][V][json:040]: Size after shrink 208 bytes
[13:41:15][W][component:239]: Component fujitsu_climate.climate took a long time for an operation (77 ms).
[13:41:15][W][component:240]: Components should block for at most 30 ms.
[13:41:15][D][fujitsu.heatpump:067]: UNIT  frame: FE DF DF 7F FF C6 EB 6B
[13:41:15][D][fujitsu.heatpump:105]: RAW [0xDF->0xDF]: FE DF DF 7F FF C6 EB 6B
[13:41:15][D][fujitsu.heatpump:124]:   B3=0x7F B4=0xFF (fixed overhead)
[13:41:15][D][fujitsu.heatpump:128]:   B5=0xC6  temp_raw=3 (->19°C) mode_nibble=3
[13:41:15][D][fujitsu.heatpump:129]:   B6=0xEB  (mapping TBD)
[13:41:15][I][fujitsu.heatpump:152]: State: pwr=OFF mode=3 temp=19°C room=nan°C fan=3
[13:41:15][D][fujitsu.climate:175]: State updated - Mode: 0, Target: 19.0°C, Current: nan°C
[13:41:15][D][fujitsu.heatpump:071]: CTRL  frame: CD FF FF 5F FF C6 EB 4B
[13:41:15][I][fujitsu.heatpump:179]: CTRL decoded: pwr=OFF fan=3 (CTRL0=0xCD)
[13:41:15][D][fujitsu.climate:175]: State updated - Mode: 0, Target: 19.0°C, Current: nan°C
[13:41:15][D][fujitsu.heatpump:067]: UNIT  frame: FE DF DF 7F FF C6 EB 6B
[13:41:15][D][fujitsu.heatpump:105]: RAW [0xDF->0xDF]: FE DF DF 7F FF C6 EB 6B
[13:41:15][D][fujitsu.heatpump:124]:   B3=0x7F B4=0xFF (fixed overhead)
[13:41:15][D][fujitsu.heatpump:128]:   B5=0xC6  temp_raw=3 (->19°C) mode_nibble=3
[13:41:15][D][fujitsu.heatpump:129]:   B6=0xEB  (mapping TBD)
[13:41:15][I][fujitsu.heatpump:152]: State: pwr=OFF mode=3 temp=19°C room=nan°C fan=3
[13:41:15][D][fujitsu.climate:175]: State updated - Mode: 0, Target: 19.0°C, Current: nan°C
[13:41:15][D][fujitsu.heatpump:071]: CTRL  frame: CD FF FF 5F FF C6 EB 4B
[13:41:15][I][fujitsu.heatpump:179]: CTRL decoded: pwr=OFF fan=3 (CTRL0=0xCD)
[13:41:15][D][fujitsu.climate:175]: State updated - Mode: 0, Target: 19.0°C, Current: nan°C
[13:41:15][D][fujitsu.heatpump:067]: UNIT  frame: FE DF DF 7F FF C6 EB 6B
[13:41:15][D][fujitsu.heatpump:105]: RAW [0xDF->0xDF]: FE DF DF 7F FF C6 EB 6B
[13:41:15][D][fujitsu.heatpump:124]:   B3=0x7F B4=0xFF (fixed overhead)
[13:41:15][D][fujitsu.heatpump:128]:   B5=0xC6  temp_raw=3 (->19°C) mode_nibble=3
[13:41:15][D][fujitsu.heatpump:129]:   B6=0xEB  (mapping TBD)
[13:41:15][I][fujitsu.heatpump:152]: State: pwr=OFF mode=3 temp=19°C room=nan°C fan=3
[13:41:15][D][fujitsu.climate:175]: State updated - Mode: 0, Target: 19.0°C, Current: nan°C
[13:41:15][D][fujitsu.heatpump:071]: CTRL  frame: CD FF FF 5F FF C6 EB 4B
[13:41:15][I][fujitsu.heatpump:179]: CTRL decoded: pwr=OFF fan=3 (CTRL0=0xCD)
[13:41:15][D][fujitsu.climate:175]: State updated - Mode: 0, Target: 19.0°C, Current: nan°C
[13:41:15][W][component:239]: Component fujitsu_climate.climate took a long time for an operation (229 ms).
[13:41:15][W][component:240]: Components should block for at most 30 ms.
[13:41:15][D][status_led:050]: 'Status LED': Setting state ON
[13:41:15][D][climate:396]: 'Fujitsu Heat Pump' - Sending state:
[13:41:15][D][climate:399]:   Mode: OFF
[13:41:15][D][climate:401]:   Action: OFF
[13:41:15][D][climate:404]:   Fan Mode: MEDIUM
[13:41:15][D][climate:419]:   Current Temperature: nan°C
[13:41:15][D][climate:425]:   Target Temperature: 19.00°C
[13:41:15][V][json:020]: Attempting to allocate 512 bytes for JSON serialization
[13:41:15][V][json:040]: Size after shrink 208 bytes
[13:41:15][V][json:020]: Attempting to allocate 512 bytes for JSON serialization
[13:41:15][V][json:040]: Size after shrink 208 bytes
[13:41:15][V][json:020]: Attempting to allocate 512 bytes for JSON serialization
[13:41:15][V][json:040]: Size after shrink 208 bytes
[13:41:15][W][component:239]: Component fujitsu_climate.climate took a long time for an operation (92 ms).
[13:41:15][W][component:240]: Components should block for at most 30 ms.
[13:41:15][D][fujitsu.heatpump:067]: UNIT  frame: FE DF DF 7F FF C6 EB 6B
[13:41:15][D][fujitsu.heatpump:105]: RAW [0xDF->0xDF]: FE DF DF 7F FF C6 EB 6B
[13:41:15][D][fujitsu.heatpump:124]:   B3=0x7F B4=0xFF (fixed overhead)
[13:41:15][D][fujitsu.heatpump:128]:   B5=0xC6  temp_raw=3 (->19°C) mode_nibble=3
[13:41:15][D][fujitsu.heatpump:129]:   B6=0xEB  (mapping TBD)
[13:41:15][I][fujitsu.heatpump:152]: State: pwr=OFF mode=3 temp=19°C room=nan°C fan=3
[13:41:15][D][fujitsu.climate:175]: State updated - Mode: 0, Target: 19.0°C, Current: nan°C
[13:41:15][D][fujitsu.heatpump:071]: CTRL  frame: CD FF FF 5F FF C6 EB 4B
[13:41:15][I][fujitsu.heatpump:179]: CTRL decoded: pwr=OFF fan=3 (CTRL0=0xCD)
[13:41:15][D][fujitsu.climate:175]: State updated - Mode: 0, Target: 19.0°C, Current: nan°C
[13:41:15][W][component:239]: Component fujitsu_climate.climate took a long time for an operation (76 ms).
[13:41:15][W][component:240]: Components should block for at most 30 ms.
[13:41:15][D][status_led:050]: 'Status LED': Setting state OFF
[13:41:15][D][fujitsu.heatpump:067]: UNIT  frame: FE DF DF 7F FF C6 EB 6B
[13:41:15][D][fujitsu.heatpump:105]: RAW [0xDF->0xDF]: FE DF DF 7F FF C6 EB 6B
[13:41:15][D][fujitsu.heatpump:124]:   B3=0x7F B4=0xFF (fixed overhead)
[13:41:15][D][fujitsu.heatpump:128]:   B5=0xC6  temp_raw=3 (->19°C) mode_nibble=3
[13:41:15][D][fujitsu.heatpump:129]:   B6=0xEB  (mapping TBD)
[13:41:15][I][fujitsu.heatpump:152]: State: pwr=OFF mode=3 temp=19°C room=nan°C fan=3
[13:41:15][D][fujitsu.climate:175]: State updated - Mode: 0, Target: 19.0°C, Current: nan°C
[13:41:15][D][fujitsu.heatpump:071]: CTRL  frame: CD FF FF 5F FF C6 EB 4B
[13:41:15][I][fujitsu.heatpump:179]: CTRL decoded: pwr=OFF fan=3 (CTRL0=0xCD)
[13:41:15][D][fujitsu.climate:175]: State updated - Mode: 0, Target: 19.0°C, Current: nan°C
[13:41:15][W][component:239]: Component fujitsu_climate.climate took a long time for an operation (70 ms).
[13:41:15][W][component:240]: Components should block for at most 30 ms.
[13:41:15][D][fujitsu.heatpump:067]: UNIT  frame: FE DF DF 7F FF C6 EB 6B
[13:41:15][D][fujitsu.heatpump:105]: RAW [0xDF->0xDF]: FE DF DF 7F FF C6 EB 6B
[13:41:15][D][fujitsu.heatpump:124]:   B3=0x7F B4=0xFF (fixed overhead)
[13:41:15][D][fujitsu.heatpump:128]:   B5=0xC6  temp_raw=3 (->19°C) mode_nibble=3
[13:41:15][D][fujitsu.heatpump:129]:   B6=0xEB  (mapping TBD)
[13:41:15][I][fujitsu.heatpump:152]: State: pwr=OFF mode=3 temp=19°C room=nan°C fan=3
[13:41:15][D][fujitsu.climate:175]: State updated - Mode: 0, Target: 19.0°C, Current: nan°C
[13:41:15][D][fujitsu.heatpump:071]: CTRL  frame: CD FF FF 5F FF C6 EB 4B
[13:41:15][I][fujitsu.heatpump:179]: CTRL decoded: pwr=OFF fan=3 (CTRL0=0xCD)
[13:41:15][D][fujitsu.climate:175]: State updated - Mode: 0, Target: 19.0°C, Current: nan°C
[13:41:15][W][component:239]: Component fujitsu_climate.climate took a long time for an operation (77 ms).
[13:41:15][W][component:240]: Components should block for at most 30 ms.
[13:41:15][D][climate:396]: 'Fujitsu Heat Pump' - Sending state:
[13:41:15][D][climate:399]:   Mode: OFF
[13:41:15][D][climate:401]:   Action: OFF
[13:41:15][D][climate:404]:   Fan Mode: MEDIUM
[13:41:15][D][climate:419]:   Current Temperature: nan°C
[13:41:15][D][climate:425]:   Target Temperature: 19.00°C
[13:41:15][V][json:020]: Attempting to allocate 512 bytes for JSON serialization
[13:41:15][V][json:040]: Size after shrink 208 bytes
[13:41:15][V][json:020]: Attempting to allocate 512 bytes for JSON serialization
[13:41:15][V][json:040]: Size after shrink 208 bytes
[13:41:15][V][json:020]: Attempting to allocate 512 bytes for JSON serialization
[13:41:15][V][json:040]: Size after shrink 208 bytes
[13:41:15][W][component:239]: Component fujitsu_climate.climate took a long time for an operation (70 ms).
[13:41:15][W][component:240]: Components should block for at most 30 ms.
[13:41:15][D][fujitsu.heatpump:067]: UNIT  frame: FE DF DF 7F FF C6 EB 6B
[13:41:15][D][fujitsu.heatpump:105]: RAW [0xDF->0xDF]: FE DF DF 7F FF C6 EB 6B
[13:41:15][D][fujitsu.heatpump:124]:   B3=0x7F B4=0xFF (fixed overhead)
[13:41:15][D][fujitsu.heatpump:128]:   B5=0xC6  temp_raw=3 (->19°C) mode_nibble=3
[13:41:15][D][fujitsu.heatpump:129]:   B6=0xEB  (mapping TBD)
[13:41:15][I][fujitsu.heatpump:152]: State: pwr=OFF mode=3 temp=19°C room=nan°C fan=3
[13:41:15][D][fujitsu.climate:175]: State updated - Mode: 0, Target: 19.0°C, Current: nan°C
[13:41:15][D][fujitsu.heatpump:071]: CTRL  frame: CD FF FF 5F FF C6 EB 4B
[13:41:15][I][fujitsu.heatpump:179]: CTRL decoded: pwr=OFF fan=3 (CTRL0=0xCD)
[13:41:15][D][fujitsu.climate:175]: State updated - Mode: 0, Target: 19.0°C, Current: nan°C
[13:41:15][W][component:239]: Component fujitsu_climate.climate took a long time for an operation (78 ms).
[13:41:15][W][component:240]: Components should block for at most 30 ms.
[13:41:15][D][status_led:050]: 'Status LED': Setting state ON
[13:41:15][D][climate:396]: 'Fujitsu Heat Pump' - Sending state:
[13:41:15][D][climate:399]:   Mode: OFF
[13:41:15][D][climate:401]:   Action: OFF
[13:41:15][D][climate:404]:   Fan Mode: MEDIUM
[13:41:15][D][climate:419]:   Current Temperature: nan°C
[13:41:15][D][climate:425]:   Target Temperature: 19.00°C
[13:41:15][V][json:020]: Attempting to allocate 512 bytes for JSON serialization
[13:41:15][V][json:040]: Size after shrink 208 bytes
[13:41:15][V][json:020]: Attempting to allocate 512 bytes for JSON serialization
[13:41:15][V][json:040]: Size after shrink 208 bytes
[13:41:15][V][json:020]: Attempting to allocate 512 bytes for JSON serialization
[13:41:15][V][json:040]: Size after shrink 208 bytes
[13:41:15][W][component:239]: Component fujitsu_climate.climate took a long time for an operation (77 ms).
[13:41:15][W][component:240]: Components should block for at most 30 ms.
[13:41:15][D][fujitsu.heatpump:067]: UNIT  frame: FE DF DF 7F FF C6 EB 6B
[13:41:15][D][fujitsu.heatpump:105]: RAW [0xDF->0xDF]: FE DF DF 7F FF C6 EB 6B
[13:41:15][D][fujitsu.heatpump:124]:   B3=0x7F B4=0xFF (fixed overhead)
[13:41:15][D][fujitsu.heatpump:128]:   B5=0xC6  temp_raw=3 (->19°C) mode_nibble=3
[13:41:15][D][fujitsu.heatpump:129]:   B6=0xEB  (mapping TBD)
[13:41:15][I][fujitsu.heatpump:152]: State: pwr=OFF mode=3 temp=19°C room=nan°C fan=3
[13:41:15][D][fujitsu.climate:175]: State updated - Mode: 0, Target: 19.0°C, Current: nan°C
[13:41:15][D][fujitsu.heatpump:071]: CTRL  frame: CD FF FF 5F FF C6 EB 4B
[13:41:15][I][fujitsu.heatpump:179]: CTRL decoded: pwr=OFF fan=3 (CTRL0=0xCD)
[13:41:15][D][fujitsu.climate:175]: State updated - Mode: 0, Target: 19.0°C, Current: nan°C
[13:41:15][D][fujitsu.heatpump:067]: UNIT  frame: FE DF DF 7F FF C6 EB 6B
[13:41:15][D][fujitsu.heatpump:105]: RAW [0xDF->0xDF]: FE DF DF 7F FF C6 EB 6B
[13:41:15][D][fujitsu.heatpump:124]:   B3=0x7F B4=0xFF (fixed overhead)
[13:41:15][D][fujitsu.heatpump:128]:   B5=0xC6  temp_raw=3 (->19°C) mode_nibble=3
[13:41:15][D][fujitsu.heatpump:129]:   B6=0xEB  (mapping TBD)
[13:41:15][I][fujitsu.heatpump:152]: State: pwr=OFF mode=3 temp=19°C room=nan°C fan=3
[13:41:15][D][fujitsu.climate:175]: State updated - Mode: 0, Target: 19.0°C, Current: nan°C
[13:41:15][D][fujitsu.heatpump:071]: CTRL  frame: CD FF FF 5F FF C6 EB 4B
[13:41:15][I][fujitsu.heatpump:179]: CTRL decoded: pwr=OFF fan=3 (CTRL0=0xCD)
[13:41:15][D][fujitsu.climate:175]: State updated - Mode: 0, Target: 19.0°C, Current: nan°C
[13:41:15][W][component:239]: Component fujitsu_climate.climate took a long time for an operation (176 ms).
[13:41:15][W][component:240]: Components should block for at most 30 ms.
[13:41:15][D][status_led:050]: 'Status LED': Setting state OFF
[13:41:15][D][fujitsu.heatpump:067]: UNIT  frame: FE DF DF 7F FF C6 EB 6B
[13:41:15][D][fujitsu.heatpump:105]: RAW [0xDF->0xDF]: FE DF DF 7F FF C6 EB 6B
[13:41:15][D][fujitsu.heatpump:124]:   B3=0x7F B4=0xFF (fixed overhead)
[13:41:15][D][fujitsu.heatpump:128]:   B5=0xC6  temp_raw=3 (->19°C) mode_nibble=3
[13:41:15][D][fujitsu.heatpump:129]:   B6=0xEB  (mapping TBD)
[13:41:15][I][fujitsu.heatpump:152]: State: pwr=OFF mode=3 temp=19°C room=nan°C fan=3
[13:41:15][D][fujitsu.climate:175]: State updated - Mode: 0, Target: 19.0°C, Current: nan°C
[13:41:15][D][fujitsu.heatpump:071]: CTRL  frame: CD FF FF 5F FF C6 EB 4B
[13:41:15][I][fujitsu.heatpump:179]: CTRL decoded: pwr=OFF fan=3 (CTRL0=0xCD)
[13:41:15][D][fujitsu.climate:175]: State updated - Mode: 0, Target: 19.0°C, Current: nan°C
[13:41:15][W][component:239]: Component fujitsu_climate.climate took a long time for an operation (83 ms).
[13:41:15][W][component:240]: Components should block for at most 30 ms.
[13:41:15][D][climate:396]: 'Fujitsu Heat Pump' - Sending state:
[13:41:15][D][climate:399]:   Mode: OFF
[13:41:15][D][climate:401]:   Action: OFF
[13:41:15][D][climate:404]:   Fan Mode: MEDIUM
[13:41:15][D][climate:419]:   Current Temperature: nan°C
[13:41:15][D][climate:425]:   Target Temperature: 19.00°C
[13:41:15][V][json:020]: Attempting to allocate 512 bytes for JSON serialization
[13:41:15][V][json:040]: Size after shrink 208 bytes
[13:41:15][V][json:020]: Attempting to allocate 512 bytes for JSON serialization
[13:41:15][V][json:040]: Size after shrink 208 bytes
[13:41:15][V][json:020]: Attempting to allocate 512 bytes for JSON serialization
[13:41:15][V][json:040]: Size after shrink 208 bytes
[13:41:15][W][component:239]: Component fujitsu_climate.climate took a long time for an operation (78 ms).
[13:41:15][W][component:240]: Components should block for at most 30 ms.
[13:41:15][D][fujitsu.heatpump:067]: UNIT  frame: FE DF DF 7F FF C6 EB 6B
[13:41:15][D][fujitsu.heatpump:105]: RAW [0xDF->0xDF]: FE DF DF 7F FF C6 EB 6B
[13:41:15][D][fujitsu.heatpump:124]:   B3=0x7F B4=0xFF (fixed overhead)
[13:41:15][D][fujitsu.heatpump:128]:   B5=0xC6  temp_raw=3 (->19°C) mode_nibble=3
[13:41:15][D][fujitsu.heatpump:129]:   B6=0xEB  (mapping TBD)
[13:41:15][I][fujitsu.heatpump:152]: State: pwr=OFF mode=3 temp=19°C room=nan°C fan=3
[13:41:15][D][fujitsu.climate:175]: State updated - Mode: 0, Target: 19.0°C, Current: nan°C
[13:41:15][D][fujitsu.heatpump:071]: CTRL  frame: CD FF FF 5F FF C6 EB 4B
[13:41:15][I][fujitsu.heatpump:179]: CTRL decoded: pwr=OFF fan=3 (CTRL0=0xCD)
[13:41:15][D][fujitsu.climate:175]: State updated - Mode: 0, Target: 19.0°C, Current: nan°C
[13:41:15][W][component:239]: Component fujitsu_climate.climate took a long time for an operation (74 ms).
[13:41:15][W][component:240]: Components should block for at most 30 ms.
[13:41:15][D][fujitsu.heatpump:067]: UNIT  frame: FE DF DF 7F FF C6 EB 6B
[13:41:15][D][fujitsu.heatpump:105]: RAW [0xDF->0xDF]: FE DF DF 7F FF C6 EB 6B
[13:41:15][D][fujitsu.heatpump:124]:   B3=0x7F B4=0xFF (fixed overhead)
[13:41:15][D][fujitsu.heatpump:128]:   B5=0xC6  temp_raw=3 (->19°C) mode_nibble=3
[13:41:15][D][fujitsu.heatpump:129]:   B6=0xEB  (mapping TBD)
[13:41:15][I][fujitsu.heatpump:152]: State: pwr=OFF mode=3 temp=19°C room=nan°C fan=3
[13:41:15][D][fujitsu.climate:175]: State updated - Mode: 0, Target: 19.0°C, Current: nan°C
[13:41:15][D][fujitsu.heatpump:071]: CTRL  frame: CD FF FF 5F FF C6 EB 4B
[13:41:15][I][fujitsu.heatpump:179]: CTRL decoded: pwr=OFF fan=3 (CTRL0=0xCD)
[13:41:15][D][fujitsu.climate:175]: State updated - Mode: 0, Target: 19.0°C, Current: nan°C
[13:41:15][W][component:239]: Component fujitsu_climate.climate took a long time for an operation (82 ms).
[13:41:15][W][component:240]: Components should block for at most 30 ms.
[13:41:15][D][fujitsu.heatpump:067]: UNIT  frame: FE DF DF 7F FF C6 EB 6B
[13:41:15][D][fujitsu.heatpump:105]: RAW [0xDF->0xDF]: FE DF DF 7F FF C6 EB 6B
[13:41:15][D][fujitsu.heatpump:124]:   B3=0x7F B4=0xFF (fixed overhead)
[13:41:15][D][fujitsu.heatpump:128]:   B5=0xC6  temp_raw=3 (->19°C) mode_nibble=3
[13:41:15][D][fujitsu.heatpump:129]:   B6=0xEB  (mapping TBD)
[13:41:15][I][fujitsu.heatpump:152]: State: pwr=OFF mode=3 temp=19°C room=nan°C fan=3
[13:41:15][D][fujitsu.climate:175]: State updated - Mode: 0, Target: 19.0°C, Current: nan°C
[13:41:15][D][fujitsu.heatpump:071]: CTRL  frame: CD FF FF 5F FF C6 EB 4B
[13:41:15][I][fujitsu.heatpump:179]: CTRL decoded: pwr=OFF fan=3 (CTRL0=0xCD)
[13:41:15][D][fujitsu.climate:175]: State updated - Mode: 0, Target: 19.0°C, Current: nan°C
[13:41:15][W][component:239]: Component fujitsu_climate.climate took a long time for an operation (78 ms).
[13:41:15][W][component:240]: Components should block for at most 30 ms.
[13:41:15][D][status_led:050]: 'Status LED': Setting state ON
[13:41:15][D][climate:396]: 'Fujitsu Heat Pump' - Sending state:
[13:41:15][D][climate:399]:   Mode: OFF
[13:41:15][D][climate:401]:   Action: OFF
[13:41:15][D][climate:404]:   Fan Mode: MEDIUM
[13:41:15][D][climate:419]:   Current Temperature: nan°C
[13:41:15][D][climate:425]:   Target Temperature: 19.00°C
[13:41:15][V][json:020]: Attempting to allocate 512 bytes for JSON serialization
[13:41:15][V][json:040]: Size after shrink 208 bytes
[13:41:15][V][json:020]: Attempting to allocate 512 bytes for JSON serialization
[13:41:15][V][json:040]: Size after shrink 208 bytes
[13:41:15][V][json:020]: Attempting to allocate 512 bytes for JSON serialization
[13:41:15][V][json:040]: Size after shrink 208 bytes
[13:41:15][W][component:239]: Component fujitsu_climate.climate took a long time for an operation (76 ms).
[13:41:15][W][component:240]: Components should block for at most 30 ms.
[13:41:15][D][fujitsu.heatpump:067]: UNIT  frame: FE DF DF 7F FF C6 EB 6B
[13:41:15][D][fujitsu.heatpump:105]: RAW [0xDF->0xDF]: FE DF DF 7F FF C6 EB 6B
[13:41:15][D][fujitsu.heatpump:124]:   B3=0x7F B4=0xFF (fixed overhead)
[13:41:15][D][fujitsu.heatpump:128]:   B5=0xC6  temp_raw=3 (->19°C) mode_nibble=3
[13:41:15][D][fujitsu.heatpump:129]:   B6=0xEB  (mapping TBD)
[13:41:15][I][fujitsu.heatpump:152]: State: pwr=OFF mode=3 temp=19°C room=nan°C fan=3
[13:41:15][D][fujitsu.climate:175]: State updated - Mode: 0, Target: 19.0°C, Current: nan°C
[13:41:15][D][fujitsu.heatpump:071]: CTRL  frame: CD FF FF 5F FF C6 EB 4B
[13:41:15][I][fujitsu.heatpump:179]: CTRL decoded: pwr=OFF fan=3 (CTRL0=0xCD)
[13:41:15][D][fujitsu.climate:175]: State updated - Mode: 0, Target: 19.0°C, Current: nan°C
[13:41:15][W][component:239]: Component fujitsu_climate.climate took a long time for an operation (75 ms).
[13:41:15][W][component:240]: Components should block for at most 30 ms.
[13:41:15][D][status_led:050]: 'Status LED': Setting state OFF
[13:41:15][D][climate:396]: 'Fujitsu Heat Pump' - Sending state:
[13:41:15][D][climate:399]:   Mode: OFF
[13:41:15][D][climate:401]:   Action: OFF
[13:41:15][D][climate:404]:   Fan Mode: MEDIUM
[13:41:15][D][climate:419]:   Current Temperature: nan°C
[13:41:15][D][climate:425]:   Target Temperature: 19.00°C
[13:41:15][V][json:020]: Attempting to allocate 512 bytes for JSON serialization
[13:41:15][V][json:040]: Size after shrink 208 bytes
[13:41:15][V][json:020]: Attempting to allocate 512 bytes for JSON serialization
[13:41:15][V][json:040]: Size after shrink 208 bytes
[13:41:15][V][json:020]: Attempting to allocate 512 bytes for JSON serialization
[13:41:15][V][json:040]: Size after shrink 208 bytes
[13:41:15][W][component:239]: Component fujitsu_climate.climate took a long time for an operation (116 ms).
[13:41:15][W][component:240]: Components should block for at most 30 ms.
[13:41:15][D][fujitsu.heatpump:067]: UNIT  frame: FE DF DF 7F FF C6 EB 6B
[13:41:15][D][fujitsu.heatpump:105]: RAW [0xDF->0xDF]: FE DF DF 7F FF C6 EB 6B
[13:41:15][D][fujitsu.heatpump:124]:   B3=0x7F B4=0xFF (fixed overhead)
[13:41:15][D][fujitsu.heatpump:128]:   B5=0xC6  temp_raw=3 (->19°C) mode_nibble=3
[13:41:15][D][fujitsu.heatpump:129]:   B6=0xEB  (mapping TBD)
[13:41:15][I][fujitsu.heatpump:152]: State: pwr=OFF mode=3 temp=19°C room=nan°C fan=3
[13:41:15][D][fujitsu.climate:175]: State updated - Mode: 0, Target: 19.0°C, Current: nan°C
[13:41:15][D][fujitsu.heatpump:071]: CTRL  frame: CD FF FF 5F FF C6 EB 4B
[13:41:15][I][fujitsu.heatpump:179]: CTRL decoded: pwr=OFF fan=3 (CTRL0=0xCD)
[13:41:15][D][fujitsu.climate:175]: State updated - Mode: 0, Target: 19.0°C, Current: nan°C
[13:41:15][D][fujitsu.heatpump:067]: UNIT  frame: FE DF DF 7F FF C6 EB 6B
[13:41:15][D][fujitsu.heatpump:105]: RAW [0xDF->0xDF]: FE DF DF 7F FF C6 EB 6B
[13:41:15][D][fujitsu.heatpump:124]:   B3=0x7F B4=0xFF (fixed overhead)
[13:41:15][D][fujitsu.heatpump:128]:   B5=0xC6  temp_raw=3 (->19°C) mode_nibble=3
[13:41:15][D][fujitsu.heatpump:129]:   B6=0xEB  (mapping TBD)
[13:41:15][I][fujitsu.heatpump:152]: State: pwr=OFF mode=3 temp=19°C room=nan°C fan=3
[13:41:15][D][fujitsu.climate:175]: State updated - Mode: 0, Target: 19.0°C, Current: nan°C
[13:41:15][D][fujitsu.heatpump:071]: CTRL  frame: CD FF FF 5F FF C6 EB 4B
[13:41:15][I][fujitsu.heatpump:179]: CTRL decoded: pwr=OFF fan=3 (CTRL0=0xCD)
[13:41:15][D][fujitsu.climate:175]: State updated - Mode: 0, Target: 19.0°C, Current: nan°C
[13:41:15][D][fujitsu.heatpump:067]: UNIT  frame: FE DF DF 7F FF C6 EB 6B
[13:41:15][D][fujitsu.heatpump:105]: RAW [0xDF->0xDF]: FE DF DF 7F FF C6 EB 6B
[13:41:15][D][fujitsu.heatpump:124]:   B3=0x7F B4=0xFF (fixed overhead)
[13:41:15][D][fujitsu.heatpump:128]:   B5=0xC6  temp_raw=3 (->19°C) mode_nibble=3
[13:41:15][D][fujitsu.heatpump:129]:   B6=0xEB  (mapping TBD)
[13:41:15][I][fujitsu.heatpump:152]: State: pwr=OFF mode=3 temp=19°C room=nan°C fan=3
[13:41:15][D][fujitsu.climate:175]: State updated - Mode: 0, Target: 19.0°C, Current: nan°C
[13:41:15][D][fujitsu.heatpump:071]: CTRL  frame: CD FF FF 5F FF C6 EB 4B
[13:41:15][D][fujitsu.climate:175]: State updated - Mode: 0, Target: 19.0°C, Current: nan°C
[13:41:15][W][component:240]: Components should block for at most 30 ms.
[13:41:15][D][fujitsu.heatpump:067]: UNIT  frame: FE DF DF 7F FF C6 EB 6B
[13:41:19][D][fujitsu.heatpump:105]: RAW [0xDF->0xDF]: FE DF DF 7F FF C6 EB 6B
[13:41:19][D][fujitsu.heatpump:124]:   B3=0x7F B4=0xFF (fixed overhead)
[13:41:19][D][fujitsu.heatpump:128]:   B5=0xC6  temp_raw=3 (->19°C) mode_nibble=3
[13:41:19][D][fujitsu.heatpump:129]:   B6=0xEB  (mapping TBD)
[13:41:19][I][fujitsu.heatpump:152]: State: pwr=OFF mode=3 temp=19°C room=nan°C fan=3
[13:41:19][D][fujitsu.climate:175]: State updated - Mode: 0, Target: 19.0°C, Current: nan°C
[13:41:19][D][fujitsu.heatpump:071]: CTRL  frame: CD FF FF 5F FF C6 EB 4B
[13:41:19][I][fujitsu.heatpump:179]: CTRL decoded: pwr=OFF fan=3 (CTRL0=0xCD)
[13:41:19][D][fujitsu.climate:175]: State updated - Mode: 0, Target: 19.0°C, Current: nan°C
[13:41:19][W][component:239]: Component fujitsu_climate.climate took a long time for an operation (78 ms).
[13:41:19][W][component:240]: Components should block for at most 30 ms.
[13:41:19][D][climate:396]: 'Fujitsu Heat Pump' - Sending state:
[13:41:19][D][climate:399]:   Mode: OFF
[13:41:19][D][climate:401]:   Action: OFF
[13:41:19][D][climate:404]:   Fan Mode: MEDIUM
[13:41:19][D][climate:419]:   Current Temperature: nan°C
[13:41:19][D][climate:425]:   Target Temperature: 19.00°C
[13:41:19][V][json:020]: Attempting to allocate 512 bytes for JSON serialization
[13:41:19][V][json:040]: Size after shrink 208 bytes
[13:41:19][V][json:020]: Attempting to allocate 512 bytes for JSON serialization
[13:41:19][V][json:040]: Size after shrink 208 bytes
[13:41:19][V][json:020]: Attempting to allocate 512 bytes for JSON serialization
[13:41:19][V][json:040]: Size after shrink 208 bytes
[13:41:19][W][component:239]: Component fujitsu_climate.climate took a long time for an operation (95 ms).
[13:41:19][W][component:240]: Components should block for at most 30 ms.
[13:41:19][D][status_led:050]: 'Status LED': Setting state ON
[13:41:19][D][fujitsu.heatpump:067]: UNIT  frame: FE DF DF 7F FF C6 EB 6B
[13:41:19][D][fujitsu.heatpump:105]: RAW [0xDF->0xDF]: FE DF DF 7F FF C6 EB 6B
[13:41:19][D][fujitsu.heatpump:124]:   B3=0x7F B4=0xFF (fixed overhead)
[13:41:19][D][fujitsu.heatpump:128]:   B5=0xC6  temp_raw=3 (->19°C) mode_nibble=3
[13:41:19][D][fujitsu.heatpump:129]:   B6=0xEB  (mapping TBD)
[13:41:19][I][fujitsu.heatpump:152]: State: pwr=OFF mode=3 temp=19°C room=nan°C fan=3
[13:41:19][D][fujitsu.climate:175]: State updated - Mode: 0, Target: 19.0°C, Current: nan°C
[13:41:19][D][fujitsu.heatpump:071]: CTRL  frame: CD FF FF 5F FF C6 EB 4B
[13:41:19][I][fujitsu.heatpump:179]: CTRL decoded: pwr=OFF fan=3 (CTRL0=0xCD)
[13:41:19][D][fujitsu.climate:175]: State updated - Mode: 0, Target: 19.0°C, Current: nan°C
[13:41:19][W][component:239]: Component fujitsu_climate.climate took a long time for an operation (94 ms).
[13:41:19][W][component:240]: Components should block for at most 30 ms.
[13:41:19][D][status_led:050]: 'Status LED': Setting state OFF
[13:41:19][D][fujitsu.heatpump:067]: UNIT  frame: FE DF DF 7F FF C6 EB 6B
[13:41:19][D][fujitsu.heatpump:105]: RAW [0xDF->0xDF]: FE DF DF 7F FF C6 EB 6B
[13:41:19][D][fujitsu.heatpump:124]:   B3=0x7F B4=0xFF (fixed overhead)
[13:41:19][D][fujitsu.heatpump:128]:   B5=0xC6  temp_raw=3 (->19°C) mode_nibble=3
[13:41:19][D][fujitsu.heatpump:129]:   B6=0xEB  (mapping TBD)
[13:41:19][I][fujitsu.heatpump:152]: State: pwr=OFF mode=3 temp=19°C room=nan°C fan=3
[13:41:19][D][fujitsu.climate:175]: State updated - Mode: 0, Target: 19.0°C, Current: nan°C
[13:41:19][D][fujitsu.heatpump:071]: CTRL  frame: CD FF FF 5F FF C6 EB 4B
[13:41:19][I][fujitsu.heatpump:179]: CTRL decoded: pwr=OFF fan=3 (CTRL0=0xCD)
[13:41:19][D][fujitsu.climate:175]: State updated - Mode: 0, Target: 19.0°C, Current: nan°C
[13:41:19][W][component:239]: Component fujitsu_climate.climate took a long time for an operation (88 ms).
[13:41:19][W][component:240]: Components should block for at most 30 ms.
[13:41:19][D][climate:396]: 'Fujitsu Heat Pump' - Sending state:
[13:41:19][D][climate:399]:   Mode: OFF
[13:41:19][D][climate:401]:   Action: OFF
[13:41:19][D][climate:404]:   Fan Mode: MEDIUM
[13:41:19][D][climate:419]:   Current Temperature: nan°C
[13:41:19][D][climate:425]:   Target Temperature: 19.00°C
[13:41:19][V][json:020]: Attempting to allocate 512 bytes for JSON serialization
[13:41:19][V][json:040]: Size after shrink 208 bytes
[13:41:19][V][json:020]: Attempting to allocate 512 bytes for JSON serialization
[13:41:19][V][json:040]: Size after shrink 208 bytes
[13:41:19][V][json:020]: Attempting to allocate 512 bytes for JSON serialization
[13:41:19][V][json:040]: Size after shrink 208 bytes
[13:41:19][W][component:239]: Component fujitsu_climate.climate took a long time for an operation (75 ms).
[13:41:19][W][component:240]: Components should block for at most 30 ms.
[13:41:19][D][fujitsu.heatpump:067]: UNIT  frame: FE DF DF 7F FF C6 EB 6B
[13:41:19][D][fujitsu.heatpump:105]: RAW [0xDF->0xDF]: FE DF DF 7F FF C6 EB 6B
[13:41:19][D][fujitsu.heatpump:124]:   B3=0x7F B4=0xFF (fixed overhead)
[13:41:19][D][fujitsu.heatpump:128]:   B5=0xC6  temp_raw=3 (->19°C) mode_nibble=3
[13:41:19][D][fujitsu.heatpump:129]:   B6=0xEB  (mapping TBD)
[13:41:19][I][fujitsu.heatpump:152]: State: pwr=OFF mode=3 temp=19°C room=nan°C fan=3
[13:41:19][D][fujitsu.climate:175]: State updated - Mode: 0, Target: 19.0°C, Current: nan°C
[13:41:19][D][fujitsu.heatpump:071]: CTRL  frame: CD FF FF 5F FF C6 EB 4B
[13:41:19][I][fujitsu.heatpump:179]: CTRL decoded: pwr=OFF fan=3 (CTRL0=0xCD)
[13:41:19][D][fujitsu.climate:175]: State updated - Mode: 0, Target: 19.0°C, Current: nan°C
[13:41:19][W][component:239]: Component fujitsu_climate.climate took a long time for an operation (87 ms).
[13:41:19][W][component:240]: Components should block for at most 30 ms.
[13:41:19][D][climate:396]: 'Fujitsu Heat Pump' - Sending state:
[13:41:19][D][climate:399]:   Mode: OFF
[13:41:19][D][climate:401]:   Action: OFF
[13:41:19][D][climate:404]:   Fan Mode: MEDIUM
[13:41:19][D][climate:419]:   Current Temperature: nan°C
[13:41:19][D][climate:425]:   Target Temperature: 19.00°C
[13:41:19][V][json:020]: Attempting to allocate 512 bytes for JSON serialization
[13:41:19][V][json:040]: Size after shrink 208 bytes
[13:41:19][V][json:020]: Attempting to allocate 512 bytes for JSON serialization
[13:41:19][V][json:040]: Size after shrink 208 bytes
[13:41:19][V][json:020]: Attempting to allocate 512 bytes for JSON serialization
[13:41:19][V][json:040]: Size after shrink 208 bytes
[13:41:19][W][component:239]: Component fujitsu_climate.climate took a long time for an operation (66 ms).
[13:41:19][W][component:240]: Components should block for at most 30 ms.
[13:41:19][D][fujitsu.heatpump:067]: UNIT  frame: FE DF DF 7F FF C6 EB 6B
[13:41:19][D][fujitsu.heatpump:105]: RAW [0xDF->0xDF]: FE DF DF 7F FF C6 EB 6B
[13:41:19][D][fujitsu.heatpump:124]:   B3=0x7F B4=0xFF (fixed overhead)
[13:41:19][D][fujitsu.heatpump:128]:   B5=0xC6  temp_raw=3 (->19°C) mode_nibble=3
[13:41:19][D][fujitsu.heatpump:129]:   B6=0xEB  (mapping TBD)
[13:41:19][I][fujitsu.heatpump:152]: State: pwr=OFF mode=3 temp=19°C room=nan°C fan=3
[13:41:19][D][fujitsu.climate:175]: State updated - Mode: 0, Target: 19.0°C, Current: nan°C
[13:41:19][D][fujitsu.heatpump:071]: CTRL  frame: CD FF FF 5F FF C6 EB 4B
[13:41:19][I][fujitsu.heatpump:179]: CTRL decoded: pwr=OFF fan=3 (CTRL0=0xCD)
[13:41:19][D][fujitsu.climate:175]: State updated - Mode: 0, Target: 19.0°C, Current: nan°C
[13:41:19][D][fujitsu.heatpump:067]: UNIT  frame: FE DF DF 7F FF C6 EB 6B
[13:41:19][D][fujitsu.heatpump:105]: RAW [0xDF->0xDF]: FE DF DF 7F FF C6 EB 6B
[13:41:19][D][fujitsu.heatpump:124]:   B3=0x7F B4=0xFF (fixed overhead)
[13:41:19][D][fujitsu.heatpump:128]:   B5=0xC6  temp_raw=3 (->19°C) mode_nibble=3
[13:41:19][D][fujitsu.heatpump:129]:   B6=0xEB  (mapping TBD)
[13:41:19][I][fujitsu.heatpump:152]: State: pwr=OFF mode=3 temp=19°C room=nan°C fan=3
[13:41:19][D][fujitsu.climate:175]: State updated - Mode: 0, Target: 19.0°C, Current: nan°C
[13:41:19][D][fujitsu.heatpump:071]: CTRL  frame: CD FF FF 5F FF C6 EB 4B
[13:41:19][I][fujitsu.heatpump:179]: CTRL decoded: pwr=OFF fan=3 (CTRL0=0xCD)
[13:41:19][D][fujitsu.climate:175]: State updated - Mode: 0, Target: 19.0°C, Current: nan°C
[13:41:19][W][component:239]: Component fujitsu_climate.climate took a long time for an operation (170 ms).
[13:41:19][W][component:240]: Components should block for at most 30 ms.
[13:41:19][D][status_led:050]: 'Status LED': Setting state ON
[13:41:19][D][fujitsu.heatpump:067]: UNIT  frame: FE DF DF 7F FF C6 EB 6B
[13:41:19][D][fujitsu.heatpump:105]: RAW [0xDF->0xDF]: FE DF DF 7F FF C6 EB 6B
[13:41:19][D][fujitsu.heatpump:124]:   B3=0x7F B4=0xFF (fixed overhead)
[13:41:19][D][fujitsu.heatpump:128]:   B5=0xC6  temp_raw=3 (->19°C) mode_nibble=3
[13:41:19][D][fujitsu.heatpump:129]:   B6=0xEB  (mapping TBD)
[13:41:19][I][fujitsu.heatpump:152]: State: pwr=OFF mode=3 temp=19°C room=nan°C fan=3
[13:41:19][D][fujitsu.climate:175]: State updated - Mode: 0, Target: 19.0°C, Current: nan°C
[13:41:19][D][fujitsu.heatpump:071]: CTRL  frame: CD FF FF 5F FF C6 EB 4B
[13:41:19][I][fujitsu.heatpump:179]: CTRL decoded: pwr=OFF fan=3 (CTRL0=0xCD)
[13:41:19][D][fujitsu.climate:175]: State updated - Mode: 0, Target: 19.0°C, Current: nan°C
[13:41:19][W][component:239]: Component fujitsu_climate.climate took a long time for an operation (72 ms).
[13:41:19][W][component:240]: Components should block for at most 30 ms.
[13:41:19][D][status_led:050]: 'Status LED': Setting state OFF
[13:41:19][D][fujitsu.heatpump:067]: UNIT  frame: FE DF DF 7F FF C6 EB 6B
[13:41:19][D][fujitsu.heatpump:105]: RAW [0xDF->0xDF]: FE DF DF 7F FF C6 EB 6B
[13:41:19][D][fujitsu.heatpump:124]:   B3=0x7F B4=0xFF (fixed overhead)
[13:41:19][D][fujitsu.heatpump:128]:   B5=0xC6  temp_raw=3 (->19°C) mode_nibble=3
[13:41:19][D][fujitsu.heatpump:129]:   B6=0xEB  (mapping TBD)
[13:41:19][I][fujitsu.heatpump:152]: State: pwr=OFF mode=3 temp=19°C room=nan°C fan=3
[13:41:19][D][fujitsu.climate:175]: State updated - Mode: 0, Target: 19.0°C, Current: nan°C
[13:41:19][D][fujitsu.heatpump:071]: CTRL  frame: CD FF FF 5F FF C6 EB 4B
[13:41:19][I][fujitsu.heatpump:179]: CTRL decoded: pwr=OFF fan=3 (CTRL0=0xCD)
[13:41:19][D][fujitsu.climate:175]: State updated - Mode: 0, Target: 19.0°C, Current: nan°C
[13:41:19][W][component:239]: Component fujitsu_climate.climate took a long time for an operation (80 ms).
[13:41:19][W][component:240]: Components should block for at most 30 ms.
[13:41:19][D][climate:396]: 'Fujitsu Heat Pump' - Sending state:
[13:41:19][D][climate:399]:   Mode: OFF
[13:41:19][D][climate:401]:   Action: OFF
[13:41:19][D][climate:404]:   Fan Mode: MEDIUM
[13:41:19][D][climate:419]:   Current Temperature: nan°C
[13:41:19][D][climate:425]:   Target Temperature: 19.00°C
[13:41:19][V][json:020]: Attempting to allocate 512 bytes for JSON serialization
[13:41:19][V][json:040]: Size after shrink 208 bytes
[13:41:19][V][json:020]: Attempting to allocate 512 bytes for JSON serialization
[13:41:19][V][json:040]: Size after shrink 208 bytes
[13:41:19][V][json:020]: Attempting to allocate 512 bytes for JSON serialization
[13:41:19][V][json:040]: Size after shrink 208 bytes
[13:41:19][W][component:239]: Component fujitsu_climate.climate took a long time for an operation (71 ms).
[13:41:19][W][component:240]: Components should block for at most 30 ms.
[13:41:22][D][climate:396]: 'Fujitsu Heat Pump' - Sending state:
[13:41:22][D][climate:399]:   Mode: OFF
[13:41:22][D][climate:401]:   Action: OFF
[13:41:22][D][climate:404]:   Fan Mode: MEDIUM
[13:41:22][D][climate:419]:   Current Temperature: nan°C
[13:41:22][D][climate:425]:   Target Temperature: 19.00°C
[13:41:22][V][json:020]: Attempting to allocate 512 bytes for JSON serialization
[13:41:22][V][json:040]: Size after shrink 208 bytes
[13:41:22][V][json:020]: Attempting to allocate 512 bytes for JSON serialization
[13:41:22][V][json:040]: Size after shrink 208 bytes
[13:41:22][V][json:020]: Attempting to allocate 512 bytes for JSON serialization
[13:41:22][V][json:040]: Size after shrink 208 bytes
[13:41:22][W][component:239]: Component fujitsu_climate.climate took a long time for an operation (81 ms).
[13:41:22][W][component:240]: Components should block for at most 30 ms.
[13:41:22][D][fujitsu.heatpump:067]: UNIT  frame: FE DF DF 7F FF C6 EB 6B
[13:41:22][D][fujitsu.heatpump:105]: RAW [0xDF->0xDF]: FE DF DF 7F FF C6 EB 6B
[13:41:22][D][fujitsu.heatpump:124]:   B3=0x7F B4=0xFF (fixed overhead)
[13:41:22][D][fujitsu.heatpump:128]:   B5=0xC6  temp_raw=3 (->19°C) mode_nibble=3
[13:41:22][D][fujitsu.heatpump:129]:   B6=0xEB  (mapping TBD)
[13:41:22][I][fujitsu.heatpump:152]: State: pwr=OFF mode=3 temp=19°C room=nan°C fan=3
[13:41:22][D][fujitsu.climate:175]: State updated - Mode: 0, Target: 19.0°C, Current: nan°C
[13:41:22][D][fujitsu.heatpump:071]: CTRL  frame: CD FF FF 5F FF C6 EB 4B
[13:41:22][I][fujitsu.heatpump:179]: CTRL decoded: pwr=OFF fan=3 (CTRL0=0xCD)
[13:41:22][D][fujitsu.climate:175]: State updated - Mode: 0, Target: 19.0°C, Current: nan°C
[13:41:22][D][fujitsu.heatpump:067]: UNIT  frame: FE DF DF 7F FF C6 EB 6B
[13:41:22][D][fujitsu.heatpump:105]: RAW [0xDF->0xDF]: FE DF DF 7F FF C6 EB 6B
[13:41:22][D][fujitsu.heatpump:124]:   B3=0x7F B4=0xFF (fixed overhead)
[13:41:22][D][fujitsu.heatpump:128]:   B5=0xC6  temp_raw=3 (->19°C) mode_nibble=3
[13:41:22][D][fujitsu.heatpump:129]:   B6=0xEB  (mapping TBD)
[13:41:22][I][fujitsu.heatpump:152]: State: pwr=OFF mode=3 temp=19°C room=nan°C fan=3
[13:41:22][D][fujitsu.climate:175]: State updated - Mode: 0, Target: 19.0°C, Current: nan°C
[13:41:22][D][fujitsu.heatpump:071]: CTRL  frame: CD FF FF 5F FF C6 EB 4B
[13:41:22][I][fujitsu.heatpump:179]: CTRL decoded: pwr=OFF fan=3 (CTRL0=0xCD)
[13:41:22][D][fujitsu.climate:175]: State updated - Mode: 0, Target: 19.0°C, Current: nan°C
[13:41:22][D][fujitsu.heatpump:067]: UNIT  frame: FE DF DF 7F FF C6 EB 6B
[13:41:22][D][fujitsu.heatpump:105]: RAW [0xDF->0xDF]: FE DF DF 7F FF C6 EB 6B
[13:41:22][D][fujitsu.heatpump:124]:   B3=0x7F B4=0xFF (fixed overhead)
[13:41:22][D][fujitsu.heatpump:128]:   B5=0xC6  temp_raw=3 (->19°C) mode_nibble=3
[13:41:22][D][fujitsu.heatpump:129]:   B6=0xEB  (mapping TBD)
[13:41:22][I][fujitsu.heatpump:152]: State: pwr=OFF mode=3 temp=19°C room=nan°C fan=3
[13:41:22][D][fujitsu.climate:175]: State updated - Mode: 0, Target: 19.0°C, Current: nan°C
[13:41:22][D][fujitsu.heatpump:071]: CTRL  frame: CD FF FF 5F FF C6 EB 4B
[13:41:22][I][fujitsu.heatpump:179]: CTRL decoded: pwr=OFF fan=3 (CTRL0=0xCD)
[13:41:22][D][fujitsu.climate:175]: State updated - Mode: 0, Target: 19.0°C, Current: nan°C
[13:41:22][W][component:239]: Component fujitsu_climate.climate took a long time for an operation (242 ms).
[13:41:22][W][component:240]: Components should block for at most 30 ms.
[13:41:22][D][status_led:050]: 'Status LED': Setting state ON
[13:41:22][D][fujitsu.heatpump:067]: UNIT  frame: FE DF DF 7F FF C6 EB 6B
[13:41:22][D][fujitsu.heatpump:105]: RAW [0xDF->0xDF]: FE DF DF 7F FF C6 EB 6B
[13:41:22][D][fujitsu.heatpump:124]:   B3=0x7F B4=0xFF (fixed overhead)
[13:41:22][D][fujitsu.heatpump:128]:   B5=0xC6  temp_raw=3 (->19°C) mode_nibble=3
[13:41:22][D][fujitsu.heatpump:129]:   B6=0xEB  (mapping TBD)
[13:41:22][I][fujitsu.heatpump:152]: State: pwr=OFF mode=3 temp=19°C room=nan°C fan=3
[13:41:22][D][fujitsu.climate:175]: State updated - Mode: 0, Target: 19.0°C, Current: nan°C
[13:41:22][D][fujitsu.heatpump:071]: CTRL  frame: CD FF FF 5F FF C6 EB 4B
[13:41:22][I][fujitsu.heatpump:179]: CTRL decoded: pwr=OFF fan=3 (CTRL0=0xCD)
[13:41:22][D][fujitsu.climate:175]: State updated - Mode: 0, Target: 19.0°C, Current: nan°C
[13:41:22][W][component:239]: Component fujitsu_climate.climate took a long time for an operation (72 ms).
[13:41:22][W][component:240]: Components should block for at most 30 ms.
[13:41:22][D][status_led:050]: 'Status LED': Setting state OFF
[13:41:22][D][fujitsu.heatpump:067]: UNIT  frame: FE DF DF 7F FF C6 EB 6B
[13:41:22][D][fujitsu.heatpump:105]: RAW [0xDF->0xDF]: FE DF DF 7F FF C6 EB 6B
[13:41:22][D][fujitsu.heatpump:124]:   B3=0x7F B4=0xFF (fixed overhead)
[13:41:22][D][fujitsu.heatpump:128]:   B5=0xC6  temp_raw=3 (->19°C) mode_nibble=3
[13:41:22][D][fujitsu.heatpump:129]:   B6=0xEB  (mapping TBD)
[13:41:22][I][fujitsu.heatpump:152]: State: pwr=OFF mode=3 temp=19°C room=nan°C fan=3
[13:41:22][D][fujitsu.climate:175]: State updated - Mode: 0, Target: 19.0°C, Current: nan°C
[13:41:22][D][fujitsu.heatpump:071]: CTRL  frame: CD FF FF 5F FF C6 EB 4B
[13:41:22][I][fujitsu.heatpump:179]: CTRL decoded: pwr=OFF fan=3 (CTRL0=0xCD)
[13:41:22][D][fujitsu.climate:175]: State updated - Mode: 0, Target: 19.0°C, Current: nan°C
[13:41:22][W][component:239]: Component fujitsu_climate.climate took a long time for an operation (70 ms).
[13:41:22][W][component:240]: Components should block for at most 30 ms.
[13:41:22][D][climate:396]: 'Fujitsu Heat Pump' - Sending state:
[13:41:22][D][climate:399]:   Mode: OFF
[13:41:22][D][climate:401]:   Action: OFF
[13:41:22][D][climate:404]:   Fan Mode: MEDIUM
[13:41:22][D][climate:419]:   Current Temperature: nan°C
[13:41:22][D][climate:425]:   Target Temperature: 19.00°C
[13:41:22][V][json:020]: Attempting to allocate 512 bytes for JSON serialization
[13:41:22][V][json:040]: Size after shrink 208 bytes
[13:41:22][V][json:020]: Attempting to allocate 512 bytes for JSON serialization
[13:41:22][V][json:040]: Size after shrink 208 bytes
[13:41:22][V][json:020]: Attempting to allocate 512 bytes for JSON serialization
[13:41:22][V][json:040]: Size after shrink 208 bytes
[13:41:22][W][component:239]: Component fujitsu_climate.climate took a long time for an operation (69 ms).
[13:41:22][W][component:240]: Components should block for at most 30 ms.
[13:41:22][D][fujitsu.heatpump:067]: UNIT  frame: FE DF DF 7F FF C6 EB 6B
[13:41:22][D][fujitsu.heatpump:105]: RAW [0xDF->0xDF]: FE DF DF 7F FF C6 EB 6B
[13:41:22][D][fujitsu.heatpump:124]:   B3=0x7F B4=0xFF (fixed overhead)
[13:41:22][D][fujitsu.heatpump:128]:   B5=0xC6  temp_raw=3 (->19°C) mode_nibble=3
[13:41:22][D][fujitsu.heatpump:129]:   B6=0xEB  (mapping TBD)
[13:41:22][I][fujitsu.heatpump:152]: State: pwr=OFF mode=3 temp=19°C room=nan°C fan=3
[13:41:22][D][fujitsu.climate:175]: State updated - Mode: 0, Target: 19.0°C, Current: nan°C
[13:41:22][D][fujitsu.heatpump:071]: CTRL  frame: CD FF FF 5F FF C6 EB 4B
[13:41:22][I][fujitsu.heatpump:179]: CTRL decoded: pwr=OFF fan=3 (CTRL0=0xCD)
[13:41:22][D][fujitsu.climate:175]: State updated - Mode: 0, Target: 19.0°C, Current: nan°C
[13:41:22][W][component:239]: Component fujitsu_climate.climate took a long time for an operation (72 ms).
[13:41:22][W][component:240]: Components should block for at most 30 ms.
[13:41:22][D][fujitsu.heatpump:067]: UNIT  frame: FE DF DF 7F FF C6 EB 6B
[13:41:22][D][fujitsu.heatpump:105]: RAW [0xDF->0xDF]: FE DF DF 7F FF C6 EB 6B
[13:41:22][D][fujitsu.heatpump:124]:   B3=0x7F B4=0xFF (fixed overhead)
[13:41:22][D][fujitsu.heatpump:128]:   B5=0xC6  temp_raw=3 (->19°C) mode_nibble=3
[13:41:22][D][fujitsu.heatpump:129]:   B6=0xEB  (mapping TBD)
[13:41:22][I][fujitsu.heatpump:152]: State: pwr=OFF mode=3 temp=19°C room=nan°C fan=3
[13:41:22][D][fujitsu.climate:175]: State updated - Mode: 0, Target: 19.0°C, Current: nan°C
[13:41:22][D][fujitsu.heatpump:071]: CTRL  frame: CD FF FF 5F FF C6 EB 4B
[13:41:22][I][fujitsu.heatpump:179]: CTRL decoded: pwr=OFF fan=3 (CTRL0=0xCD)
[13:41:22][D][fujitsu.climate:175]: State updated - Mode: 0, Target: 19.0°C, Current: nan°C
[13:41:22][W][component:239]: Component fujitsu_climate.climate took a long time for an operation (73 ms).
[13:41:22][W][component:240]: Components should block for at most 30 ms.
[13:41:22][D][climate:396]: 'Fujitsu Heat Pump' - Sending state:
[13:41:22][D][climate:399]:   Mode: OFF
[13:41:22][D][climate:401]:   Action: OFF
[13:41:22][D][climate:404]:   Fan Mode: MEDIUM
[13:41:22][D][climate:419]:   Current Temperature: nan°C
[13:41:22][D][climate:425]:   Target Temperature: 19.00°C
[13:41:22][V][json:020]: Attempting to allocate 512 bytes for JSON serialization
[13:41:22][V][json:040]: Size after shrink 208 bytes
[13:41:22][V][json:020]: Attempting to allocate 512 bytes for JSON serialization
[13:41:22][V][json:040]: Size after shrink 208 bytes
[13:41:25][V][json:020]: Attempting to allocate 512 bytes for JSON serialization
[13:41:25][V][json:040]: Size after shrink 208 bytes
[13:41:25][W][component:239]: Component fujitsu_climate.climate took a long time for an operation (76 ms).
[13:41:25][W][component:240]: Components should block for at most 30 ms.
[13:41:29][D][status_led:050]: 'Status LED': Setting state ON
[13:41:29][D][status_led:050]: 'Status LED': Setting state OFF
[13:41:29][D][climate:396]: 'Fujitsu Heat Pump' - Sending state:
[13:41:29][D][climate:399]:   Mode: OFF
[13:41:29][D][climate:401]:   Action: OFF
[13:41:29][D][climate:404]:   Fan Mode: MEDIUM
[13:41:29][D][climate:419]:   Current Temperature: nan°C
[13:41:29][D][climate:425]:   Target Temperature: 19.00°C
[13:41:29][V][json:020]: Attempting to allocate 512 bytes for JSON serialization
[13:41:29][V][json:040]: Size after shrink 208 bytes
[13:41:30][V][json:020]: Attempting to allocate 512 bytes for JSON serialization
[13:41:30][V][json:040]: Size after shrink 208 bytes
[13:41:30][V][json:020]: Attempting to allocate 512 bytes for JSON serialization
[13:41:30][V][json:040]: Size after shrink 208 bytes
[13:41:30][W][component:239]: Component fujitsu_climate.climate took a long time for an operation (75 ms).
[13:41:30][W][component:240]: Components should block for at most 30 ms.
[13:41:30][D][fujitsu.heatpump:067]: UNIT  frame: FE DF DF 7F FF C6 EB 6B
[13:41:30][D][fujitsu.heatpump:105]: RAW [0xDF->0xDF]: FE DF DF 7F FF C6 EB 6B
[13:41:30][D][fujitsu.heatpump:124]:   B3=0x7F B4=0xFF (fixed overhead)
[13:41:30][D][fujitsu.heatpump:128]:   B5=0xC6  temp_raw=3 (->19°C) mode_nibble=3
[13:41:30][D][fujitsu.heatpump:129]:   B6=0xEB  (mapping TBD)
[13:41:30][I][fujitsu.heatpump:152]: State: pwr=OFF mode=3 temp=19°C room=nan°C fan=3
[13:41:30][D][fujitsu.climate:175]: State updated - Mode: 0, Target: 19.0°C, Current: nan°C
[13:41:30][D][fujitsu.heatpump:071]: CTRL  frame: CD FF FF 5F FF C6 EB 4B
[13:41:30][I][fujitsu.heatpump:179]: CTRL decoded: pwr=OFF fan=3 (CTRL0=0xCD)
[13:41:30][D][fujitsu.climate:175]: State updated - Mode: 0, Target: 19.0°C, Current: nan°C
[13:41:30][D][fujitsu.heatpump:067]: UNIT  frame: FE DF DF 7F FF C6 EB 6B
[13:41:30][D][fujitsu.heatpump:105]: RAW [0xDF->0xDF]: FE DF DF 7F FF C6 EB 6B
[13:41:30][D][fujitsu.heatpump:124]:   B3=0x7F B4=0xFF (fixed overhead)
[13:41:30][D][fujitsu.heatpump:128]:   B5=0xC6  temp_raw=3 (->19°C) mode_nibble=3
[13:41:30][D][fujitsu.heatpump:129]:   B6=0xEB  (mapping TBD)
[13:41:30][I][fujitsu.heatpump:152]: State: pwr=OFF mode=3 temp=19°C room=nan°C fan=3
[13:41:30][D][fujitsu.climate:175]: State updated - Mode: 0, Target: 19.0°C, Current: nan°C
[13:41:30][D][fujitsu.heatpump:071]: CTRL  frame: CD FF FF 5F FF C6 EB 4B
[13:41:30][I][fujitsu.heatpump:179]: CTRL decoded: pwr=OFF fan=3 (CTRL0=0xCD)
[13:41:30][D][fujitsu.climate:175]: State updated - Mode: 0, Target: 19.0°C, Current: nan°C
[13:41:30][D][fujitsu.heatpump:067]: UNIT  frame: FE DF DF 7F FF C6 EB 6B
[13:41:30][D][fujitsu.heatpump:105]: RAW [0xDF->0xDF]: FE DF DF 7F FF C6 EB 6B
[13:41:30][D][fujitsu.heatpump:124]:   B3=0x7F B4=0xFF (fixed overhead)
[13:41:30][D][fujitsu.heatpump:128]:   B5=0xC6  temp_raw=3 (->19°C) mode_nibble=3
[13:41:30][D][fujitsu.heatpump:129]:   B6=0xEB  (mapping TBD)
[13:41:30][I][fujitsu.heatpump:152]: State: pwr=OFF mode=3 temp=19°C room=nan°C fan=3
[13:41:30][D][fujitsu.climate:175]: State updated - Mode: 0, Target: 19.0°C, Current: nan°C
[13:41:30][D][fujitsu.heatpump:071]: CTRL  frame: CD FF FF 5F FF C6 EB 4B
[13:41:30][I][fujitsu.heatpump:179]: CTRL decoded: pwr=OFF fan=3 (CTRL0=0xCD)
[13:41:30][D][fujitsu.climate:175]: State updated - Mode: 0, Target: 19.0°C, Current: nan°C
[13:41:30][D][fujitsu.heatpump:067]: UNIT  frame: FE DF DF 7F FF C6 EB 6B
[13:41:30][D][fujitsu.heatpump:105]: RAW [0xDF->0xDF]: FE DF DF 7F FF C6 EB 6B
[13:41:30][D][fujitsu.heatpump:124]:   B3=0x7F B4=0xFF (fixed overhead)
[13:41:30][D][fujitsu.heatpump:128]:   B5=0xC6  temp_raw=3 (->19°C) mode_nibble=3
[13:41:30][D][fujitsu.heatpump:129]:   B6=0xEB  (mapping TBD)
[13:41:30][I][fujitsu.heatpump:152]: State: pwr=OFF mode=3 temp=19°C room=nan°C fan=3
[13:41:30][D][fujitsu.climate:175]: State updated - Mode: 0, Target: 19.0°C, Current: nan°C
[13:41:30][D][fujitsu.heatpump:071]: CTRL  frame: CD FF FF 5F FF C6 EB 4B
[13:41:30][I][fujitsu.heatpump:179]: CTRL decoded: pwr=OFF fan=3 (CTRL0=0xCD)
[13:41:30][D][fujitsu.climate:175]: State updated - Mode: 0, Target: 19.0°C, Current: nan°C
[13:41:30][W][component:239]: Component fujitsu_climate.climate took a long time for an operation (286 ms).
[13:41:30][W][component:240]: Components should block for at most 30 ms.
[13:41:30][D][climate:396]: 'Fujitsu Heat Pump' - Sending state:
[13:41:30][D][climate:399]:   Mode: OFF
[13:41:30][D][climate:401]:   Action: OFF
[13:41:30][D][climate:404]:   Fan Mode: MEDIUM
[13:41:30][D][climate:419]:   Current Temperature: nan°C
[13:41:30][D][climate:425]:   Target Temperature: 19.00°C
[13:41:30][V][json:020]: Attempting to allocate 512 bytes for JSON serialization
[13:41:30][V][json:040]: Size after shrink 208 bytes
[13:41:30][V][json:020]: Attempting to allocate 512 bytes for JSON serialization
[13:41:30][V][json:040]: Size after shrink 208 bytes
[13:41:30][V][json:020]: Attempting to allocate 512 bytes for JSON serialization
[13:41:30][V][json:020]: Attempting to allocate 512 bytes for JSON serialization
[13:41:30][V][json:040]: Size after shrink 208 bytes
[13:41:30][V][json:020]: Attempting to allocate 512 bytes for JSON serialization
[13:41:30][V][json:040]: Size after shrink 208 bytes
[13:41:30][V][json:020]: Attempting to allocate 512 bytes for JSON serialization
[13:41:30][V][json:040]: Size after shrink 208 bytes
[13:41:30][V][json:020]: Attempting to allocate 512 bytes for JSON serialization
[13:41:30][V][json:040]: Size after shrink 208 bytes
[13:41:30][V][json:020]: Attempting to allocate 512 bytes for JSON serialization
[13:41:30][V][json:040]: Size after shrink 208 bytes
[13:41:30][V][json:020]: Attempting to allocate 512 bytes for JSON serialization
[13:41:31][V][json:040]: Size after shrink 208 bytes
[13:41:32][D][climate:396]: 'Fujitsu Heat Pump' - Sending state:
[13:41:32][D][climate:399]:   Mode: OFF
[13:41:32][D][climate:401]:   Action: OFF
[13:41:32][D][climate:404]:   Fan Mode: MEDIUM
[13:41:32][D][climate:419]:   Current Temperature: nan°C
[13:41:32][D][climate:425]:   Target Temperature: 18.00°C
[13:41:32][D][fujitsu.heatpump:067]: UNIT  frame: FE DF DF 7F FF C4 E8 6B
[13:41:32][D][fujitsu.heatpump:105]: RAW [0xDF->0xDF]: FE DF DF 7F FF C4 E8 6B
[13:41:32][D][fujitsu.heatpump:124]:   B3=0x7F B4=0xFF (fixed overhead)
[13:41:32][D][fujitsu.heatpump:128]:   B5=0xC4  temp_raw=2 (->18°C) mode_nibble=3
[13:41:32][D][fujitsu.heatpump:129]:   B6=0xE8  (mapping TBD)
[13:41:32][I][fujitsu.heatpump:152]: State: pwr=OFF mode=3 temp=18°C room=nan°C fan=3
[13:41:32][D][fujitsu.climate:175]: State updated - Mode: 0, Target: 18.0°C, Current: nan°C
[13:41:32][D][fujitsu.heatpump:071]: CTRL  frame: CD FF FF 5F FF C4 E8 4B
[13:41:32][I][fujitsu.heatpump:179]: CTRL decoded: pwr=OFF fan=3 (CTRL0=0xCD)
[13:41:32][D][fujitsu.climate:175]: State updated - Mode: 0, Target: 18.0°C, Current: nan°C
[13:41:32][W][component:239]: Component fujitsu_climate.climate took a long time for an operation (63 ms).
[13:41:32][W][component:240]: Components should block for at most 30 ms.
[13:41:32][D][status_led:050]: 'Status LED': Setting state ON
[13:41:32][D][fujitsu.heatpump:067]: UNIT  frame: FE DF DF 7F FF C4 E8 6B
[13:41:32][D][fujitsu.heatpump:105]: RAW [0xDF->0xDF]: FE DF DF 7F FF C4 E8 6B
[13:41:32][D][fujitsu.heatpump:124]:   B3=0x7F B4=0xFF (fixed overhead)
[13:41:32][D][fujitsu.heatpump:128]:   B5=0xC4  temp_raw=2 (->18°C) mode_nibble=3
[13:41:32][D][fujitsu.heatpump:129]:   B6=0xE8  (mapping TBD)
[13:41:32][I][fujitsu.heatpump:152]: State: pwr=OFF mode=3 temp=18°C room=nan°C fan=3
[13:41:32][D][fujitsu.climate:175]: State updated - Mode: 0, Target: 18.0°C, Current: nan°C
[13:41:32][D][fujitsu.heatpump:071]: CTRL  frame: CD FF FF 5F FF C4 E8 4B
[13:41:32][I][fujitsu.heatpump:179]: CTRL decoded: pwr=OFF fan=3 (CTRL0=0xCD)
[13:41:32][D][fujitsu.climate:175]: State updated - Mode: 0, Target: 18.0°C, Current: nan°C
[13:41:32][W][component:239]: Component fujitsu_climate.climate took a long time for an operation (63 ms).
[13:41:32][W][component:240]: Components should block for at most 30 ms.
[13:41:32][D][climate:396]: 'Fujitsu Heat Pump' - Sending state:
[13:41:32][D][climate:399]:   Mode: OFF
[13:41:32][D][climate:401]:   Action: OFF
[13:41:32][D][climate:404]:   Fan Mode: MEDIUM
[13:41:32][D][climate:419]:   Current Temperature: nan°C
[13:41:32][D][climate:425]:   Target Temperature: 18.00°C
[13:41:34][D][status_led:050]: 'Status LED': Setting state OFF
[13:41:34][D][fujitsu.heatpump:067]: UNIT  frame: FE DF DF 7F FF C4 E8 6B
[13:41:34][D][fujitsu.heatpump:105]: RAW [0xDF->0xDF]: FE DF DF 7F FF C4 E8 6B
[13:41:34][D][fujitsu.heatpump:124]:   B3=0x7F B4=0xFF (fixed overhead)
[13:41:34][D][fujitsu.heatpump:128]:   B5=0xC4  temp_raw=2 (->18°C) mode_nibble=3
[13:41:34][D][fujitsu.heatpump:129]:   B6=0xE8  (mapping TBD)
[13:41:34][I][fujitsu.heatpump:152]: State: pwr=OFF mode=3 temp=18°C room=nan°C fan=3
[13:41:34][D][fujitsu.climate:175]: State updated - Mode: 0, Target: 18.0°C, Current: nan°C
[13:41:34][D][fujitsu.heatpump:071]: CTRL  frame: CD FF FF 5F FF C4 E8 4B
[13:41:34][I][fujitsu.heatpump:179]: CTRL decoded: pwr=OFF fan=3 (CTRL0=0xCD)
[13:41:34][D][fujitsu.climate:175]: State updated - Mode: 0, Target: 18.0°C, Current: nan°C
[13:41:34][W][component:239]: Component fujitsu_climate.climate took a long time for an operation (64 ms).
[13:41:34][W][component:240]: Components should block for at most 30 ms.
[13:41:34][D][fujitsu.heatpump:067]: UNIT  frame: FE DF DF 7F FF C4 E8 6B
[13:41:34][D][fujitsu.heatpump:105]: RAW [0xDF->0xDF]: FE DF DF 7F FF C4 E8 6B
[13:41:34][D][fujitsu.heatpump:124]:   B3=0x7F B4=0xFF (fixed overhead)
[13:41:34][D][fujitsu.heatpump:128]:   B5=0xC4  temp_raw=2 (->18°C) mode_nibble=3
[13:41:34][D][fujitsu.heatpump:129]:   B6=0xE8  (mapping TBD)
[13:41:34][I][fujitsu.heatpump:152]: State: pwr=OFF mode=3 temp=18°C room=nan°C fan=3
[13:41:34][D][fujitsu.climate:175]: State updated - Mode: 0, Target: 18.0°C, Current: nan°C
[13:41:34][D][fujitsu.heatpump:071]: CTRL  frame: CD FF FF 5F FF C4 E8 4B
[13:41:34][I][fujitsu.heatpump:179]: CTRL decoded: pwr=OFF fan=3 (CTRL0=0xCD)
[13:41:34][D][fujitsu.climate:175]: State updated - Mode: 0, Target: 18.0°C, Current: nan°C
[13:41:34][W][component:239]: Component fujitsu_climate.climate took a long time for an operation (64 ms).
[13:41:34][W][component:240]: Components should block for at most 30 ms.
[13:41:34][D][climate:396]: 'Fujitsu Heat Pump' - Sending state:
[13:41:34][D][climate:399]:   Mode: OFF
[13:41:34][D][climate:401]:   Action: OFF
[13:41:34][D][climate:404]:   Fan Mode: MEDIUM
[13:41:34][D][climate:419]:   Current Temperature: nan°C
[13:41:34][D][climate:425]:   Target Temperature: 18.00°C
[13:41:34][V][sensor:043]: 'WiFi Signal': Received new state -66.000000
[13:41:34][D][sensor:094]: 'WiFi Signal': Sending state -66.00000 dBm with 0 decimals of accuracy
[13:41:34][D][fujitsu.heatpump:067]: UNIT  frame: FE DF DF 7F FF C4 E8 6B
[13:41:34][D][fujitsu.heatpump:105]: RAW [0xDF->0xDF]: FE DF DF 7F FF C4 E8 6B
[13:41:34][D][fujitsu.heatpump:124]:   B3=0x7F B4=0xFF (fixed overhead)
[13:41:34][D][fujitsu.heatpump:128]:   B5=0xC4  temp_raw=2 (->18°C) mode_nibble=3
[13:41:34][D][fujitsu.heatpump:129]:   B6=0xE8  (mapping TBD)
[13:41:34][I][fujitsu.heatpump:152]: State: pwr=OFF mode=3 temp=18°C room=nan°C fan=3
[13:41:34][D][fujitsu.climate:175]: State updated - Mode: 0, Target: 18.0°C, Current: nan°C
[13:41:34][D][fujitsu.heatpump:071]: CTRL  frame: CD FF FF 5F FF C4 E8 4B
[13:41:34][I][fujitsu.heatpump:179]: CTRL decoded: pwr=OFF fan=3 (CTRL0=0xCD)
[13:41:34][D][fujitsu.climate:175]: State updated - Mode: 0, Target: 18.0°C, Current: nan°C
[13:41:34][D][fujitsu.heatpump:067]: UNIT  frame: FE DF DF 7F FF C4 E8 6B
[13:41:34][D][fujitsu.heatpump:105]: RAW [0xDF->0xDF]: FE DF DF 7F FF C4 E8 6B
[13:41:34][D][fujitsu.heatpump:124]:   B3=0x7F B4=0xFF (fixed overhead)
[13:41:34][D][fujitsu.heatpump:128]:   B5=0xC4  temp_raw=2 (->18°C) mode_nibble=3
[13:41:34][D][fujitsu.heatpump:129]:   B6=0xE8  (mapping TBD)
[13:41:34][I][fujitsu.heatpump:152]: State: pwr=OFF mode=3 temp=18°C room=nan°C fan=3
[13:41:35][I][fujitsu.heatpump:179]: CTRL decoded: pwr=OFF fan=3 (CTRL0=0xCD)
[13:41:35][D][fujitsu.climate:175]: State updated - Mode: 0, Target: 18.0°C, Current: nan°C
[13:41:35][W][component:239]: Component fujitsu_climate.climate took a long time for an operation (142 ms).
[13:41:35][W][component:240]: Components should block for at most 30 ms.
[13:41:35][D][status_led:050]: 'Status LED': Setting state ON
[13:41:35][D][climate:396]: 'Fujitsu Heat Pump' - Sending state:
[13:41:35][D][climate:399]:   Mode: OFF
[13:41:35][D][climate:401]:   Action: OFF
[13:41:35][D][climate:404]:   Fan Mode: MEDIUM
[13:41:35][D][climate:419]:   Current Temperature: nan°C
[13:41:35][D][climate:425]:   Target Temperature: 18.00°C
[13:41:35][D][status_led:050]: 'Status LED': Setting state OFF
[13:41:35][D][fujitsu.heatpump:067]: UNIT  frame: FE DF DF 7F FF C4 E8 6B
[13:41:35][D][fujitsu.heatpump:105]: RAW [0xDF->0xDF]: FE DF DF 7F FF C4 E8 6B
[13:41:35][D][fujitsu.heatpump:124]:   B3=0x7F B4=0xFF (fixed overhead)
[13:41:35][D][fujitsu.heatpump:128]:   B5=0xC4  temp_raw=2 (->18°C) mode_nibble=3
[13:41:35][D][fujitsu.heatpump:129]:   B6=0xE8  (mapping TBD)
[13:41:35][I][fujitsu.heatpump:152]: State: pwr=OFF mode=3 temp=18°C room=nan°C fan=3
[13:41:35][D][fujitsu.climate:175]: State updated - Mode: 0, Target: 18.0°C, Current: nan°C
[13:41:35][D][fujitsu.heatpump:071]: CTRL  frame: CD FF FF 5F FF C4 E8 4B
[13:41:35][I][fujitsu.heatpump:179]: CTRL decoded: pwr=OFF fan=3 (CTRL0=0xCD)
[13:41:35][D][fujitsu.climate:175]: State updated - Mode: 0, Target: 18.0°C, Current: nan°C
[13:41:35][D][fujitsu.heatpump:067]: UNIT  frame: FE DF DF 7F FF C4 E8 6B
[13:41:35][D][fujitsu.heatpump:105]: RAW [0xDF->0xDF]: FE DF DF 7F FF C4 E8 6B
[13:41:35][D][fujitsu.heatpump:124]:   B3=0x7F B4=0xFF (fixed overhead)
[13:41:35][D][fujitsu.heatpump:128]:   B5=0xC4  temp_raw=2 (->18°C) mode_nibble=3
[13:41:35][D][fujitsu.heatpump:129]:   B6=0xE8  (mapping TBD)
[13:41:35][I][fujitsu.heatpump:152]: State: pwr=OFF mode=3 temp=18°C room=nan°C fan=3
[13:41:36][I][fujitsu.heatpump:179]: CTRL decoded: pwr=OFF fan=3 (CTRL0=0xCD)
[13:41:36][D][fujitsu.climate:175]: State updated - Mode: 0, Target: 18.0°C, Current: nan°C
[13:41:36][W][component:239]: Component fujitsu_climate.climate took a long time for an operation (143 ms).
[13:41:36][W][component:240]: Components should block for at most 30 ms.
[13:41:36][D][fujitsu.heatpump:067]: UNIT  frame: FE DF DF 7F FF C4 E8 6B
[13:41:36][D][fujitsu.heatpump:105]: RAW [0xDF->0xDF]: FE DF DF 7F FF C4 E8 6B
[13:41:36][D][fujitsu.heatpump:124]:   B3=0x7F B4=0xFF (fixed overhead)
[13:41:36][D][fujitsu.heatpump:128]:   B5=0xC4  temp_raw=2 (->18°C) mode_nibble=3
[13:41:36][D][fujitsu.heatpump:129]:   B6=0xE8  (mapping TBD)
[13:41:36][I][fujitsu.heatpump:152]: State: pwr=OFF mode=3 temp=18°C room=nan°C fan=3
[13:41:36][D][fujitsu.climate:175]: State updated - Mode: 0, Target: 18.0°C, Current: nan°C
[13:41:36][D][fujitsu.heatpump:071]: CTRL  frame: CD FF FF 5F FF C4 E8 4B
[13:41:36][I][fujitsu.heatpump:179]: CTRL decoded: pwr=OFF fan=3 (CTRL0=0xCD)
[13:41:36][D][fujitsu.climate:175]: State updated - Mode: 0, Target: 18.0°C, Current: nan°C
[13:41:36][W][component:239]: Component fujitsu_climate.climate took a long time for an operation (68 ms).
[13:41:36][W][component:240]: Components should block for at most 30 ms.
[13:41:36][D][climate:396]: 'Fujitsu Heat Pump' - Sending state:
[13:41:36][D][climate:399]:   Mode: OFF
[13:41:36][D][climate:401]:   Action: OFF
[13:41:36][D][climate:404]:   Fan Mode: MEDIUM
[13:41:36][D][climate:419]:   Current Temperature: nan°C
[13:41:36][D][climate:425]:   Target Temperature: 18.00°C
[13:41:36][D][fujitsu.heatpump:067]: UNIT  frame: FE DF DF 7F FF C4 E8 6B
[13:41:36][D][fujitsu.heatpump:105]: RAW [0xDF->0xDF]: FE DF DF 7F FF C4 E8 6B
[13:41:36][D][fujitsu.heatpump:124]:   B3=0x7F B4=0xFF (fixed overhead)
[13:41:36][D][fujitsu.heatpump:128]:   B5=0xC4  temp_raw=2 (->18°C) mode_nibble=3
[13:41:36][D][fujitsu.heatpump:129]:   B6=0xE8  (mapping TBD)
[13:41:36][I][fujitsu.heatpump:152]: State: pwr=OFF mode=3 temp=18°C room=nan°C fan=3
[13:41:36][D][fujitsu.climate:175]: State updated - Mode: 0, Target: 18.0°C, Current: nan°C
[13:41:36][D][fujitsu.heatpump:071]: CTRL  frame: CD FF FF 5F FF C4 E8 4B
[13:41:36][I][fujitsu.heatpump:179]: CTRL decoded: pwr=OFF fan=3 (CTRL0=0xCD)
[13:41:36][D][fujitsu.climate:175]: State updated - Mode: 0, Target: 18.0°C, Current: nan°C
[13:41:36][D][fujitsu.heatpump:067]: UNIT  frame: FE DF DF 7F FF C4 E8 6B
[13:41:36][D][fujitsu.heatpump:105]: RAW [0xDF->0xDF]: FE DF DF 7F FF C4 E8 6B
[13:41:36][D][fujitsu.heatpump:124]:   B3=0x7F B4=0xFF (fixed overhead)
[13:41:36][D][fujitsu.heatpump:128]:   B5=0xC4  temp_raw=2 (->18°C) mode_nibble=3
[13:41:36][D][fujitsu.heatpump:129]:   B6=0xE8  (mapping TBD)
[13:41:36][I][fujitsu.heatpump:152]: State: pwr=OFF mode=3 temp=18°C room=nan°C fan=3
[13:41:38][D][fujitsu.heatpump:071]: CTRL  frame: CD FF FF 5F FF C4 E8 4B
[13:41:38][I][fujitsu.heatpump:179]: CTRL decoded: pwr=OFF fan=3 (CTRL0=0xCD)
[13:41:38][D][fujitsu.climate:175]: State updated - Mode: 0, Target: 18.0°C, Current: nan°C
[13:41:38][W][component:239]: Component fujitsu_climate.climate took a long time for an operation (145 ms).
[13:41:38][W][component:240]: Components should block for at most 30 ms.
[13:41:38][D][status_led:050]: 'Status LED': Setting state ON
[13:41:38][D][climate:396]: 'Fujitsu Heat Pump' - Sending state:
[13:41:38][D][climate:399]:   Mode: OFF
[13:41:38][D][climate:401]:   Action: OFF
[13:41:38][D][climate:404]:   Fan Mode: MEDIUM
[13:41:38][D][climate:419]:   Current Temperature: nan°C
[13:41:38][D][climate:425]:   Target Temperature: 18.00°C
[13:41:38][D][fujitsu.heatpump:067]: UNIT  frame: FE DF DF 7F FF C4 E8 6B
[13:41:38][D][fujitsu.heatpump:105]: RAW [0xDF->0xDF]: FE DF DF 7F FF C4 E8 6B
[13:41:38][D][fujitsu.heatpump:124]:   B3=0x7F B4=0xFF (fixed overhead)
[13:41:38][D][fujitsu.heatpump:128]:   B5=0xC4  temp_raw=2 (->18°C) mode_nibble=3
[13:41:38][D][fujitsu.heatpump:129]:   B6=0xE8  (mapping TBD)
[13:41:38][I][fujitsu.heatpump:152]: State: pwr=OFF mode=3 temp=18°C room=nan°C fan=3
[13:41:38][D][fujitsu.climate:175]: State updated - Mode: 0, Target: 18.0°C, Current: nan°C
[13:41:38][D][fujitsu.heatpump:071]: CTRL  frame: CD FF FF 5F FF C4 E8 4B
[13:41:38][I][fujitsu.heatpump:179]: CTRL decoded: pwr=OFF fan=3 (CTRL0=0xCD)
[13:41:38][D][fujitsu.climate:175]: State updated - Mode: 0, Target: 18.0°C, Current: nan°C
[13:41:38][W][component:239]: Component fujitsu_climate.climate took a long time for an operation (64 ms).
[13:41:38][W][component:240]: Components should block for at most 30 ms.
[13:41:38][D][status_led:050]: 'Status LED': Setting state OFF
[13:41:38][D][fujitsu.heatpump:067]: UNIT  frame: FE DF DF 7F FF C4 E8 6B
[13:41:38][D][fujitsu.heatpump:105]: RAW [0xDF->0xDF]: FE DF DF 7F FF C4 E8 6B
[13:41:38][D][fujitsu.heatpump:124]:   B3=0x7F B4=0xFF (fixed overhead)
[13:41:38][D][fujitsu.heatpump:128]:   B5=0xC4  temp_raw=2 (->18°C) mode_nibble=3
[13:41:38][D][fujitsu.heatpump:129]:   B6=0xE8  (mapping TBD)
[13:41:38][I][fujitsu.heatpump:152]: State: pwr=OFF mode=3 temp=18°C room=nan°C fan=3
[13:41:38][D][fujitsu.climate:175]: State updated - Mode: 0, Target: 18.0°C, Current: nan°C
[13:41:38][D][fujitsu.heatpump:071]: CTRL  frame: CD FF FF 5F FF C4 E8 4B
[13:41:38][I][fujitsu.heatpump:179]: CTRL decoded: pwr=OFF fan=3 (CTRL0=0xCD)
[13:41:38][D][fujitsu.climate:175]: State updated - Mode: 0, Target: 18.0°C, Current: nan°C
[13:41:38][W][component:239]: Component fujitsu_climate.climate took a long time for an operation (64 ms).
[13:41:38][W][component:240]: Components should block for at most 30 ms.
[13:41:38][D][fujitsu.heatpump:067]: UNIT  frame: FE DF DF 7F FF C4 E8 6B
[13:41:38][D][fujitsu.heatpump:105]: RAW [0xDF->0xDF]: FE DF DF 7F FF C4 E8 6B
[13:41:38][D][fujitsu.heatpump:124]:   B3=0x7F B4=0xFF (fixed overhead)
[13:41:38][D][fujitsu.heatpump:128]:   B5=0xC4  temp_raw=2 (->18°C) mode_nibble=3
[13:41:38][D][fujitsu.heatpump:129]:   B6=0xE8  (mapping TBD)
[13:41:38][I][fujitsu.heatpump:152]: State: pwr=OFF mode=3 temp=18°C room=nan°C fan=3
[13:41:38][D][fujitsu.climate:175]: State updated - Mode: 0, Target: 18.0°C, Current: nan°C
[13:41:38][D][fujitsu.heatpump:071]: CTRL  frame: CD FF FF 5F FF C4 E8 4B
[13:41:38][I][fujitsu.heatpump:179]: CTRL decoded: pwr=OFF fan=3 (CTRL0=0xCD)
[13:41:38][D][fujitsu.climate:175]: State updated - Mode: 0, Target: 18.0°C, Current: nan°C
[13:41:38][W][component:239]: Component fujitsu_climate.climate took a long time for an operation (74 ms).
[13:41:38][W][component:240]: Components should block for at most 30 ms.
[13:41:38][D][climate:396]: 'Fujitsu Heat Pump' - Sending state:
[13:41:38][D][climate:399]:   Mode: OFF
[13:41:38][D][climate:401]:   Action: OFF
[13:41:38][D][climate:404]:   Fan Mode: MEDIUM
[13:41:38][D][fujitsu.heatpump:067]: UNIT  frame: FE DF DF 7F FF C4 E8 6B
[13:41:38][D][fujitsu.heatpump:105]: RAW [0xDF->0xDF]: FE DF DF 7F FF C4 E8 6B
[13:41:38][D][fujitsu.heatpump:124]:   B3=0x7F B4=0xFF (fixed overhead)
[13:41:38][D][fujitsu.heatpump:128]:   B5=0xC4  temp_raw=2 (->18°C) mode_nibble=3
[13:41:38][D][fujitsu.heatpump:129]:   B6=0xE8  (mapping TBD)
[13:41:38][I][fujitsu.heatpump:152]: State: pwr=OFF mode=3 temp=18°C room=nan°C fan=3
[13:41:38][D][fujitsu.climate:175]: State updated - Mode: 0, Target: 18.0°C, Current: nan°C
[13:41:38][D][fujitsu.heatpump:071]: CTRL  frame: CD FF FF 5F FF C4 E8 4B
[13:41:38][I][fujitsu.heatpump:179]: CTRL decoded: pwr=OFF fan=3 (CTRL0=0xCD)
[13:41:38][D][fujitsu.climate:175]: State updated - Mode: 0, Target: 18.0°C, Current: nan°C
[13:41:38][D][fujitsu.heatpump:067]: UNIT  frame: FE DF DF 7F FF C4 E8 6B
[13:41:38][D][fujitsu.heatpump:105]: RAW [0xDF->0xDF]: FE DF DF 7F FF C4 E8 6B
[13:41:38][D][fujitsu.heatpump:124]:   B3=0x7F B4=0xFF (fixed overhead)
[13:41:38][D][fujitsu.heatpump:128]:   B5=0xC4  temp_raw=2 (->18°C) mode_nibble=3
[13:41:38][D][fujitsu.heatpump:129]:   B6=0xE8  (mapping TBD)
[13:41:38][I][fujitsu.heatpump:152]: State: pwr=OFF mode=3 temp=18°C room=nan°C fan=3
[13:41:43][D][status_led:050]: 'Status LED': Setting state ON
[13:41:43][D][climate:396]: 'Fujitsu Heat Pump' - Sending state:
[13:41:43][D][climate:399]:   Mode: OFF
[13:41:43][D][climate:401]:   Action: OFF
[13:41:43][D][climate:404]:   Fan Mode: MEDIUM
[13:41:43][D][climate:419]:   Current Temperature: nan°C
[13:41:43][D][climate:425]:   Target Temperature: 18.00°C
[13:41:43][D][status_led:050]: 'Status LED': Setting state OFF
[13:41:43][D][fujitsu.heatpump:067]: UNIT  frame: FE DF DF 7F FF C4 E8 6B
[13:41:43][D][fujitsu.heatpump:105]: RAW [0xDF->0xDF]: FE DF DF 7F FF C4 E8 6B
[13:41:43][D][fujitsu.heatpump:124]:   B3=0x7F B4=0xFF (fixed overhead)
[13:41:43][D][fujitsu.heatpump:128]:   B5=0xC4  temp_raw=2 (->18°C) mode_nibble=3
[13:41:43][D][fujitsu.heatpump:129]:   B6=0xE8  (mapping TBD)
[13:41:43][I][fujitsu.heatpump:152]: State: pwr=OFF mode=3 temp=18°C room=nan°C fan=3
[13:41:43][D][fujitsu.climate:175]: State updated - Mode: 0, Target: 18.0°C, Current: nan°C
[13:41:43][D][fujitsu.heatpump:071]: CTRL  frame: CD FF FF 5F FF C4 E8 4B
[13:41:43][I][fujitsu.heatpump:179]: CTRL decoded: pwr=OFF fan=3 (CTRL0=0xCD)
[13:41:43][D][fujitsu.climate:175]: State updated - Mode: 0, Target: 18.0°C, Current: nan°C
[13:41:43][D][fujitsu.heatpump:067]: UNIT  frame: FE DF DF 7F FF C4 E8 6B
[13:41:43][D][fujitsu.heatpump:105]: RAW [0xDF->0xDF]: FE DF DF 7F FF C4 E8 6B
[13:41:43][D][fujitsu.heatpump:124]:   B3=0x7F B4=0xFF (fixed overhead)
[13:41:43][D][fujitsu.heatpump:128]:   B5=0xC4  temp_raw=2 (->18°C) mode_nibble=3
[13:41:43][D][fujitsu.heatpump:129]:   B6=0xE8  (mapping TBD)
[13:41:43][I][fujitsu.heatpump:152]: State: pwr=OFF mode=3 temp=18°C room=nan°C fan=3
[13:41:43][D][fujitsu.climate:175]: State updated - Mode: 0, Target: 18.0°C, Current: nan°C
[13:41:43][D][fujitsu.heatpump:071]: CTRL  frame: CD FF FF 5F FF C4 E8 4B
[13:41:43][I][fujitsu.heatpump:179]: CTRL decoded: pwr=OFF fan=3 (CTRL0=0xCD)
[13:41:43][D][fujitsu.climate:175]: State updated - Mode: 0, Target: 18.0°C, Current: nan°C
[13:41:43][W][component:239]: Component fujitsu_climate.climate took a long time for an operation (144 ms).
[13:41:43][W][component:240]: Components should block for at most 30 ms.
[13:41:43][D][climate:396]: 'Fujitsu Heat Pump' - Sending state:
[13:41:43][D][climate:399]:   Mode: OFF
[13:41:43][D][climate:401]:   Action: OFF
[13:41:43][D][climate:404]:   Fan Mode: MEDIUM
[13:41:43][D][climate:419]:   Current Temperature: nan°C
[13:41:43][D][climate:425]:   Target Temperature: 18.00°C
[13:41:43][D][fujitsu.heatpump:067]: UNIT  frame: FE DF DF 7F FF C4 E8 6B
[13:41:43][D][fujitsu.heatpump:105]: RAW [0xDF->0xDF]: FE DF DF 7F FF C4 E8 6B
[13:41:43][D][fujitsu.heatpump:124]:   B3=0x7F B4=0xFF (fixed overhead)
[13:41:43][D][fujitsu.heatpump:128]:   B5=0xC4  temp_raw=2 (->18°C) mode_nibble=3
[13:41:43][D][fujitsu.heatpump:129]:   B6=0xE8  (mapping TBD)
[13:41:43][I][fujitsu.heatpump:152]: State: pwr=OFF mode=3 temp=18°C room=nan°C fan=3
[13:41:43][D][fujitsu.climate:175]: State updated - Mode: 0, Target: 18.0°C, Current: nan°C
[13:41:43][D][fujitsu.heatpump:071]: CTRL  frame: CD FF FF 5F FF C4 E8 4B
[13:41:43][I][fujitsu.heatpump:179]: CTRL decoded: pwr=OFF fan=3 (CTRL0=0xCD)
[13:41:43][D][fujitsu.climate:175]: State updated - Mode: 0, Target: 18.0°C, Current: nan°C
[13:41:43][W][component:239]: Component fujitsu_climate.climate took a long time for an operation (66 ms).
[13:41:43][W][component:240]: Components should block for at most 30 ms.
[13:41:43][D][fujitsu.heatpump:067]: UNIT  frame: FE DF DF 7F FF C4 E8 6B
[13:41:43][D][fujitsu.heatpump:105]: RAW [0xDF->0xDF]: FE DF DF 7F FF C4 E8 6B
[13:41:43][D][fujitsu.heatpump:124]:   B3=0x7F B4=0xFF (fixed overhead)
[13:41:43][D][fujitsu.heatpump:128]:   B5=0xC4  temp_raw=2 (->18°C) mode_nibble=3
[13:41:43][D][fujitsu.heatpump:129]:   B6=0xE8  (mapping TBD)
[13:41:43][I][fujitsu.heatpump:152]: State: pwr=OFF mode=3 temp=18°C room=nan°C fan=3
[13:41:43][D][fujitsu.climate:175]: State updated - Mode: 0, Target: 18.0°C, Current: nan°C
[13:41:43][D][fujitsu.heatpump:071]: CTRL  frame: CD FF FF 5F FF C4 E8 4B
[13:41:43][I][fujitsu.heatpump:179]: CTRL decoded: pwr=OFF fan=3 (CTRL0=0xCD)
[13:41:43][D][fujitsu.climate:175]: State updated - Mode: 0, Target: 18.0°C, Current: nan°C
[13:41:43][W][component:239]: Component fujitsu_climate.climate took a long time for an operation (67 ms).
[13:41:43][W][component:240]: Components should block for at most 30 ms.
[13:41:43][D][fujitsu.heatpump:067]: UNIT  frame: FE DF DF 7F FF C4 E8 6B
[13:41:43][D][fujitsu.heatpump:105]: RAW [0xDF->0xDF]: FE DF DF 7F FF C4 E8 6B
[13:41:43][D][fujitsu.heatpump:124]:   B3=0x7F B4=0xFF (fixed overhead)
[13:41:43][D][fujitsu.heatpump:128]:   B5=0xC4  temp_raw=2 (->18°C) mode_nibble=3
[13:41:43][D][fujitsu.heatpump:129]:   B6=0xE8  (mapping TBD)
[13:41:43][I][fujitsu.heatpump:152]: State: pwr=OFF mode=3 temp=18°C room=nan°C fan=3
[13:41:43][D][fujitsu.climate:175]: State updated - Mode: 0, Target: 18.0°C, Current: nan°C
[13:41:43][D][fujitsu.heatpump:071]: CTRL  frame: CD FF FF 5F FF C4 E8 4B
[13:41:43][I][fujitsu.heatpump:179]: CTRL decoded: pwr=OFF fan=3 (CTRL0=0xCD)
[13:41:43][D][fujitsu.climate:175]: State updated - Mode: 0, Target: 18.0°C, Current: nan°C
[13:41:43][W][component:239]: Component fujitsu_climate.climate took a long time for an operation (70 ms).
[13:41:43][W][component:240]: Components should block for at most 30 ms.
[13:41:43][D][status_led:050]: 'Status LED': Setting state ON
[13:41:43][D][climate:396]: 'Fujitsu Heat Pump' - Sending state:
[13:41:43][D][climate:399]:   Mode: OFF
[13:41:43][D][climate:401]:   Action: OFF
[13:41:43][D][climate:404]:   Fan Mode: MEDIUM
[13:41:43][D][climate:419]:   Current Temperature: nan°C
[13:41:43][D][climate:425]:   Target Temperature: 18.00°C
[13:41:43][D][fujitsu.heatpump:067]: UNIT  frame: FE DF DF 7F FF C4 E8 6B
[13:41:43][D][fujitsu.heatpump:105]: RAW [0xDF->0xDF]: FE DF DF 7F FF C4 E8 6B
[13:41:43][D][fujitsu.heatpump:124]:   B3=0x7F B4=0xFF (fixed overhead)
[13:41:43][D][fujitsu.heatpump:128]:   B5=0xC4  temp_raw=2 (->18°C) mode_nibble=3
[13:41:43][D][fujitsu.heatpump:129]:   B6=0xE8  (mapping TBD)
[13:41:43][I][fujitsu.heatpump:152]: State: pwr=OFF mode=3 temp=18°C room=nan°C fan=3
[13:41:43][D][fujitsu.climate:175]: State updated - Mode: 0, Target: 18.0°C, Current: nan°C
[13:41:43][D][fujitsu.heatpump:071]: CTRL  frame: CD FF FF 5F FF C4 E8 4B
[13:41:43][I][fujitsu.heatpump:179]: CTRL decoded: pwr=OFF fan=3 (CTRL0=0xCD)
[13:41:43][D][fujitsu.climate:175]: State updated - Mode: 0, Target: 18.0°C, Current: nan°C
[13:41:43][W][component:239]: Component fujitsu_climate.climate took a long time for an operation (65 ms).
[13:41:43][W][component:240]: Components should block for at most 30 ms.
[13:41:43][D][status_led:050]: 'Status LED': Setting state OFF
[13:41:43][D][fujitsu.heatpump:067]: UNIT  frame: FE DF DF 7F FF C4 E8 6B
[13:41:43][D][fujitsu.heatpump:105]: RAW [0xDF->0xDF]: FE DF DF 7F FF C4 E8 6B
[13:41:43][D][fujitsu.heatpump:124]:   B3=0x7F B4=0xFF (fixed overhead)
[13:41:43][D][fujitsu.heatpump:128]:   B5=0xC4  temp_raw=2 (->18°C) mode_nibble=3
[13:41:43][D][fujitsu.heatpump:129]:   B6=0xE8  (mapping TBD)
[13:41:43][I][fujitsu.heatpump:152]: State: pwr=OFF mode=3 temp=18°C room=nan°C fan=3
[13:41:43][D][fujitsu.climate:175]: State updated - Mode: 0, Target: 18.0°C, Current: nan°C
[13:41:43][D][fujitsu.heatpump:071]: CTRL  frame: CD FF FF 5F FF C4 E8 4B
[13:41:43][I][fujitsu.heatpump:179]: CTRL decoded: pwr=OFF fan=3 (CTRL0=0xCD)
[13:41:43][D][fujitsu.climate:175]: State updated - Mode: 0, Target: 18.0°C, Current: nan°C
[13:41:43][W][component:239]: Component fujitsu_climate.climate took a long time for an operation (70 ms).
[13:41:43][W][component:240]: Components should block for at most 30 ms.
[13:41:43][D][climate:396]: 'Fujitsu Heat Pump' - Sending state:
[13:41:43][D][climate:399]:   Mode: OFF
[13:41:43][D][climate:401]:   Action: OFF
[13:41:43][D][climate:404]:   Fan Mode: MEDIUM
[13:41:43][D][climate:419]:   Current Temperature: nan°C
[13:41:43][D][climate:425]:   Target Temperature: 18.00°C
[13:41:43][V][sensor:043]: 'Uptime': Received new state 615.734009
[13:41:43][D][sensor:094]: 'Uptime': Sending state 615.73401 s with 0 decimals of accuracy
[13:41:43][D][fujitsu.heatpump:067]: UNIT  frame: FE DF DF 7F FF C4 E8 6B
[13:41:43][D][fujitsu.heatpump:105]: RAW [0xDF->0xDF]: FE DF DF 7F FF C4 E8 6B
[13:41:43][D][fujitsu.heatpump:124]:   B3=0x7F B4=0xFF (fixed overhead)
[13:41:43][D][fujitsu.heatpump:128]:   B5=0xC4  temp_raw=2 (->18°C) mode_nibble=3
[13:41:43][D][fujitsu.heatpump:129]:   B6=0xE8  (mapping TBD)
[13:41:43][I][fujitsu.heatpump:152]: State: pwr=OFF mode=3 temp=18°C room=nan°C fan=3
[13:41:43][D][fujitsu.climate:175]: State updated - Mode: 0, Target: 18.0°C, Current: nan°C
[13:41:43][D][fujitsu.heatpump:071]: CTRL  frame: CD FF FF 5F FF C4 E8 4B
[13:41:43][I][fujitsu.heatpump:179]: CTRL decoded: pwr=OFF fan=3 (CTRL0=0xCD)
[13:41:43][D][fujitsu.climate:175]: State updated - Mode: 0, Target: 18.0°C, Current: nan°C
[13:41:43][D][fujitsu.heatpump:067]: UNIT  frame: FE DF DF 7F FF C4 E8 6B
[13:41:43][D][fujitsu.heatpump:105]: RAW [0xDF->0xDF]: FE DF DF 7F FF C4 E8 6B
[13:41:43][D][fujitsu.heatpump:124]:   B3=0x7F B4=0xFF (fixed overhead)
[13:41:43][D][fujitsu.heatpump:128]:   B5=0xC4  temp_raw=2 (->18°C) mode_nibble=3
[13:41:43][D][fujitsu.heatpump:129]:   B6=0xE8  (mapping TBD)
[13:41:43][I][fujitsu.heatpump:152]: State: pwr=OFF mode=3 temp=18°C room=nan°C fan=3
[13:41:43][D][fujitsu.climate:175]: State updated - Mode: 0, Target: 18.0°C, Current: nan°C
[13:41:43][D][fujitsu.heatpump:071]: CTRL  frame: CD FF FF 5F FF C4 E8 4B
[13:41:43][I][fujitsu.heatpump:179]: CTRL decoded: pwr=OFF fan=3 (CTRL0=0xCD)
[13:41:43][D][fujitsu.climate:175]: State updated - Mode: 0, Target: 18.0°C, Current: nan°C
[13:41:43][W][component:239]: Component fujitsu_climate.climate took a long time for an operation (140 ms).
[13:41:43][W][component:240]: Components should block for at most 30 ms.
[13:41:43][D][status_led:050]: 'Status LED': Setting state ON
[13:41:43][D][climate:396]: 'Fujitsu Heat Pump' - Sending state:
[13:41:43][D][climate:399]:   Mode: OFF
[13:41:43][D][climate:401]:   Action: OFF
[13:41:43][D][climate:404]:   Fan Mode: MEDIUM
[13:41:43][D][climate:419]:   Current Temperature: nan°C
[13:41:43][D][climate:425]:   Target Temperature: 18.00°C
[13:41:43][D][status_led:050]: 'Status LED': Setting state OFF
[13:41:43][D][fujitsu.heatpump:067]: UNIT  frame: FE DF DF 7F FF C4 E8 6B
[13:41:43][D][fujitsu.heatpump:105]: RAW [0xDF->0xDF]: FE DF DF 7F FF C4 E8 6B
[13:41:43][D][fujitsu.heatpump:124]:   B3=0x7F B4=0xFF (fixed overhead)
[13:41:43][D][fujitsu.heatpump:128]:   B5=0xC4  temp_raw=2 (->18°C) mode_nibble=3
[13:41:43][D][fujitsu.heatpump:129]:   B6=0xE8  (mapping TBD)
[13:41:43][I][fujitsu.heatpump:152]: State: pwr=OFF mode=3 temp=18°C room=nan°C fan=3
[13:41:43][D][fujitsu.climate:175]: State updated - Mode: 0, Target: 18.0°C, Current: nan°C
[13:41:43][D][fujitsu.heatpump:071]: CTRL  frame: CD FF FF 5F FF C4 E8 4B
[13:41:43][I][fujitsu.heatpump:179]: CTRL decoded: pwr=OFF fan=3 (CTRL0=0xCD)
[13:41:43][D][fujitsu.climate:175]: State updated - Mode: 0, Target: 18.0°C, Current: nan°C
[13:41:43][D][fujitsu.heatpump:067]: UNIT  frame: FE DF DF 7F FF C4 E8 6B
[13:41:43][D][fujitsu.heatpump:105]: RAW [0xDF->0xDF]: FE DF DF 7F FF C4 E8 6B
[13:41:43][D][fujitsu.heatpump:124]:   B3=0x7F B4=0xFF (fixed overhead)
[13:41:43][D][fujitsu.heatpump:128]:   B5=0xC4  temp_raw=2 (->18°C) mode_nibble=3
[13:41:43][D][fujitsu.heatpump:129]:   B6=0xE8  (mapping TBD)
[13:41:43][I][fujitsu.heatpump:152]: State: pwr=OFF mode=3 temp=18°C room=nan°C fan=3
[13:41:45][D][fujitsu.heatpump:067]: UNIT  frame: FE DF DF 7F FF C4 E8 6B
[13:41:45][D][fujitsu.heatpump:105]: RAW [0xDF->0xDF]: FE DF DF 7F FF C4 E8 6B
[13:41:45][D][fujitsu.heatpump:124]:   B3=0x7F B4=0xFF (fixed overhead)
[13:41:45][D][fujitsu.heatpump:128]:   B5=0xC4  temp_raw=2 (->18°C) mode_nibble=3
[13:41:45][D][fujitsu.heatpump:129]:   B6=0xE8  (mapping TBD)
[13:41:45][I][fujitsu.heatpump:152]: State: pwr=OFF mode=3 temp=18°C room=nan°C fan=3
[13:41:45][D][fujitsu.climate:175]: State updated - Mode: 0, Target: 18.0°C, Current: nan°C
[13:41:45][D][fujitsu.heatpump:071]: CTRL  frame: CD FF FF 5F FF C4 E8 4B
[13:41:45][I][fujitsu.heatpump:179]: CTRL decoded: pwr=OFF fan=3 (CTRL0=0xCD)
[13:41:45][D][fujitsu.climate:175]: State updated - Mode: 0, Target: 18.0°C, Current: nan°C
[13:41:45][W][component:239]: Component fujitsu_climate.climate took a long time for an operation (215 ms).
[13:41:45][W][component:240]: Components should block for at most 30 ms.
[13:41:45][D][climate:396]: 'Fujitsu Heat Pump' - Sending state:
[13:41:45][D][climate:399]:   Mode: OFF
[13:41:45][D][climate:401]:   Action: OFF
[13:41:45][D][climate:404]:   Fan Mode: MEDIUM
[13:41:45][D][climate:419]:   Current Temperature: nan°C
[13:41:45][D][climate:425]:   Target Temperature: 18.00°C
[13:41:45][D][fujitsu.heatpump:067]: UNIT  frame: FE DF DF 7F FF C4 E8 6B
[13:41:45][D][fujitsu.heatpump:105]: RAW [0xDF->0xDF]: FE DF DF 7F FF C4 E8 6B
[13:41:45][D][fujitsu.heatpump:124]:   B3=0x7F B4=0xFF (fixed overhead)
[13:41:45][D][fujitsu.heatpump:128]:   B5=0xC4  temp_raw=2 (->18°C) mode_nibble=3
[13:41:45][D][fujitsu.heatpump:129]:   B6=0xE8  (mapping TBD)
[13:41:45][I][fujitsu.heatpump:152]: State: pwr=OFF mode=3 temp=18°C room=nan°C fan=3
[13:41:45][D][fujitsu.climate:175]: State updated - Mode: 0, Target: 18.0°C, Current: nan°C
[13:41:45][D][fujitsu.heatpump:071]: CTRL  frame: CD FF FF 5F FF C4 E8 4B
[13:41:45][I][fujitsu.heatpump:179]: CTRL decoded: pwr=OFF fan=3 (CTRL0=0xCD)
[13:41:45][D][fujitsu.climate:175]: State updated - Mode: 0, Target: 18.0°C, Current: nan°C
[13:41:45][W][component:239]: Component fujitsu_climate.climate took a long time for an operation (66 ms).
[13:41:45][W][component:240]: Components should block for at most 30 ms.
[13:41:45][D][fujitsu.heatpump:067]: UNIT  frame: FE DF DF 7F FF C4 E8 6B
[13:41:45][D][fujitsu.heatpump:105]: RAW [0xDF->0xDF]: FE DF DF 7F FF C4 E8 6B
[13:41:45][D][fujitsu.heatpump:124]:   B3=0x7F B4=0xFF (fixed overhead)
[13:41:45][D][fujitsu.heatpump:128]:   B5=0xC4  temp_raw=2 (->18°C) mode_nibble=3
[13:41:45][D][fujitsu.heatpump:129]:   B6=0xE8  (mapping TBD)
[13:41:45][I][fujitsu.heatpump:152]: State: pwr=OFF mode=3 temp=18°C room=nan°C fan=3
[13:41:45][D][fujitsu.climate:175]: State updated - Mode: 0, Target: 18.0°C, Current: nan°C
[13:41:45][D][fujitsu.heatpump:071]: CTRL  frame: CD FF FF 5F FF C4 E8 4B
[13:41:45][I][fujitsu.heatpump:179]: CTRL decoded: pwr=OFF fan=3 (CTRL0=0xCD)
[13:41:45][D][fujitsu.climate:175]: State updated - Mode: 0, Target: 18.0°C, Current: nan°C
[13:41:45][W][component:239]: Component fujitsu_climate.climate took a long time for an operation (67 ms).
[13:41:45][W][component:240]: Components should block for at most 30 ms.
[13:41:45][V][sensor:043]: 'Free Heap Memory': Received new state 203332.000000
[13:41:45][D][sensor:094]: 'Free Heap Memory': Sending state 203332.00000 bytes with 1 decimals of accuracy
[13:41:45][D][status_led:050]: 'Status LED': Setting state ON
[13:41:45][D][climate:396]: 'Fujitsu Heat Pump' - Sending state:
[13:41:45][D][climate:399]:   Mode: OFF
[13:41:45][D][climate:401]:   Action: OFF
[13:41:45][D][climate:404]:   Fan Mode: MEDIUM
[13:41:45][D][climate:419]:   Current Temperature: nan°C
[13:41:45][D][climate:425]:   Target Temperature: 18.00°C
[13:41:45][D][fujitsu.heatpump:067]: UNIT  frame: FE DF DF 7F FF C4 E8 6B
[13:41:45][D][fujitsu.heatpump:105]: RAW [0xDF->0xDF]: FE DF DF 7F FF C4 E8 6B
[13:41:45][D][fujitsu.heatpump:124]:   B3=0x7F B4=0xFF (fixed overhead)
[13:41:45][D][fujitsu.heatpump:128]:   B5=0xC4  temp_raw=2 (->18°C) mode_nibble=3
[13:41:45][D][fujitsu.heatpump:129]:   B6=0xE8  (mapping TBD)
[13:41:45][I][fujitsu.heatpump:152]: State: pwr=OFF mode=3 temp=18°C room=nan°C fan=3
[13:41:45][D][fujitsu.climate:175]: State updated - Mode: 0, Target: 18.0°C, Current: nan°C
[13:41:45][D][fujitsu.heatpump:071]: CTRL  frame: CD FF FF 5F FF C4 E8 4B
[13:41:45][I][fujitsu.heatpump:179]: CTRL decoded: pwr=OFF fan=3 (CTRL0=0xCD)
[13:41:45][D][fujitsu.climate:175]: State updated - Mode: 0, Target: 18.0°C, Current: nan°C
[13:41:45][W][component:239]: Component fujitsu_climate.climate took a long time for an operation (66 ms).
[13:41:45][W][component:240]: Components should block for at most 30 ms.
[13:41:45][D][status_led:050]: 'Status LED': Setting state OFF
[13:41:47][D][fujitsu.heatpump:067]: UNIT  frame: FE DF DF 7F FF C4 E8 6B
[13:41:47][D][fujitsu.heatpump:105]: RAW [0xDF->0xDF]: FE DF DF 7F FF C4 E8 6B
[13:41:47][D][fujitsu.heatpump:124]:   B3=0x7F B4=0xFF (fixed overhead)
[13:41:47][D][fujitsu.heatpump:128]:   B5=0xC4  temp_raw=2 (->18°C) mode_nibble=3
[13:41:47][D][fujitsu.heatpump:129]:   B6=0xE8  (mapping TBD)
[13:41:47][I][fujitsu.heatpump:152]: State: pwr=OFF mode=3 temp=18°C room=nan°C fan=3
[13:41:47][D][fujitsu.climate:175]: State updated - Mode: 0, Target: 18.0°C, Current: nan°C
[13:41:47][D][fujitsu.heatpump:071]: CTRL  frame: CD FF FF 5F FF C4 E8 4B
[13:41:47][I][fujitsu.heatpump:179]: CTRL decoded: pwr=OFF fan=3 (CTRL0=0xCD)
[13:41:47][D][fujitsu.climate:175]: State updated - Mode: 0, Target: 18.0°C, Current: nan°C
[13:41:47][D][fujitsu.heatpump:067]: UNIT  frame: FE DF DF 7F FF C4 E8 6B
[13:41:47][D][fujitsu.heatpump:105]: RAW [0xDF->0xDF]: FE DF DF 7F FF C4 E8 6B
[13:41:47][D][fujitsu.heatpump:124]:   B3=0x7F B4=0xFF (fixed overhead)
[13:41:47][D][fujitsu.heatpump:128]:   B5=0xC4  temp_raw=2 (->18°C) mode_nibble=3
[13:41:47][D][fujitsu.heatpump:129]:   B6=0xE8  (mapping TBD)
[13:41:47][I][fujitsu.heatpump:152]: State: pwr=OFF mode=3 temp=18°C room=nan°C fan=3
[13:41:47][I][fujitsu.heatpump:179]: CTRL decoded: pwr=OFF fan=3 (CTRL0=0xCD)
[13:41:47][D][fujitsu.climate:175]: State updated - Mode: 0, Target: 18.0°C, Current: nan°C
[13:41:47][W][component:239]: Component fujitsu_climate.climate took a long time for an operation (142 ms).
[13:41:47][W][component:240]: Components should block for at most 30 ms.
[13:41:47][D][climate:396]: 'Fujitsu Heat Pump' - Sending state:
[13:41:47][D][climate:399]:   Mode: OFF
[13:41:47][D][climate:401]:   Action: OFF
[13:41:47][D][climate:404]:   Fan Mode: MEDIUM
[13:41:47][D][climate:419]:   Current Temperature: nan°C
[13:41:47][D][climate:425]:   Target Temperature: 18.00°C
[13:41:47][D][fujitsu.heatpump:067]: UNIT  frame: FE DF DF 7F FF C4 E8 6B
[13:41:47][D][fujitsu.heatpump:105]: RAW [0xDF->0xDF]: FE DF DF 7F FF C4 E8 6B
[13:41:47][D][fujitsu.heatpump:124]:   B3=0x7F B4=0xFF (fixed overhead)
[13:41:47][D][fujitsu.heatpump:129]:   B6=0xE8  (mapping TBD)
[13:41:47][I][fujitsu.heatpump:152]: State: pwr=OFF mode=3 temp=18°C room=nan°C fan=3
[13:41:47][D][fujitsu.climate:175]: State updated - Mode: 0, Target: 18.0°C, Current: nan°C
[13:41:47][D][fujitsu.heatpump:071]: CTRL  frame: CD FF FF 5F FF C4 E8 4B
[13:41:47][I][fujitsu.heatpump:179]: CTRL decoded: pwr=OFF fan=3 (CTRL0=0xCD)
[13:41:47][D][fujitsu.climate:175]: State updated - Mode: 0, Target: 18.0°C, Current: nan°C
[13:41:47][W][component:239]: Component fujitsu_climate.climate took a long time for an operation (70 ms).
[13:41:47][W][component:240]: Components should block for at most 30 ms.
[13:41:47][D][status_led:050]: 'Status LED': Setting state ON
[13:41:47][D][climate:396]: 'Fujitsu Heat Pump' - Sending state:
[13:41:47][D][climate:399]:   Mode: OFF
[13:41:47][D][climate:401]:   Action: OFF
[13:41:47][D][climate:404]:   Fan Mode: MEDIUM
[13:41:47][D][climate:419]:   Current Temperature: nan°C
[13:41:47][D][climate:425]:   Target Temperature: 18.00°C
[13:41:47][D][fujitsu.heatpump:067]: UNIT  frame: FE DF DF 7F FF C4 E8 6B
[13:41:47][D][fujitsu.heatpump:105]: RAW [0xDF->0xDF]: FE DF DF 7F FF C4 E8 6B
[13:41:47][D][fujitsu.heatpump:124]:   B3=0x7F B4=0xFF (fixed overhead)
[13:41:47][D][fujitsu.heatpump:128]:   B5=0xC4  temp_raw=2 (->18°C) mode_nibble=3
[13:41:47][D][fujitsu.heatpump:129]:   B6=0xE8  (mapping TBD)
[13:41:47][I][fujitsu.heatpump:152]: State: pwr=OFF mode=3 temp=18°C room=nan°C fan=3
[13:41:47][D][fujitsu.climate:175]: State updated - Mode: 0, Target: 18.0°C, Current: nan°C
[13:41:47][D][fujitsu.heatpump:071]: CTRL  frame: CD FF FF 5F FF C4 E8 4B
[13:41:47][I][fujitsu.heatpump:179]: CTRL decoded: pwr=OFF fan=3 (CTRL0=0xCD)
[13:41:47][D][fujitsu.climate:175]: State updated - Mode: 0, Target: 18.0°C, Current: nan°C
[13:41:47][D][fujitsu.heatpump:067]: UNIT  frame: FE DF DF 7F FF C4 E8 6B
[13:41:47][D][fujitsu.heatpump:105]: RAW [0xDF->0xDF]: FE DF DF 7F FF C4 E8 6B
[13:41:47][D][fujitsu.heatpump:124]:   B3=0x7F B4=0xFF (fixed overhead)
[13:41:47][D][fujitsu.heatpump:128]:   B5=0xC4  temp_raw=2 (->18°C) mode_nibble=3
[13:41:47][D][fujitsu.heatpump:129]:   B6=0xE8  (mapping TBD)
[13:41:47][I][fujitsu.heatpump:152]: State: pwr=OFF mode=3 temp=18°C room=nan°C fan=3
[13:41:48][D][status_led:050]: 'Status LED': Setting state OFF
[13:41:48][D][fujitsu.heatpump:067]: UNIT  frame: FE DF DF 7F FF C4 E8 6B
[13:41:48][D][fujitsu.heatpump:105]: RAW [0xDF->0xDF]: FE DF DF 7F FF C4 E8 6B
[13:41:48][D][fujitsu.heatpump:124]:   B3=0x7F B4=0xFF (fixed overhead)
[13:41:48][D][fujitsu.heatpump:128]:   B5=0xC4  temp_raw=2 (->18°C) mode_nibble=3
[13:41:48][D][fujitsu.heatpump:129]:   B6=0xE8  (mapping TBD)
[13:41:48][I][fujitsu.heatpump:152]: State: pwr=OFF mode=3 temp=18°C room=nan°C fan=3
[13:41:48][D][fujitsu.climate:175]: State updated - Mode: 0, Target: 18.0°C, Current: nan°C
[13:41:48][D][fujitsu.heatpump:071]: CTRL  frame: CD FF FF 5F FF C4 E8 4B
[13:41:48][I][fujitsu.heatpump:179]: CTRL decoded: pwr=OFF fan=3 (CTRL0=0xCD)
[13:41:48][D][fujitsu.climate:175]: State updated - Mode: 0, Target: 18.0°C, Current: nan°C
[13:41:48][W][component:239]: Component fujitsu_climate.climate took a long time for an operation (70 ms).
[13:41:48][W][component:240]: Components should block for at most 30 ms.
[13:41:48][D][climate:396]: 'Fujitsu Heat Pump' - Sending state:
[13:41:48][D][climate:399]:   Mode: OFF
[13:41:48][D][climate:401]:   Action: OFF
[13:41:48][D][climate:404]:   Fan Mode: MEDIUM
[13:41:48][D][climate:419]:   Current Temperature: nan°C
[13:41:48][D][climate:425]:   Target Temperature: 18.00°C
[13:41:48][D][fujitsu.heatpump:067]: UNIT  frame: FE DF DF 7F FF C4 E8 6B
[13:41:48][D][fujitsu.heatpump:105]: RAW [0xDF->0xDF]: FE DF DF 7F FF C4 E8 6B
[13:41:48][D][fujitsu.heatpump:124]:   B3=0x7F B4=0xFF (fixed overhead)
[13:41:48][D][fujitsu.heatpump:128]:   B5=0xC4  temp_raw=2 (->18°C) mode_nibble=3
[13:41:48][D][fujitsu.heatpump:129]:   B6=0xE8  (mapping TBD)
[13:41:48][I][fujitsu.heatpump:152]: State: pwr=OFF mode=3 temp=18°C room=nan°C fan=3
[13:41:48][D][fujitsu.climate:175]: State updated - Mode: 0, Target: 18.0°C, Current: nan°C
[13:41:48][D][fujitsu.heatpump:071]: CTRL  frame: CD FF FF 5F FF C4 E8 4B
[13:41:48][I][fujitsu.heatpump:179]: CTRL decoded: pwr=OFF fan=3 (CTRL0=0xCD)
[13:41:48][D][fujitsu.climate:175]: State updated - Mode: 0, Target: 18.0°C, Current: nan°C
[13:41:48][D][fujitsu.heatpump:067]: UNIT  frame: FE DF DF 7F FF C4 E8 6B
[13:41:48][D][fujitsu.heatpump:105]: RAW [0xDF->0xDF]: FE DF DF 7F FF C4 E8 6B
[13:41:48][D][fujitsu.heatpump:124]:   B3=0x7F B4=0xFF (fixed overhead)
[13:41:48][D][fujitsu.heatpump:128]:   B5=0xC4  temp_raw=2 (->18°C) mode_nibble=3
[13:41:48][D][fujitsu.heatpump:129]:   B6=0xE8  (mapping TBD)
[13:41:48][I][fujitsu.heatpump:152]: State: pwr=OFF mode=3 temp=18°C room=nan°C fan=3
[13:41:48][D][fujitsu.climate:175]: State updated - Mode: 0, Target: 18.0°C, Current: nan°C
[13:41:48][D][fujitsu.heatpump:071]: CTRL  frame: CD FF FF 5F FF C4 E8 4B
[13:41:48][I][fujitsu.heatpump:179]: CTRL decoded: pwr=OFF fan=3 (CTRL0=0xCD)
[13:41:48][D][fujitsu.climate:175]: State updated - Mode: 0, Target: 18.0°C, Current: nan°C
[13:41:48][W][component:239]: Component fujitsu_climate.climate took a long time for an operation (145 ms).
[13:41:50][D][fujitsu.heatpump:067]: UNIT  frame: FE DF DF 7F FF C4 E8 6B
[13:41:50][D][fujitsu.heatpump:105]: RAW [0xDF->0xDF]: FE DF DF 7F FF C4 E8 6B
[13:41:50][D][fujitsu.heatpump:124]:   B3=0x7F B4=0xFF (fixed overhead)
[13:41:50][D][fujitsu.heatpump:128]:   B5=0xC4  temp_raw=2 (->18°C) mode_nibble=3
[13:41:50][D][fujitsu.heatpump:129]:   B6=0xE8  (mapping TBD)
[13:41:50][I][fujitsu.heatpump:152]: State: pwr=OFF mode=3 temp=18°C room=nan°C fan=3
[13:41:50][D][fujitsu.climate:175]: State updated - Mode: 0, Target: 18.0°C, Current: nan°C
[13:41:50][D][fujitsu.heatpump:071]: CTRL  frame: CD FF FF 5F FF C4 E8 4B
[13:41:50][I][fujitsu.heatpump:179]: CTRL decoded: pwr=OFF fan=3 (CTRL0=0xCD)
[13:41:50][D][fujitsu.climate:175]: State updated - Mode: 0, Target: 18.0°C, Current: nan°C
[13:41:50][W][component:239]: Component fujitsu_climate.climate took a long time for an operation (66 ms).
[13:41:50][W][component:240]: Components should block for at most 30 ms.
[13:41:50][D][status_led:050]: 'Status LED': Setting state ON
[13:41:50][D][climate:396]: 'Fujitsu Heat Pump' - Sending state:
[13:41:50][D][climate:399]:   Mode: OFF
[13:41:50][D][climate:401]:   Action: OFF
[13:41:50][D][climate:404]:   Fan Mode: MEDIUM
[13:41:50][D][climate:419]:   Current Temperature: nan°C
[13:41:50][D][climate:425]:   Target Temperature: 18.00°C
[13:41:50][D][fujitsu.heatpump:067]: UNIT  frame: FE DF DF 7F FF C4 E8 6B
[13:41:50][D][fujitsu.heatpump:105]: RAW [0xDF->0xDF]: FE DF DF 7F FF C4 E8 6B
[13:41:50][D][fujitsu.heatpump:124]:   B3=0x7F B4=0xFF (fixed overhead)
[13:41:50][D][fujitsu.heatpump:128]:   B5=0xC4  temp_raw=2 (->18°C) mode_nibble=3
[13:41:50][D][fujitsu.heatpump:129]:   B6=0xE8  (mapping TBD)
[13:41:50][I][fujitsu.heatpump:152]: State: pwr=OFF mode=3 temp=18°C room=nan°C fan=3
[13:41:50][D][fujitsu.climate:175]: State updated - Mode: 0, Target: 18.0°C, Current: nan°C
[13:41:50][D][fujitsu.heatpump:071]: CTRL  frame: CD FF FF 5F FF C4 E8 4B
[13:41:50][I][fujitsu.heatpump:179]: CTRL decoded: pwr=OFF fan=3 (CTRL0=0xCD)
[13:41:50][D][fujitsu.climate:175]: State updated - Mode: 0, Target: 18.0°C, Current: nan°C
[13:41:50][W][component:239]: Component fujitsu_climate.climate took a long time for an operation (63 ms).
[13:41:50][W][component:240]: Components should block for at most 30 ms.
[13:41:50][D][status_led:050]: 'Status LED': Setting state OFF
[13:41:50][D][fujitsu.heatpump:067]: UNIT  frame: FE DF DF 7F FF C4 E8 6B
[13:41:50][D][fujitsu.heatpump:105]: RAW [0xDF->0xDF]: FE DF DF 7F FF C4 E8 6B
[13:41:50][D][fujitsu.heatpump:124]:   B3=0x7F B4=0xFF (fixed overhead)
[13:41:50][D][fujitsu.heatpump:128]:   B5=0xC4  temp_raw=2 (->18°C) mode_nibble=3
[13:41:50][D][fujitsu.heatpump:129]:   B6=0xE8  (mapping TBD)
[13:41:50][I][fujitsu.heatpump:152]: State: pwr=OFF mode=3 temp=18°C room=nan°C fan=3
[13:41:50][D][fujitsu.climate:175]: State updated - Mode: 0, Target: 18.0°C, Current: nan°C
[13:41:50][D][fujitsu.heatpump:071]: CTRL  frame: CD FF FF 5F FF C4 E8 4B
[13:41:50][I][fujitsu.heatpump:179]: CTRL decoded: pwr=OFF fan=3 (CTRL0=0xCD)
[13:41:50][D][fujitsu.climate:175]: State updated - Mode: 0, Target: 18.0°C, Current: nan°C
[13:41:50][W][component:239]: Component fujitsu_climate.climate took a long time for an operation (66 ms).
[13:41:50][W][component:240]: Components should block for at most 30 ms.
[13:41:51][D][climate:396]: 'Fujitsu Heat Pump' - Sending state:
[13:41:53][D][climate:399]:   Mode: OFF
[13:41:53][D][climate:401]:   Action: OFF
[13:41:53][D][climate:404]:   Fan Mode: MEDIUM
[13:41:53][D][climate:419]:   Current Temperature: nan°C
[13:41:53][D][climate:425]:   Target Temperature: 18.00°C
[13:41:53][D][fujitsu.heatpump:067]: UNIT  frame: FE DF DF 7F FF C4 E8 6B
[13:41:53][D][fujitsu.heatpump:105]: RAW [0xDF->0xDF]: FE DF DF 7F FF C4 E8 6B
[13:41:53][D][fujitsu.heatpump:124]:   B3=0x7F B4=0xFF (fixed overhead)
[13:41:53][D][fujitsu.heatpump:128]:   B5=0xC4  temp_raw=2 (->18°C) mode_nibble=3
[13:41:53][D][fujitsu.heatpump:129]:   B6=0xE8  (mapping TBD)
[13:41:53][I][fujitsu.heatpump:152]: State: pwr=OFF mode=3 temp=18°C room=nan°C fan=3
[13:41:53][D][fujitsu.climate:175]: State updated - Mode: 0, Target: 18.0°C, Current: nan°C
[13:41:53][D][fujitsu.heatpump:071]: CTRL  frame: CD FF FF 5F FF C4 E8 4B
[13:41:53][I][fujitsu.heatpump:179]: CTRL decoded: pwr=OFF fan=3 (CTRL0=0xCD)
[13:41:53][D][fujitsu.climate:175]: State updated - Mode: 0, Target: 18.0°C, Current: nan°C
[13:41:53][I][fujitsu.heatpump:152]: State: pwr=OFF mode=3 temp=18°C room=nan°C fan=3
[13:41:54][D][fujitsu.heatpump:067]: UNIT  frame: FE DF DF 7F FF C4 E8 6B
[13:41:54][D][fujitsu.heatpump:105]: RAW [0xDF->0xDF]: FE DF DF 7F FF C4 E8 6B
[13:41:54][D][fujitsu.heatpump:124]:   B3=0x7F B4=0xFF (fixed overhead)
[13:41:54][D][fujitsu.heatpump:128]:   B5=0xC4  temp_raw=2 (->18°C) mode_nibble=3
[13:41:54][D][fujitsu.heatpump:129]:   B6=0xE8  (mapping TBD)
[13:41:54][I][fujitsu.heatpump:152]: State: pwr=OFF mode=3 temp=18°C room=nan°C fan=3
[13:41:54][D][fujitsu.climate:175]: State updated - Mode: 0, Target: 18.0°C, Current: nan°C
[13:41:54][D][fujitsu.heatpump:071]: CTRL  frame: CD FF FF 5F FF C4 E8 4B
[13:41:54][I][fujitsu.heatpump:179]: CTRL decoded: pwr=OFF fan=3 (CTRL0=0xCD)
[13:41:54][D][fujitsu.climate:175]: State updated - Mode: 0, Target: 18.0°C, Current: nan°C
[13:41:54][W][component:239]: Component fujitsu_climate.climate took a long time for an operation (69 ms).
[13:41:54][W][component:240]: Components should block for at most 30 ms.
[13:41:54][D][climate:396]: 'Fujitsu Heat Pump' - Sending state:
[13:41:54][D][climate:399]:   Mode: OFF
[13:41:54][D][climate:401]:   Action: OFF
[13:41:54][D][climate:404]:   Fan Mode: MEDIUM
[13:41:54][D][climate:419]:   Current Temperature: nan°C
[13:41:54][D][climate:425]:   Target Temperature: 18.00°C
[13:41:54][D][fujitsu.heatpump:067]: UNIT  frame: FE DF DF 7F FF C4 E8 6B
[13:41:54][D][fujitsu.heatpump:105]: RAW [0xDF->0xDF]: FE DF DF 7F FF C4 E8 6B
[13:41:54][D][fujitsu.heatpump:124]:   B3=0x7F B4=0xFF (fixed overhead)
[13:41:54][D][fujitsu.heatpump:128]:   B5=0xC4  temp_raw=2 (->18°C) mode_nibble=3
[13:41:54][D][fujitsu.heatpump:129]:   B6=0xE8  (mapping TBD)
[13:41:54][I][fujitsu.heatpump:152]: State: pwr=OFF mode=3 temp=18°C room=nan°C fan=3
[13:41:54][D][fujitsu.climate:175]: State updated - Mode: 0, Target: 18.0°C, Current: nan°C
[13:41:54][D][fujitsu.heatpump:071]: CTRL  frame: CD FF FF 5F FF C4 E8 4B
[13:41:54][I][fujitsu.heatpump:179]: CTRL decoded: pwr=OFF fan=3 (CTRL0=0xCD)
[13:41:54][D][fujitsu.climate:175]: State updated - Mode: 0, Target: 18.0°C, Current: nan°C
[13:41:54][W][component:239]: Component fujitsu_climate.climate took a long time for an operation (70 ms).
[13:41:54][W][component:240]: Components should block for at most 30 ms.
[13:41:55][D][status_led:050]: 'Status LED': Setting state ON
[13:41:55][D][climate:396]: 'Fujitsu Heat Pump' - Sending state:
[13:41:55][D][climate:399]:   Mode: OFF
[13:41:55][D][climate:401]:   Action: OFF
[13:41:55][D][climate:404]:   Fan Mode: MEDIUM
[13:41:55][D][climate:419]:   Current Temperature: nan°C
[13:41:55][D][climate:425]:   Target Temperature: 18.00°C
[13:41:55][D][status_led:050]: 'Status LED': Setting state OFF
[13:41:55][D][fujitsu.heatpump:067]: UNIT  frame: FE DF DF 7F FF C4 E8 6B
[13:41:55][D][fujitsu.heatpump:105]: RAW [0xDF->0xDF]: FE DF DF 7F FF C4 E8 6B
[13:41:55][D][fujitsu.heatpump:124]:   B3=0x7F B4=0xFF (fixed overhead)
[13:41:55][D][fujitsu.heatpump:128]:   B5=0xC4  temp_raw=2 (->18°C) mode_nibble=3
[13:41:55][D][fujitsu.heatpump:129]:   B6=0xE8  (mapping TBD)
[13:41:55][I][fujitsu.heatpump:152]: State: pwr=OFF mode=3 temp=18°C room=nan°C fan=3
[13:41:55][D][fujitsu.climate:175]: State updated - Mode: 0, Target: 18.0°C, Current: nan°C
[13:41:55][D][fujitsu.heatpump:071]: CTRL  frame: CD FF FF 5F FF C4 E8 4B
[13:41:55][I][fujitsu.heatpump:179]: CTRL decoded: pwr=OFF fan=3 (CTRL0=0xCD)
[13:41:55][D][fujitsu.climate:175]: State updated - Mode: 0, Target: 18.0°C, Current: nan°C
[13:41:55][D][fujitsu.heatpump:067]: UNIT  frame: FE DF DF 7F FF C4 E8 6B
[13:41:55][D][fujitsu.heatpump:105]: RAW [0xDF->0xDF]: FE DF DF 7F FF C4 E8 6B
[13:41:55][D][fujitsu.heatpump:124]:   B3=0x7F B4=0xFF (fixed overhead)
[13:41:55][D][fujitsu.heatpump:128]:   B5=0xC4  temp_raw=2 (->18°C) mode_nibble=3
[13:41:55][D][fujitsu.heatpump:129]:   B6=0xE8  (mapping TBD)
[13:41:56][D][fujitsu.climate:175]: State updated - Mode: 0, Target: 18.0°C, Current: nan°C
[13:41:56][D][fujitsu.heatpump:071]: CTRL  frame: CD FF FF 5F FF C4 E8 4B
[13:41:56][I][fujitsu.heatpump:179]: CTRL decoded: pwr=OFF fan=3 (CTRL0=0xCD)
[13:41:56][D][fujitsu.climate:175]: State updated - Mode: 0, Target: 18.0°C, Current: nan°C
[13:41:56][D][fujitsu.heatpump:067]: UNIT  frame: FE DF DF 7F FF C4 E8 6B
[13:41:56][D][fujitsu.heatpump:105]: RAW [0xDF->0xDF]: FE DF DF 7F FF C4 E8 6B
[13:41:56][D][fujitsu.heatpump:124]:   B3=0x7F B4=0xFF (fixed overhead)
[13:41:56][D][fujitsu.heatpump:128]:   B5=0xC4  temp_raw=2 (->18°C) mode_nibble=3
[13:41:56][D][fujitsu.heatpump:129]:   B6=0xE8  (mapping TBD)
[13:41:56][I][fujitsu.heatpump:152]: State: pwr=OFF mode=3 temp=18°C room=nan°C fan=3
[13:41:56][D][fujitsu.climate:175]: State updated - Mode: 0, Target: 18.0°C, Current: nan°C
[13:41:56][D][fujitsu.heatpump:071]: CTRL  frame: CD FF FF 5F FF C4 E8 4B
[13:41:56][I][fujitsu.heatpump:179]: CTRL decoded: pwr=OFF fan=3 (CTRL0=0xCD)
[13:41:56][D][fujitsu.climate:175]: State updated - Mode: 0, Target: 18.0°C, Current: nan°C
[13:41:56][W][component:239]: Component fujitsu_climate.climate took a long time for an operation (216 ms).
[13:41:56][W][component:240]: Components should block for at most 30 ms.
[13:41:56][D][climate:396]: 'Fujitsu Heat Pump' - Sending state:
[13:41:56][D][climate:399]:   Mode: OFF
[13:41:56][D][climate:401]:   Action: OFF
[13:41:56][D][climate:404]:   Fan Mode: MEDIUM
[13:41:56][D][climate:419]:   Current Temperature: nan°C
[13:41:56][D][climate:425]:   Target Temperature: 18.00°C
[13:41:56][D][fujitsu.heatpump:067]: UNIT  frame: FE DF DF 7F FF C4 E8 6B
[13:41:56][D][fujitsu.heatpump:105]: RAW [0xDF->0xDF]: FE DF DF 7F FF C4 E8 6B
[13:41:56][D][fujitsu.heatpump:124]:   B3=0x7F B4=0xFF (fixed overhead)
[13:41:56][D][fujitsu.heatpump:128]:   B5=0xC4  temp_raw=2 (->18°C) mode_nibble=3
[13:41:56][D][fujitsu.heatpump:129]:   B6=0xE8  (mapping TBD)
[13:41:56][I][fujitsu.heatpump:152]: State: pwr=OFF mode=3 temp=18°C room=nan°C fan=3
[13:41:56][D][fujitsu.climate:175]: State updated - Mode: 0, Target: 18.0°C, Current: nan°C
[13:41:56][D][fujitsu.heatpump:071]: CTRL  frame: CD FF FF 5F FF C4 E8 4B
[13:41:56][I][fujitsu.heatpump:179]: CTRL decoded: pwr=OFF fan=3 (CTRL0=0xCD)
[13:41:56][D][fujitsu.climate:175]: State updated - Mode: 0, Target: 18.0°C, Current: nan°C
[13:41:56][D][fujitsu.heatpump:067]: UNIT  frame: FE DF DF 7F FF C4 E8 6B
[13:41:56][D][fujitsu.heatpump:105]: RAW [0xDF->0xDF]: FE DF DF 7F FF C4 E8 6B
[13:41:56][D][fujitsu.heatpump:124]:   B3=0x7F B4=0xFF (fixed overhead)
[13:41:56][D][fujitsu.heatpump:128]:   B5=0xC4  temp_raw=2 (->18°C) mode_nibble=3
[13:41:56][D][fujitsu.heatpump:129]:   B6=0xE8  (mapping TBD)
[13:41:56][I][fujitsu.heatpump:152]: State: pwr=OFF mode=3 temp=18°C room=nan°C fan=3
[13:41:56][D][fujitsu.climate:175]: State updated - Mode: 0, Target: 18.0°C, Current: nan°C
[13:41:56][D][fujitsu.heatpump:071]: CTRL  frame: CD FF FF 5F FF C4 E8 4B
[13:41:56][I][fujitsu.heatpump:179]: CTRL decoded: pwr=OFF fan=3 (CTRL0=0xCD)
[13:41:56][D][fujitsu.climate:175]: State updated - Mode: 0, Target: 18.0°C, Current: nan°C
[13:41:56][W][component:239]: Component fujitsu_climate.climate took a long time for an operation (137 ms).
[13:41:56][W][component:240]: Components should block for at most 30 ms.
[13:42:00][D][fujitsu.heatpump:067]: UNIT  frame: FE DF DF 7F FF C4 E8 6B
[13:42:00][D][fujitsu.heatpump:105]: RAW [0xDF->0xDF]: FE DF DF 7F FF C4 E8 6B
[13:42:00][D][fujitsu.heatpump:124]:   B3=0x7F B4=0xFF (fixed overhead)
[13:42:00][D][fujitsu.heatpump:128]:   B5=0xC4  temp_raw=2 (->18°C) mode_nibble=3
[13:42:00][D][fujitsu.heatpump:129]:   B6=0xE8  (mapping TBD)
[13:42:00][I][fujitsu.heatpump:152]: State: pwr=OFF mode=3 temp=18°C room=nan°C fan=3
[13:42:00][D][fujitsu.climate:175]: State updated - Mode: 0, Target: 18.0°C, Current: nan°C
[13:42:00][D][fujitsu.heatpump:071]: CTRL  frame: CD FF FF 5F FF C4 E8 4B
[13:42:00][I][fujitsu.heatpump:179]: CTRL decoded: pwr=OFF fan=3 (CTRL0=0xCD)
[13:42:00][D][fujitsu.climate:175]: State updated - Mode: 0, Target: 18.0°C, Current: nan°C
[13:42:00][W][component:239]: Component fujitsu_climate.climate took a long time for an operation (65 ms).
[13:42:00][W][component:240]: Components should block for at most 30 ms.
[13:42:00][D][status_led:050]: 'Status LED': Setting state ON
[13:42:00][D][climate:396]: 'Fujitsu Heat Pump' - Sending state:
[13:42:00][D][climate:399]:   Mode: OFF
[13:42:00][D][climate:401]:   Action: OFF
[13:42:00][D][climate:404]:   Fan Mode: MEDIUM
[13:42:00][D][climate:419]:   Current Temperature: nan°C
[13:42:00][D][climate:425]:   Target Temperature: 18.00°C
[13:42:00][D][fujitsu.heatpump:067]: UNIT  frame: FE DF DF 7F FF C4 E8 6B
[13:42:00][D][fujitsu.heatpump:105]: RAW [0xDF->0xDF]: FE DF DF 7F FF C4 E8 6B
[13:42:00][D][fujitsu.heatpump:124]:   B3=0x7F B4=0xFF (fixed overhead)
[13:42:00][D][fujitsu.heatpump:128]:   B5=0xC4  temp_raw=2 (->18°C) mode_nibble=3
[13:42:00][D][fujitsu.heatpump:129]:   B6=0xE8  (mapping TBD)
[13:42:00][I][fujitsu.heatpump:152]: State: pwr=OFF mode=3 temp=18°C room=nan°C fan=3
[13:42:00][D][fujitsu.climate:175]: State updated - Mode: 0, Target: 18.0°C, Current: nan°C
[13:42:00][D][fujitsu.heatpump:071]: CTRL  frame: CD FF FF 5F FF C4 E8 4B
[13:42:00][I][fujitsu.heatpump:179]: CTRL decoded: pwr=OFF fan=3 (CTRL0=0xCD)
[13:42:00][D][fujitsu.climate:175]: State updated - Mode: 0, Target: 18.0°C, Current: nan°C
[13:42:00][W][component:239]: Component fujitsu_climate.climate took a long time for an operation (73 ms).
[13:42:00][W][component:240]: Components should block for at most 30 ms.
[13:42:00][D][status_led:050]: 'Status LED': Setting state OFF
[13:42:00][D][fujitsu.heatpump:067]: UNIT  frame: FE DF DF 7F FF C4 E8 6B
[13:42:00][D][fujitsu.heatpump:105]: RAW [0xDF->0xDF]: FE DF DF 7F FF C4 E8 6B
[13:42:00][D][fujitsu.heatpump:124]:   B3=0x7F B4=0xFF (fixed overhead)
[13:42:00][D][fujitsu.heatpump:128]:   B5=0xC4  temp_raw=2 (->18°C) mode_nibble=3
[13:42:00][D][fujitsu.heatpump:129]:   B6=0xE8  (mapping TBD)
[13:42:00][I][fujitsu.heatpump:152]: State: pwr=OFF mode=3 temp=18°C room=nan°C fan=3
[13:42:00][D][fujitsu.climate:175]: State updated - Mode: 0, Target: 18.0°C, Current: nan°C
[13:42:00][D][fujitsu.heatpump:071]: CTRL  frame: CD FF FF 5F FF C4 E8 4B
[13:42:00][I][fujitsu.heatpump:179]: CTRL decoded: pwr=OFF fan=3 (CTRL0=0xCD)
[13:42:00][D][fujitsu.climate:175]: State updated - Mode: 0, Target: 18.0°C, Current: nan°C
[13:42:00][W][component:239]: Component fujitsu_climate.climate took a long time for an operation (62 ms).
[13:42:00][W][component:240]: Components should block for at most 30 ms.
[13:42:00][D][climate:396]: 'Fujitsu Heat Pump' - Sending state:
[13:42:00][D][climate:399]:   Mode: OFF
[13:42:00][D][climate:401]:   Action: OFF
[13:42:00][D][climate:404]:   Fan Mode: MEDIUM
[13:42:00][D][climate:419]:   Current Temperature: nan°C
[13:42:00][D][climate:425]:   Target Temperature: 18.00°C
[13:42:00][D][fujitsu.heatpump:067]: UNIT  frame: FE DF DF 7F FF C4 E8 6B
[13:42:00][D][fujitsu.heatpump:105]: RAW [0xDF->0xDF]: FE DF DF 7F FF C4 E8 6B
[13:42:00][D][fujitsu.heatpump:124]:   B3=0x7F B4=0xFF (fixed overhead)
[13:42:00][D][fujitsu.heatpump:128]:   B5=0xC4  temp_raw=2 (->18°C) mode_nibble=3
[13:42:00][D][fujitsu.heatpump:129]:   B6=0xE8  (mapping TBD)
[13:42:00][I][fujitsu.heatpump:152]: State: pwr=OFF mode=3 temp=18°C room=nan°C fan=3
[13:42:00][D][fujitsu.climate:175]: State updated - Mode: 0, Target: 18.0°C, Current: nan°C
[13:42:00][D][fujitsu.heatpump:071]: CTRL  frame: CD FF FF 5F FF C4 E8 4B
[13:42:00][I][fujitsu.heatpump:179]: CTRL decoded: pwr=OFF fan=3 (CTRL0=0xCD)
[13:42:00][D][fujitsu.climate:175]: State updated - Mode: 0, Target: 18.0°C, Current: nan°C
[13:42:00][W][component:239]: Component fujitsu_climate.climate took a long time for an operation (64 ms).
[13:42:00][W][component:240]: Components should block for at most 30 ms.
[13:42:00][D][fujitsu.heatpump:067]: UNIT  frame: FE DF DF 7F FF C4 E8 6B
[13:42:00][D][fujitsu.heatpump:105]: RAW [0xDF->0xDF]: FE DF DF 7F FF C4 E8 6B
[13:42:00][D][fujitsu.heatpump:124]:   B3=0x7F B4=0xFF (fixed overhead)
[13:42:00][D][fujitsu.heatpump:128]:   B5=0xC4  temp_raw=2 (->18°C) mode_nibble=3
[13:42:00][D][fujitsu.heatpump:129]:   B6=0xE8  (mapping TBD)
[13:42:00][I][fujitsu.heatpump:152]: State: pwr=OFF mode=3 temp=18°C room=nan°C fan=3
[13:42:00][D][fujitsu.climate:175]: State updated - Mode: 0, Target: 18.0°C, Current: nan°C
[13:42:00][D][fujitsu.heatpump:071]: CTRL  frame: CD FF FF 5F FF C4 E8 4B
[13:42:00][I][fujitsu.heatpump:179]: CTRL decoded: pwr=OFF fan=3 (CTRL0=0xCD)
[13:42:00][D][fujitsu.climate:175]: State updated - Mode: 0, Target: 18.0°C, Current: nan°C
[13:42:00][W][component:239]: Component fujitsu_climate.climate took a long time for an operation (68 ms).
[13:42:00][W][component:240]: Components should block for at most 30 ms.
[13:42:00][D][fujitsu.heatpump:067]: UNIT  frame: FE DF DF 7F FF C4 E8 6B
[13:42:00][D][fujitsu.heatpump:105]: RAW [0xDF->0xDF]: FE DF DF 7F FF C4 E8 6B
[13:42:00][D][fujitsu.heatpump:124]:   B3=0x7F B4=0xFF (fixed overhead)
[13:42:00][D][fujitsu.heatpump:128]:   B5=0xC4  temp_raw=2 (->18°C) mode_nibble=3
[13:42:00][D][fujitsu.heatpump:129]:   B6=0xE8  (mapping TBD)
[13:42:00][I][fujitsu.heatpump:152]: State: pwr=OFF mode=3 temp=18°C room=nan°C fan=3
[13:42:00][D][fujitsu.climate:175]: State updated - Mode: 0, Target: 18.0°C, Current: nan°C
[13:42:00][D][fujitsu.heatpump:071]: CTRL  frame: CD FF FF 5F FF C4 E8 4B
[13:42:00][I][fujitsu.heatpump:179]: CTRL decoded: pwr=OFF fan=3 (CTRL0=0xCD)
[13:42:00][D][fujitsu.climate:175]: State updated - Mode: 0, Target: 18.0°C, Current: nan°C
[13:42:00][W][component:239]: Component fujitsu_climate.climate took a long time for an operation (67 ms).
[13:42:00][W][component:240]: Components should block for at most 30 ms.
[13:42:00][D][status_led:050]: 'Status LED': Setting state ON
[13:42:00][D][climate:396]: 'Fujitsu Heat Pump' - Sending state:
[13:42:00][D][climate:399]:   Mode: OFF
[13:42:00][D][climate:401]:   Action: OFF
[13:42:00][D][climate:404]:   Fan Mode: MEDIUM
[13:42:00][D][climate:419]:   Current Temperature: nan°C
[13:42:00][D][climate:425]:   Target Temperature: 18.00°C
[13:42:00][D][status_led:050]: 'Status LED': Setting state OFF
[13:42:00][D][fujitsu.heatpump:067]: UNIT  frame: FE DF DF 7F FF C4 E8 6B
[13:42:00][D][fujitsu.heatpump:105]: RAW [0xDF->0xDF]: FE DF DF 7F FF C4 E8 6B
[13:42:00][D][fujitsu.heatpump:124]:   B3=0x7F B4=0xFF (fixed overhead)
[13:42:00][D][fujitsu.heatpump:128]:   B5=0xC4  temp_raw=2 (->18°C) mode_nibble=3
[13:42:00][D][fujitsu.heatpump:129]:   B6=0xE8  (mapping TBD)
[13:42:00][I][fujitsu.heatpump:152]: State: pwr=OFF mode=3 temp=18°C room=nan°C fan=3
[13:42:00][D][fujitsu.climate:175]: State updated - Mode: 0, Target: 18.0°C, Current: nan°C
[13:42:00][D][fujitsu.heatpump:071]: CTRL  frame: CD FF FF 5F FF C4 E8 4B
[13:42:00][I][fujitsu.heatpump:179]: CTRL decoded: pwr=OFF fan=3 (CTRL0=0xCD)
[13:42:00][D][fujitsu.climate:175]: State updated - Mode: 0, Target: 18.0°C, Current: nan°C
[13:42:00][D][fujitsu.heatpump:067]: UNIT  frame: FE DF DF 7F FF C4 E8 6B
[13:42:00][D][fujitsu.heatpump:105]: RAW [0xDF->0xDF]: FE DF DF 7F FF C4 E8 6B
[13:42:00][D][fujitsu.heatpump:124]:   B3=0x7F B4=0xFF (fixed overhead)
[13:42:00][D][fujitsu.heatpump:128]:   B5=0xC4  temp_raw=2 (->18°C) mode_nibble=3
[13:42:00][D][fujitsu.heatpump:129]:   B6=0xE8  (mapping TBD)
[13:42:00][I][fujitsu.heatpump:152]: State: pwr=OFF mode=3 temp=18°C room=nan°C fan=3
[13:42:00][D][fujitsu.climate:175]: State updated - Mode: 0, Target: 18.0°C, Current: nan°C
[13:42:00][D][fujitsu.heatpump:071]: CTRL  frame: CD FF FF 5F FF C4 E8 4B
[13:42:00][I][fujitsu.heatpump:179]: CTRL decoded: pwr=OFF fan=3 (CTRL0=0xCD)
[13:42:00][D][fujitsu.climate:175]: State updated - Mode: 0, Target: 18.0°C, Current: nan°C
[13:42:00][W][component:239]: Component fujitsu_climate.climate took a long time for an operation (144 ms).
[13:42:00][W][component:240]: Components should block for at most 30 ms.
[13:42:00][D][climate:396]: 'Fujitsu Heat Pump' - Sending state:
[13:42:00][D][climate:399]:   Mode: OFF
[13:42:00][D][climate:401]:   Action: OFF
[13:42:00][D][climate:404]:   Fan Mode: MEDIUM
[13:42:00][D][climate:419]:   Current Temperature: nan°C
[13:42:00][D][climate:425]:   Target Temperature: 18.00°C
[13:42:01][D][status_led:050]: 'Status LED': Setting state ON
[13:42:01][D][fujitsu.heatpump:067]: UNIT  frame: FE DF DF 7F FF C4 E8 6B
[13:42:01][D][fujitsu.heatpump:105]: RAW [0xDF->0xDF]: FE DF DF 7F FF C4 E8 6B
[13:42:01][D][fujitsu.heatpump:124]:   B3=0x7F B4=0xFF (fixed overhead)
[13:42:01][D][fujitsu.heatpump:128]:   B5=0xC4  temp_raw=2 (->18°C) mode_nibble=3
[13:42:01][D][fujitsu.heatpump:129]:   B6=0xE8  (mapping TBD)
[13:42:01][I][fujitsu.heatpump:152]: State: pwr=OFF mode=3 temp=18°C room=nan°C fan=3
[13:42:01][D][fujitsu.climate:175]: State updated - Mode: 0, Target: 18.0°C, Current: nan°C
[13:42:01][D][fujitsu.heatpump:071]: CTRL  frame: CD FF FF 5F FF C4 E8 4B
[13:42:01][I][fujitsu.heatpump:179]: CTRL decoded: pwr=OFF fan=3 (CTRL0=0xCD)
[13:42:01][D][fujitsu.climate:175]: State updated - Mode: 0, Target: 18.0°C, Current: nan°C
[13:42:01][D][fujitsu.heatpump:067]: UNIT  frame: FE DF DF 7F FF C4 E8 6B
[13:42:01][D][fujitsu.heatpump:105]: RAW [0xDF->0xDF]: FE DF DF 7F FF C4 E8 6B
[13:42:01][D][fujitsu.heatpump:124]:   B3=0x7F B4=0xFF (fixed overhead)
[13:42:01][D][fujitsu.heatpump:128]:   B5=0xC4  temp_raw=2 (->18°C) mode_nibble=3
[13:42:01][D][fujitsu.heatpump:129]:   B6=0xE8  (mapping TBD)
[13:42:01][I][fujitsu.heatpump:152]: State: pwr=OFF mode=3 temp=18°C room=nan°C fan=3
[13:42:01][D][fujitsu.climate:175]: State updated - Mode: 0, Target: 18.0°C, Current: nan°C
[13:42:01][D][fujitsu.heatpump:071]: CTRL  frame: CD FF FF 5F FF C4 E8 4B
[13:42:01][I][fujitsu.heatpump:179]: CTRL decoded: pwr=OFF fan=3 (CTRL0=0xCD)
[13:42:01][D][fujitsu.climate:175]: State updated - Mode: 0, Target: 18.0°C, Current: nan°C
[13:42:01][D][fujitsu.heatpump:067]: UNIT  frame: FE DF DF 7F FF C4 E8 6B
[13:42:01][D][fujitsu.heatpump:105]: RAW [0xDF->0xDF]: FE DF DF 7F FF C4 E8 6B
[13:42:01][D][fujitsu.heatpump:124]:   B3=0x7F B4=0xFF (fixed overhead)
[13:42:01][D][fujitsu.heatpump:128]:   B5=0xC4  temp_raw=2 (->18°C) mode_nibble=3
[13:42:01][D][fujitsu.heatpump:129]:   B6=0xE8  (mapping TBD)
[13:42:01][I][fujitsu.heatpump:179]: CTRL decoded: pwr=OFF fan=3 (CTRL0=0xCD)
[13:42:01][W][component:239]: Component fujitsu_climate.climate took a long time for an operation (213 ms).
[13:42:01][W][component:240]: Components should block for at most 30 ms.
[13:42:01][D][climate:396]: 'Fujitsu Heat Pump' - Sending state:
[13:42:01][D][climate:399]:   Mode: OFF
[13:42:01][D][climate:401]:   Action: OFF
[13:42:01][D][climate:404]:   Fan Mode: MEDIUM
[13:42:01][D][climate:419]:   Current Temperature: nan°C
[13:42:01][V][json:040]: Size after shrink 208 bytes
[13:42:01][W][component:239]: Component fujitsu_climate.climate took a long time for an operation (57 ms).
[13:42:01][V][json:020]: Attempting to allocate 512 bytes for JSON serialization
[13:42:01][V][json:020]: Attempting to allocate 512 bytes for JSON serialization
[13:42:01][V][json:040]: Size after shrink 208 bytes
[13:42:01][V][json:040]: Size after shrink 208 bytes
[13:42:01][V][json:020]: Attempting to allocate 512 bytes for JSON serialization
[13:42:02][V][json:020]: Attempting to allocate 512 bytes for JSON serialization
[13:42:02][V][json:020]: Attempting to allocate 512 bytes for JSON serialization
[13:42:02][V][json:040]: Size after shrink 328 bytes
[13:42:02][V][json:020]: Attempting to allocate 512 bytes for JSON serialization
[13:42:02][V][json:040]: Size after shrink 328 bytes
[13:42:02][V][json:020]: Attempting to allocate 512 bytes for JSON serialization
[13:42:02][V][json:040]: Size after shrink 144 bytes
[13:42:02][V][json:020]: Attempting to allocate 512 bytes for JSON serialization
[13:42:02][V][json:040]: Size after shrink 152 bytes
[13:42:02][V][json:020]: Attempting to allocate 512 bytes for JSON serialization
[13:42:02][V][json:040]: Size after shrink 144 bytes
[13:42:02][V][json:020]: Attempting to allocate 512 bytes for JSON serialization
[13:42:02][V][json:040]: Size after shrink 160 bytes
[13:42:02][V][json:020]: Attempting to allocate 512 bytes for JSON serialization
[13:42:02][V][json:040]: Size after shrink 152 bytes
[13:42:02][V][json:020]: Attempting to allocate 512 bytes for JSON serialization
[13:42:02][V][json:040]: Size after shrink 160 bytes
[13:42:02][V][json:020]: Attempting to allocate 512 bytes for JSON serialization
[13:42:02][V][json:040]: Size after shrink 140 bytes
[13:42:02][V][json:020]: Attempting to allocate 512 bytes for JSON serialization
[13:42:02][V][json:040]: Size after shrink 140 bytes
[13:42:02][V][json:020]: Attempting to allocate 512 bytes for JSON serialization
[13:42:02][V][json:040]: Size after shrink 104 bytes
[13:42:02][V][json:020]: Attempting to allocate 512 bytes for JSON serialization
[13:42:02][V][json:040]: Size after shrink 104 bytes
[13:42:02][V][json:020]: Attempting to allocate 512 bytes for JSON serialization
[13:42:02][V][json:040]: Size after shrink 128 bytes
[13:42:02][V][json:020]: Attempting to allocate 512 bytes for JSON serialization
[13:42:02][V][json:040]: Size after shrink 140 bytes
[13:42:02][V][json:020]: Attempting to allocate 512 bytes for JSON serialization
[13:42:02][V][json:040]: Size after shrink 128 bytes
[13:42:02][V][json:020]: Attempting to allocate 512 bytes for JSON serialization
[13:42:02][V][json:040]: Size after shrink 136 bytes
[13:42:02][V][json:020]: Attempting to allocate 512 bytes for JSON serialization
[13:42:02][V][json:040]: Size after shrink 140 bytes
[13:42:02][V][json:020]: Attempting to allocate 512 bytes for JSON serialization
[13:42:02][V][json:040]: Size after shrink 168 bytes
[13:42:02][V][json:020]: Attempting to allocate 512 bytes for JSON serialization
[13:42:02][V][json:040]: Size after shrink 136 bytes
[13:42:02][D][fujitsu.heatpump:067]: UNIT  frame: FE DF DF 7F FF C4 E8 6B
[13:42:02][D][fujitsu.heatpump:071]: CTRL  frame: CD FF FF 5F FF C4 E8 4B
[13:42:02][W][component:240]: Components should block for at most 30 ms.
[13:42:03][D][fujitsu.heatpump:067]: UNIT  frame: FE DF DF 7F FF C4 E8 6B
[13:42:03][D][fujitsu.heatpump:105]: RAW [0xDF->0xDF]: FE DF DF 7F FF C4 E8 6B
[13:42:03][D][fujitsu.heatpump:124]:   B3=0x7F B4=0xFF (fixed overhead)
[13:42:03][D][fujitsu.heatpump:128]:   B5=0xC4  temp_raw=2 (->18°C) mode_nibble=3
[13:42:03][D][fujitsu.heatpump:129]:   B6=0xE8  (mapping TBD)
[13:42:03][I][fujitsu.heatpump:152]: State: pwr=OFF mode=3 temp=18°C room=nan°C fan=3
[13:42:03][D][fujitsu.climate:175]: State updated - Mode: 0, Target: 18.0°C, Current: nan°C
[13:42:03][D][fujitsu.heatpump:071]: CTRL  frame: CD FF FF 5F FF C4 E8 4B
[13:42:03][I][fujitsu.heatpump:179]: CTRL decoded: pwr=OFF fan=3 (CTRL0=0xCD)
[13:42:03][D][fujitsu.climate:175]: State updated - Mode: 0, Target: 18.0°C, Current: nan°C
[13:42:03][W][component:239]: Component fujitsu_climate.climate took a long time for an operation (67 ms).
[13:42:03][W][component:240]: Components should block for at most 30 ms.
[13:42:03][D][status_led:050]: 'Status LED': Setting state ON
[13:42:03][D][fujitsu.heatpump:067]: UNIT  frame: FE DF DF 7F FF C4 E8 6B
[13:42:03][D][fujitsu.heatpump:105]: RAW [0xDF->0xDF]: FE DF DF 7F FF C4 E8 6B
[13:42:03][D][fujitsu.heatpump:124]:   B3=0x7F B4=0xFF (fixed overhead)
[13:42:03][D][fujitsu.heatpump:128]:   B5=0xC4  temp_raw=2 (->18°C) mode_nibble=3
[13:42:03][D][fujitsu.heatpump:129]:   B6=0xE8  (mapping TBD)
[13:42:03][I][fujitsu.heatpump:152]: State: pwr=OFF mode=3 temp=18°C room=nan°C fan=3
[13:42:03][D][fujitsu.climate:175]: State updated - Mode: 0, Target: 18.0°C, Current: nan°C
[13:42:03][D][fujitsu.heatpump:071]: CTRL  frame: CD FF FF 5F FF C4 E8 4B
[13:42:03][I][fujitsu.heatpump:179]: CTRL decoded: pwr=OFF fan=3 (CTRL0=0xCD)
[13:42:03][D][fujitsu.climate:175]: State updated - Mode: 0, Target: 18.0°C, Current: nan°C
[13:42:03][W][component:239]: Component fujitsu_climate.climate took a long time for an operation (79 ms).
[13:42:03][W][component:240]: Components should block for at most 30 ms.
[13:42:03][D][climate:396]: 'Fujitsu Heat Pump' - Sending state:
[13:42:03][D][climate:399]:   Mode: OFF
[13:42:03][D][climate:401]:   Action: OFF
[13:42:03][D][climate:404]:   Fan Mode: MEDIUM
[13:42:08][D][status_led:050]: 'Status LED': Setting state OFF
[13:42:08][D][fujitsu.heatpump:067]: UNIT  frame: FE DF DF 7F FF C4 E8 6B
[13:42:08][D][fujitsu.heatpump:105]: RAW [0xDF->0xDF]: FE DF DF 7F FF C4 E8 6B
[13:42:08][D][fujitsu.heatpump:124]:   B3=0x7F B4=0xFF (fixed overhead)
[13:42:08][D][fujitsu.heatpump:128]:   B5=0xC4  temp_raw=2 (->18°C) mode_nibble=3
[13:42:08][D][fujitsu.heatpump:129]:   B6=0xE8  (mapping TBD)
[13:42:08][I][fujitsu.heatpump:152]: State: pwr=OFF mode=3 temp=18°C room=nan°C fan=3
[13:42:08][D][fujitsu.climate:175]: State updated - Mode: 0, Target: 18.0°C, Current: nan°C
[13:42:08][D][fujitsu.heatpump:071]: CTRL  frame: CD FF FF 5F FF C4 E8 4B
[13:42:08][I][fujitsu.heatpump:179]: CTRL decoded: pwr=OFF fan=3 (CTRL0=0xCD)
[13:42:08][D][fujitsu.climate:175]: State updated - Mode: 0, Target: 18.0°C, Current: nan°C
[13:42:08][W][component:239]: Component fujitsu_climate.climate took a long time for an operation (81 ms).
[13:42:08][W][component:240]: Components should block for at most 30 ms.
[13:42:08][D][fujitsu.heatpump:067]: UNIT  frame: FE DF DF 7F FF C4 E8 6B
[13:42:08][D][fujitsu.heatpump:105]: RAW [0xDF->0xDF]: FE DF DF 7F FF C4 E8 6B
[13:42:08][D][fujitsu.heatpump:124]:   B3=0x7F B4=0xFF (fixed overhead)
[13:42:08][D][fujitsu.heatpump:128]:   B5=0xC4  temp_raw=2 (->18°C) mode_nibble=3
[13:42:08][D][fujitsu.heatpump:129]:   B6=0xE8  (mapping TBD)
[13:42:08][I][fujitsu.heatpump:152]: State: pwr=OFF mode=3 temp=18°C room=nan°C fan=3
[13:42:08][D][fujitsu.climate:175]: State updated - Mode: 0, Target: 18.0°C, Current: nan°C
[13:42:08][D][fujitsu.heatpump:071]: CTRL  frame: CD FF FF 5F FF C4 E8 4B
[13:42:08][I][fujitsu.heatpump:179]: CTRL decoded: pwr=OFF fan=3 (CTRL0=0xCD)
[13:42:08][D][fujitsu.climate:175]: State updated - Mode: 0, Target: 18.0°C, Current: nan°C
[13:42:08][W][component:239]: Component fujitsu_climate.climate took a long time for an operation (78 ms).
[13:42:08][W][component:240]: Components should block for at most 30 ms.
[13:42:08][V][sensor:043]: 'WiFi Signal': Received new state -68.000000
[13:42:08][D][sensor:094]: 'WiFi Signal': Sending state -68.00000 dBm with 0 decimals of accuracy
[13:42:08][V][json:020]: Attempting to allocate 512 bytes for JSON serialization
[13:42:08][V][json:040]: Size after shrink 76 bytes
[13:42:08][V][json:020]: Attempting to allocate 512 bytes for JSON serialization
[13:42:08][V][json:040]: Size after shrink 76 bytes
[13:42:08][D][climate:396]: 'Fujitsu Heat Pump' - Sending state:
[13:42:08][D][climate:399]:   Mode: OFF
[13:42:08][D][climate:401]:   Action: OFF
[13:42:08][D][climate:404]:   Fan Mode: MEDIUM
[13:42:08][D][climate:419]:   Current Temperature: nan°C
[13:42:08][D][climate:425]:   Target Temperature: 18.00°C
[13:42:08][V][json:020]: Attempting to allocate 512 bytes for JSON serialization
[13:42:08][V][json:040]: Size after shrink 208 bytes
[13:42:08][V][json:020]: Attempting to allocate 512 bytes for JSON serialization
[13:42:08][V][json:040]: Size after shrink 208 bytes
[13:42:08][W][component:239]: Component fujitsu_climate.climate took a long time for an operation (51 ms).
[13:42:08][W][component:240]: Components should block for at most 30 ms.
[13:42:08][D][fujitsu.heatpump:067]: UNIT  frame: FE DF DF 7F FF C4 E8 6B
[13:42:08][D][fujitsu.heatpump:105]: RAW [0xDF->0xDF]: FE DF DF 7F FF C4 E8 6B
[13:42:08][D][fujitsu.heatpump:124]:   B3=0x7F B4=0xFF (fixed overhead)
[13:42:08][D][fujitsu.heatpump:128]:   B5=0xC4  temp_raw=2 (->18°C) mode_nibble=3
[13:42:08][D][fujitsu.heatpump:129]:   B6=0xE8  (mapping TBD)
[13:42:08][I][fujitsu.heatpump:152]: State: pwr=OFF mode=3 temp=18°C room=nan°C fan=3
[13:42:08][D][fujitsu.climate:175]: State updated - Mode: 0, Target: 18.0°C, Current: nan°C
[13:42:08][D][fujitsu.heatpump:071]: CTRL  frame: CD FF FF 5F FF C4 E8 4B
[13:42:08][I][fujitsu.heatpump:179]: CTRL decoded: pwr=OFF fan=3 (CTRL0=0xCD)
[13:42:08][D][fujitsu.climate:175]: State updated - Mode: 0, Target: 18.0°C, Current: nan°C
[13:42:08][D][fujitsu.heatpump:067]: UNIT  frame: FE DF DF 7F FF C4 E8 6B
[13:42:08][D][fujitsu.heatpump:105]: RAW [0xDF->0xDF]: FE DF DF 7F FF C4 E8 6B
[13:42:08][D][fujitsu.heatpump:124]:   B3=0x7F B4=0xFF (fixed overhead)
[13:42:08][D][fujitsu.heatpump:128]:   B5=0xC4  temp_raw=2 (->18°C) mode_nibble=3
[13:42:08][D][fujitsu.heatpump:129]:   B6=0xE8  (mapping TBD)
[13:42:08][I][fujitsu.heatpump:152]: State: pwr=OFF mode=3 temp=18°C room=nan°C fan=3
[13:42:08][D][fujitsu.climate:175]: State updated - Mode: 0, Target: 18.0°C, Current: nan°C
[13:42:08][D][fujitsu.heatpump:071]: CTRL  frame: CD FF FF 5F FF C4 E8 4B
[13:42:08][I][fujitsu.heatpump:179]: CTRL decoded: pwr=OFF fan=3 (CTRL0=0xCD)
[13:42:08][D][fujitsu.climate:175]: State updated - Mode: 0, Target: 18.0°C, Current: nan°C
[13:42:08][W][component:239]: Component fujitsu_climate.climate took a long time for an operation (157 ms).
[13:42:08][W][component:240]: Components should block for at most 30 ms.
[13:42:08][D][status_led:050]: 'Status LED': Setting state ON
[13:42:08][D][fujitsu.heatpump:067]: UNIT  frame: FE DF DF 7F FF C4 E8 6B
[13:42:08][D][fujitsu.heatpump:105]: RAW [0xDF->0xDF]: FE DF DF 7F FF C4 E8 6B
[13:42:08][D][fujitsu.heatpump:124]:   B3=0x7F B4=0xFF (fixed overhead)
[13:42:08][D][fujitsu.heatpump:128]:   B5=0xC4  temp_raw=2 (->18°C) mode_nibble=3
[13:42:08][D][fujitsu.heatpump:129]:   B6=0xE8  (mapping TBD)
[13:42:08][I][fujitsu.heatpump:152]: State: pwr=OFF mode=3 temp=18°C room=nan°C fan=3
[13:42:08][D][fujitsu.climate:175]: State updated - Mode: 0, Target: 18.0°C, Current: nan°C
[13:42:08][D][fujitsu.heatpump:071]: CTRL  frame: CD FF FF 5F FF C4 E8 4B
[13:42:08][I][fujitsu.heatpump:179]: CTRL decoded: pwr=OFF fan=3 (CTRL0=0xCD)
[13:42:08][D][fujitsu.climate:175]: State updated - Mode: 0, Target: 18.0°C, Current: nan°C
[13:42:08][W][component:239]: Component fujitsu_climate.climate took a long time for an operation (87 ms).
[13:42:08][W][component:240]: Components should block for at most 30 ms.
[13:42:08][D][climate:396]: 'Fujitsu Heat Pump' - Sending state:
[13:42:08][D][climate:399]:   Mode: OFF
[13:42:08][D][climate:401]:   Action: OFF
[13:42:08][D][climate:404]:   Fan Mode: MEDIUM
[13:42:08][D][climate:419]:   Current Temperature: nan°C
[13:42:08][D][climate:425]:   Target Temperature: 18.00°C
[13:42:08][V][json:020]: Attempting to allocate 512 bytes for JSON serialization
[13:42:08][V][json:040]: Size after shrink 208 bytes
[13:42:08][V][json:020]: Attempting to allocate 512 bytes for JSON serialization
[13:42:08][V][json:040]: Size after shrink 208 bytes
[13:42:08][W][component:239]: Component fujitsu_climate.climate took a long time for an operation (54 ms).
[13:42:08][W][component:240]: Components should block for at most 30 ms.
[13:42:08][D][status_led:050]: 'Status LED': Setting state OFF
[13:42:08][D][fujitsu.heatpump:067]: UNIT  frame: FE DF DF 7F FF C4 E8 6B
[13:42:08][D][fujitsu.heatpump:105]: RAW [0xDF->0xDF]: FE DF DF 7F FF C4 E8 6B
[13:42:08][D][fujitsu.heatpump:124]:   B3=0x7F B4=0xFF (fixed overhead)
[13:42:08][D][fujitsu.heatpump:128]:   B5=0xC4  temp_raw=2 (->18°C) mode_nibble=3
[13:42:08][D][fujitsu.heatpump:129]:   B6=0xE8  (mapping TBD)
[13:42:08][I][fujitsu.heatpump:152]: State: pwr=OFF mode=3 temp=18°C room=nan°C fan=3
[13:42:08][D][fujitsu.climate:175]: State updated - Mode: 0, Target: 18.0°C, Current: nan°C
[13:42:08][D][fujitsu.heatpump:071]: CTRL  frame: CD FF FF 5F FF C4 E8 4B
[13:42:08][I][fujitsu.heatpump:179]: CTRL decoded: pwr=OFF fan=3 (CTRL0=0xCD)
[13:42:08][D][fujitsu.climate:175]: State updated - Mode: 0, Target: 18.0°C, Current: nan°C
[13:42:08][W][component:239]: Component fujitsu_climate.climate took a long time for an operation (81 ms).
[13:42:08][W][component:240]: Components should block for at most 30 ms.
[13:42:08][D][fujitsu.heatpump:067]: UNIT  frame: FE DF DF 7F FF C4 E8 6B
[13:42:08][D][fujitsu.heatpump:105]: RAW [0xDF->0xDF]: FE DF DF 7F FF C4 E8 6B
[13:42:08][D][fujitsu.heatpump:124]:   B3=0x7F B4=0xFF (fixed overhead)
[13:42:08][D][fujitsu.heatpump:128]:   B5=0xC4  temp_raw=2 (->18°C) mode_nibble=3
[13:42:08][D][fujitsu.heatpump:129]:   B6=0xE8  (mapping TBD)
[13:42:08][I][fujitsu.heatpump:152]: State: pwr=OFF mode=3 temp=18°C room=nan°C fan=3
[13:42:08][D][fujitsu.climate:175]: State updated - Mode: 0, Target: 18.0°C, Current: nan°C
[13:42:08][D][fujitsu.heatpump:071]: CTRL  frame: CD FF FF 5F FF C4 E8 4B
[13:42:08][I][fujitsu.heatpump:179]: CTRL decoded: pwr=OFF fan=3 (CTRL0=0xCD)
[13:42:08][D][fujitsu.climate:175]: State updated - Mode: 0, Target: 18.0°C, Current: nan°C
[13:42:08][W][component:239]: Component fujitsu_climate.climate took a long time for an operation (78 ms).
[13:42:08][W][component:240]: Components should block for at most 30 ms.
[13:42:08][D][climate:396]: 'Fujitsu Heat Pump' - Sending state:
[13:42:08][D][climate:399]:   Mode: OFF
[13:42:08][D][climate:401]:   Action: OFF
[13:42:08][D][climate:404]:   Fan Mode: MEDIUM
[13:42:08][D][climate:419]:   Current Temperature: nan°C
[13:42:08][D][climate:425]:   Target Temperature: 18.00°C
[13:42:08][V][json:020]: Attempting to allocate 512 bytes for JSON serialization
[13:42:08][V][json:040]: Size after shrink 208 bytes
[13:42:08][V][json:020]: Attempting to allocate 512 bytes for JSON serialization
[13:42:08][V][json:040]: Size after shrink 208 bytes
[13:42:08][W][component:239]: Component fujitsu_climate.climate took a long time for an operation (77 ms).
[13:42:08][W][component:240]: Components should block for at most 30 ms.
[13:42:08][D][fujitsu.heatpump:067]: UNIT  frame: FE DF DF 7F FF C4 E8 6B
[13:42:08][D][fujitsu.heatpump:105]: RAW [0xDF->0xDF]: FE DF DF 7F FF C4 E8 6B
[13:42:08][D][fujitsu.heatpump:124]:   B3=0x7F B4=0xFF (fixed overhead)
[13:42:08][D][fujitsu.heatpump:128]:   B5=0xC4  temp_raw=2 (->18°C) mode_nibble=3
[13:42:08][D][fujitsu.heatpump:129]:   B6=0xE8  (mapping TBD)
[13:42:08][I][fujitsu.heatpump:152]: State: pwr=OFF mode=3 temp=18°C room=nan°C fan=3
[13:42:08][D][fujitsu.climate:175]: State updated - Mode: 0, Target: 18.0°C, Current: nan°C
[13:42:08][D][fujitsu.heatpump:071]: CTRL  frame: CD FF FF 5F FF C4 E8 4B
[13:42:08][I][fujitsu.heatpump:179]: CTRL decoded: pwr=OFF fan=3 (CTRL0=0xCD)
[13:42:08][D][fujitsu.climate:175]: State updated - Mode: 0, Target: 18.0°C, Current: nan°C
[13:42:08][W][component:239]: Component fujitsu_climate.climate took a long time for an operation (75 ms).
[13:42:08][W][component:240]: Components should block for at most 30 ms.
[13:42:08][D][status_led:050]: 'Status LED': Setting state ON
[13:42:08][D][climate:396]: 'Fujitsu Heat Pump' - Sending state:
[13:42:08][D][climate:399]:   Mode: OFF
[13:42:08][D][climate:401]:   Action: OFF
[13:42:08][D][climate:404]:   Fan Mode: MEDIUM
[13:42:08][D][climate:419]:   Current Temperature: nan°C
[13:42:08][D][climate:425]:   Target Temperature: 18.00°C
[13:42:08][V][json:020]: Attempting to allocate 512 bytes for JSON serialization
[13:42:08][V][json:040]: Size after shrink 208 bytes
[13:42:08][V][json:020]: Attempting to allocate 512 bytes for JSON serialization
[13:42:08][V][json:040]: Size after shrink 208 bytes
[13:42:08][W][component:239]: Component fujitsu_climate.climate took a long time for an operation (90 ms).
[13:42:08][W][component:240]: Components should block for at most 30 ms.
[13:42:08][D][fujitsu.heatpump:067]: UNIT  frame: FE DF DF 7F FF C4 E8 6B
[13:42:08][D][fujitsu.heatpump:105]: RAW [0xDF->0xDF]: FE DF DF 7F FF C4 E8 6B
[13:42:08][D][fujitsu.heatpump:124]:   B3=0x7F B4=0xFF (fixed overhead)
[13:42:08][D][fujitsu.heatpump:128]:   B5=0xC4  temp_raw=2 (->18°C) mode_nibble=3
[13:42:08][D][fujitsu.heatpump:129]:   B6=0xE8  (mapping TBD)
[13:42:08][I][fujitsu.heatpump:152]: State: pwr=OFF mode=3 temp=18°C room=nan°C fan=3
[13:42:08][D][fujitsu.climate:175]: State updated - Mode: 0, Target: 18.0°C, Current: nan°C
[13:42:08][D][fujitsu.heatpump:071]: CTRL  frame: CD FF FF 5F FF C4 E8 4B
[13:42:08][I][fujitsu.heatpump:179]: CTRL decoded: pwr=OFF fan=3 (CTRL0=0xCD)
[13:42:08][D][fujitsu.climate:175]: State updated - Mode: 0, Target: 18.0°C, Current: nan°C
[13:42:08][D][fujitsu.heatpump:067]: UNIT  frame: FE DF DF 7F FF C4 E8 6B
[13:42:08][D][fujitsu.heatpump:105]: RAW [0xDF->0xDF]: FE DF DF 7F FF C4 E8 6B
[13:42:08][D][fujitsu.heatpump:124]:   B3=0x7F B4=0xFF (fixed overhead)
[13:42:08][D][fujitsu.heatpump:128]:   B5=0xC4  temp_raw=2 (->18°C) mode_nibble=3
[13:42:08][D][fujitsu.heatpump:129]:   B6=0xE8  (mapping TBD)
[13:42:08][I][fujitsu.heatpump:152]: State: pwr=OFF mode=3 temp=18°C room=nan°C fan=3
[13:42:08][D][fujitsu.climate:175]: State updated - Mode: 0, Target: 18.0°C, Current: nan°C
[13:42:08][D][fujitsu.heatpump:071]: CTRL  frame: CD FF FF 5F FF C4 E8 4B
[13:42:08][I][fujitsu.heatpump:179]: CTRL decoded: pwr=OFF fan=3 (CTRL0=0xCD)
[13:42:08][D][fujitsu.climate:175]: State updated - Mode: 0, Target: 18.0°C, Current: nan°C
[13:42:08][W][component:239]: Component fujitsu_climate.climate took a long time for an operation (159 ms).
[13:42:08][W][component:240]: Components should block for at most 30 ms.
[13:42:08][D][status_led:050]: 'Status LED': Setting state OFF
[13:42:08][D][fujitsu.heatpump:067]: UNIT  frame: FE DF DF 7F FF C4 E8 6B
[13:42:08][D][fujitsu.heatpump:105]: RAW [0xDF->0xDF]: FE DF DF 7F FF C4 E8 6B
[13:42:08][D][fujitsu.heatpump:124]:   B3=0x7F B4=0xFF (fixed overhead)
[13:42:08][D][fujitsu.heatpump:128]:   B5=0xC4  temp_raw=2 (->18°C) mode_nibble=3
[13:42:08][D][fujitsu.heatpump:129]:   B6=0xE8  (mapping TBD)
[13:42:08][I][fujitsu.heatpump:152]: State: pwr=OFF mode=3 temp=18°C room=nan°C fan=3
[13:42:08][D][fujitsu.climate:175]: State updated - Mode: 0, Target: 18.0°C, Current: nan°C
[13:42:08][D][fujitsu.heatpump:071]: CTRL  frame: CD FF FF 5F FF C4 E8 4B
[13:42:08][I][fujitsu.heatpump:179]: CTRL decoded: pwr=OFF fan=3 (CTRL0=0xCD)
[13:42:08][D][fujitsu.climate:175]: State updated - Mode: 0, Target: 18.0°C, Current: nan°C
[13:42:08][D][fujitsu.heatpump:067]: UNIT  frame: FE DF DF 7F FF C4 E8 6B
[13:42:08][D][fujitsu.heatpump:105]: RAW [0xDF->0xDF]: FE DF DF 7F FF C4 E8 6B
[13:42:08][D][fujitsu.heatpump:124]:   B3=0x7F B4=0xFF (fixed overhead)
[13:42:08][D][fujitsu.heatpump:128]:   B5=0xC4  temp_raw=2 (->18°C) mode_nibble=3
[13:42:08][D][fujitsu.heatpump:129]:   B6=0xE8  (mapping TBD)
[13:42:08][I][fujitsu.heatpump:152]: State: pwr=OFF mode=3 temp=18°C room=nan°C fan=3
[13:42:08][I][fujitsu.heatpump:179]: CTRL decoded: pwr=OFF fan=3 (CTRL0=0xCD)
[13:42:08][D][fujitsu.climate:175]: State updated - Mode: 0, Target: 18.0°C, Current: nan°C
[13:42:08][W][component:239]: Component fujitsu_climate.climate took a long time for an operation (146 ms).
[13:42:08][W][component:240]: Components should block for at most 30 ms.
[13:42:08][D][climate:396]: 'Fujitsu Heat Pump' - Sending state:
[13:42:08][D][climate:399]:   Mode: OFF
[13:42:08][D][climate:401]:   Action: OFF
[13:42:08][D][climate:404]:   Fan Mode: MEDIUM
[13:42:08][D][climate:419]:   Current Temperature: nan°C
[13:42:08][D][climate:425]:   Target Temperature: 18.00°C
[13:42:08][V][json:020]: Attempting to allocate 512 bytes for JSON serialization
[13:42:08][V][json:040]: Size after shrink 208 bytes
[13:42:08][V][json:020]: Attempting to allocate 512 bytes for JSON serialization
[13:42:08][V][json:040]: Size after shrink 208 bytes
[13:42:08][W][component:239]: Component fujitsu_climate.climate took a long time for an operation (53 ms).
[13:42:08][W][component:240]: Components should block for at most 30 ms.
[13:42:10][D][fujitsu.heatpump:067]: UNIT  frame: FE DF DF 7F FF C4 E8 6B
[13:42:10][D][fujitsu.heatpump:105]: RAW [0xDF->0xDF]: FE DF DF 7F FF C4 E8 6B
[13:42:10][D][fujitsu.heatpump:124]:   B3=0x7F B4=0xFF (fixed overhead)
[13:42:10][D][fujitsu.heatpump:128]:   B5=0xC4  temp_raw=2 (->18°C) mode_nibble=3
[13:42:10][D][fujitsu.heatpump:129]:   B6=0xE8  (mapping TBD)
[13:42:10][I][fujitsu.heatpump:152]: State: pwr=OFF mode=3 temp=18°C room=nan°C fan=3
[13:42:10][D][fujitsu.climate:175]: State updated - Mode: 0, Target: 18.0°C, Current: nan°C
[13:42:10][D][fujitsu.heatpump:071]: CTRL  frame: CD FF FF 5F FF C4 E8 4B
[13:42:10][I][fujitsu.heatpump:179]: CTRL decoded: pwr=OFF fan=3 (CTRL0=0xCD)
[13:42:10][D][fujitsu.climate:175]: State updated - Mode: 0, Target: 18.0°C, Current: nan°C
[13:42:10][W][component:239]: Component fujitsu_climate.climate took a long time for an operation (84 ms).
[13:42:10][W][component:240]: Components should block for at most 30 ms.
[13:42:10][D][fujitsu.heatpump:067]: UNIT  frame: FE DF DF 7F FF C4 E8 6B
[13:42:10][D][fujitsu.heatpump:105]: RAW [0xDF->0xDF]: FE DF DF 7F FF C4 E8 6B
[13:42:10][D][fujitsu.heatpump:124]:   B3=0x7F B4=0xFF (fixed overhead)
[13:42:10][D][fujitsu.heatpump:128]:   B5=0xC4  temp_raw=2 (->18°C) mode_nibble=3
[13:42:10][D][fujitsu.heatpump:129]:   B6=0xE8  (mapping TBD)
[13:42:10][I][fujitsu.heatpump:152]: State: pwr=OFF mode=3 temp=18°C room=nan°C fan=3
[13:42:10][D][fujitsu.climate:175]: State updated - Mode: 0, Target: 18.0°C, Current: nan°C
[13:42:10][D][fujitsu.heatpump:071]: CTRL  frame: CD FF FF 5F FF C4 E8 4B
[13:42:10][I][fujitsu.heatpump:179]: CTRL decoded: pwr=OFF fan=3 (CTRL0=0xCD)
[13:42:10][D][fujitsu.climate:175]: State updated - Mode: 0, Target: 18.0°C, Current: nan°C
[13:42:10][W][component:239]: Component fujitsu_climate.climate took a long time for an operation (72 ms).
[13:42:10][W][component:240]: Components should block for at most 30 ms.
[13:42:10][D][status_led:050]: 'Status LED': Setting state ON
[13:42:10][D][climate:396]: 'Fujitsu Heat Pump' - Sending state:
[13:42:10][D][climate:399]:   Mode: OFF
[13:42:10][D][climate:401]:   Action: OFF
[13:42:10][D][climate:404]:   Fan Mode: MEDIUM
[13:42:10][D][climate:419]:   Current Temperature: nan°C
[13:42:10][D][climate:425]:   Target Temperature: 18.00°C
[13:42:10][V][json:020]: Attempting to allocate 512 bytes for JSON serialization
[13:42:10][V][json:040]: Size after shrink 208 bytes
[13:42:10][V][json:020]: Attempting to allocate 512 bytes for JSON serialization
[13:42:10][V][json:040]: Size after shrink 208 bytes
[13:42:10][W][component:239]: Component fujitsu_climate.climate took a long time for an operation (74 ms).
[13:42:10][W][component:240]: Components should block for at most 30 ms.
[13:42:10][D][fujitsu.heatpump:067]: UNIT  frame: FE DF DF 7F FF C4 E8 6B
[13:42:10][D][fujitsu.heatpump:105]: RAW [0xDF->0xDF]: FE DF DF 7F FF C4 E8 6B
[13:42:10][D][fujitsu.heatpump:124]:   B3=0x7F B4=0xFF (fixed overhead)
[13:42:10][D][fujitsu.heatpump:128]:   B5=0xC4  temp_raw=2 (->18°C) mode_nibble=3
[13:42:10][D][fujitsu.heatpump:129]:   B6=0xE8  (mapping TBD)
[13:42:10][I][fujitsu.heatpump:152]: State: pwr=OFF mode=3 temp=18°C room=nan°C fan=3
[13:42:10][D][fujitsu.climate:175]: State updated - Mode: 0, Target: 18.0°C, Current: nan°C
[13:42:10][D][fujitsu.heatpump:071]: CTRL  frame: CD FF FF 5F FF C4 E8 4B
[13:42:10][I][fujitsu.heatpump:179]: CTRL decoded: pwr=OFF fan=3 (CTRL0=0xCD)
[13:42:10][D][fujitsu.climate:175]: State updated - Mode: 0, Target: 18.0°C, Current: nan°C
[13:42:10][W][component:239]: Component fujitsu_climate.climate took a long time for an operation (85 ms).
[13:42:10][W][component:240]: Components should block for at most 30 ms.
[13:42:10][D][status_led:050]: 'Status LED': Setting state OFF
[13:42:10][D][fujitsu.heatpump:067]: UNIT  frame: FE DF DF 7F FF C4 E8 6B
[13:42:10][D][fujitsu.heatpump:105]: RAW [0xDF->0xDF]: FE DF DF 7F FF C4 E8 6B
[13:42:10][D][fujitsu.heatpump:124]:   B3=0x7F B4=0xFF (fixed overhead)
[13:42:10][D][fujitsu.heatpump:128]:   B5=0xC4  temp_raw=2 (->18°C) mode_nibble=3
[13:42:10][D][fujitsu.heatpump:129]:   B6=0xE8  (mapping TBD)
[13:42:10][I][fujitsu.heatpump:152]: State: pwr=OFF mode=3 temp=18°C room=nan°C fan=3
[13:42:10][D][fujitsu.climate:175]: State updated - Mode: 0, Target: 18.0°C, Current: nan°C
[13:42:10][D][fujitsu.heatpump:071]: CTRL  frame: CD FF FF 5F FF C4 E8 4B
[13:42:10][I][fujitsu.heatpump:179]: CTRL decoded: pwr=OFF fan=3 (CTRL0=0xCD)
[13:42:10][D][fujitsu.climate:175]: State updated - Mode: 0, Target: 18.0°C, Current: nan°C
[13:42:10][D][fujitsu.heatpump:067]: UNIT  frame: FE DF DF 7F FF C4 E8 6B
[13:42:10][D][fujitsu.heatpump:105]: RAW [0xDF->0xDF]: FE DF DF 7F FF C4 E8 6B
[13:42:10][D][fujitsu.heatpump:124]:   B3=0x7F B4=0xFF (fixed overhead)
[13:42:10][D][fujitsu.heatpump:128]:   B5=0xC4  temp_raw=2 (->18°C) mode_nibble=3
[13:42:10][D][fujitsu.heatpump:129]:   B6=0xE8  (mapping TBD)
[13:42:10][I][fujitsu.heatpump:152]: State: pwr=OFF mode=3 temp=18°C room=nan°C fan=3
[13:42:10][D][fujitsu.heatpump:071]: CTRL  frame: CD FF FF 5F FF C4 E8 4B
[13:42:10][I][fujitsu.heatpump:179]: CTRL decoded: pwr=OFF fan=3 (CTRL0=0xCD)
[13:42:10][D][fujitsu.climate:175]: State updated - Mode: 0, Target: 18.0°C, Current: nan°C
[13:42:10][W][component:239]: Component fujitsu_climate.climate took a long time for an operation (164 ms).
[13:42:10][W][component:240]: Components should block for at most 30 ms.
[13:42:13][D][climate:396]: 'Fujitsu Heat Pump' - Sending state:
[13:42:13][D][climate:399]:   Mode: OFF
[13:42:13][D][climate:401]:   Action: OFF
[13:42:13][D][climate:404]:   Fan Mode: MEDIUM
[13:42:13][D][climate:419]:   Current Temperature: nan°C
[13:42:13][D][climate:425]:   Target Temperature: 18.00°C
[13:42:13][V][json:020]: Attempting to allocate 512 bytes for JSON serialization
[13:42:13][V][json:040]: Size after shrink 208 bytes
[13:42:13][V][json:020]: Attempting to allocate 512 bytes for JSON serialization
[13:42:13][V][json:040]: Size after shrink 208 bytes
[13:42:13][W][component:239]: Component fujitsu_climate.climate took a long time for an operation (55 ms).
[13:42:13][W][component:240]: Components should block for at most 30 ms.
[13:42:13][D][fujitsu.heatpump:067]: UNIT  frame: FE DF DF 7F FF C4 E8 6B
[13:42:13][D][fujitsu.heatpump:105]: RAW [0xDF->0xDF]: FE DF DF 7F FF C4 E8 6B
[13:42:13][D][fujitsu.heatpump:124]:   B3=0x7F B4=0xFF (fixed overhead)
[13:42:13][D][fujitsu.heatpump:128]:   B5=0xC4  temp_raw=2 (->18°C) mode_nibble=3
[13:42:13][D][fujitsu.heatpump:129]:   B6=0xE8  (mapping TBD)
[13:42:13][I][fujitsu.heatpump:152]: State: pwr=OFF mode=3 temp=18°C room=nan°C fan=3
[13:42:13][D][fujitsu.climate:175]: State updated - Mode: 0, Target: 18.0°C, Current: nan°C
[13:42:13][D][fujitsu.heatpump:071]: CTRL  frame: CD FF FF 5F FF C4 E8 4B
[13:42:13][I][fujitsu.heatpump:179]: CTRL decoded: pwr=OFF fan=3 (CTRL0=0xCD)
[13:42:13][D][fujitsu.climate:175]: State updated - Mode: 0, Target: 18.0°C, Current: nan°C
[13:42:13][W][component:239]: Component fujitsu_climate.climate took a long time for an operation (69 ms).
[13:42:13][W][component:240]: Components should block for at most 30 ms.
[13:42:13][D][fujitsu.heatpump:067]: UNIT  frame: FE DF DF 7F FF C4 E8 6B
[13:42:13][D][fujitsu.heatpump:105]: RAW [0xDF->0xDF]: FE DF DF 7F FF C4 E8 6B
[13:42:13][D][fujitsu.heatpump:124]:   B3=0x7F B4=0xFF (fixed overhead)
[13:42:13][D][fujitsu.heatpump:128]:   B5=0xC4  temp_raw=2 (->18°C) mode_nibble=3
[13:42:13][D][fujitsu.heatpump:129]:   B6=0xE8  (mapping TBD)
[13:42:13][I][fujitsu.heatpump:152]: State: pwr=OFF mode=3 temp=18°C room=nan°C fan=3
[13:42:13][D][fujitsu.climate:175]: State updated - Mode: 0, Target: 18.0°C, Current: nan°C
[13:42:13][D][fujitsu.heatpump:071]: CTRL  frame: CD FF FF 5F FF C4 E8 4B
[13:42:13][I][fujitsu.heatpump:179]: CTRL decoded: pwr=OFF fan=3 (CTRL0=0xCD)
[13:42:13][D][fujitsu.climate:175]: State updated - Mode: 0, Target: 18.0°C, Current: nan°C
[13:42:13][W][component:239]: Component fujitsu_climate.climate took a long time for an operation (87 ms).
[13:42:13][W][component:240]: Components should block for at most 30 ms.
[13:42:13][D][status_led:050]: 'Status LED': Setting state ON
[13:42:13][D][climate:396]: 'Fujitsu Heat Pump' - Sending state:
[13:42:13][D][climate:399]:   Mode: OFF
[13:42:13][D][climate:401]:   Action: OFF
[13:42:13][D][climate:404]:   Fan Mode: MEDIUM
[13:42:13][D][climate:419]:   Current Temperature: nan°C
[13:42:13][D][climate:425]:   Target Temperature: 18.00°C
[13:42:13][V][json:020]: Attempting to allocate 512 bytes for JSON serialization
[13:42:13][V][json:040]: Size after shrink 208 bytes
[13:42:13][V][json:020]: Attempting to allocate 512 bytes for JSON serialization
[13:42:13][V][json:040]: Size after shrink 208 bytes
[13:42:13][W][component:239]: Component fujitsu_climate.climate took a long time for an operation (67 ms).
[13:42:13][W][component:240]: Components should block for at most 30 ms.
[13:42:13][D][fujitsu.heatpump:067]: UNIT  frame: FE DF DF 7F FF C4 E8 6B
[13:42:13][D][fujitsu.heatpump:105]: RAW [0xDF->0xDF]: FE DF DF 7F FF C4 E8 6B
[13:42:13][D][fujitsu.heatpump:124]:   B3=0x7F B4=0xFF (fixed overhead)
[13:42:13][D][fujitsu.heatpump:128]:   B5=0xC4  temp_raw=2 (->18°C) mode_nibble=3
[13:42:13][D][fujitsu.heatpump:129]:   B6=0xE8  (mapping TBD)
[13:42:13][I][fujitsu.heatpump:152]: State: pwr=OFF mode=3 temp=18°C room=nan°C fan=3
[13:42:13][D][fujitsu.climate:175]: State updated - Mode: 0, Target: 18.0°C, Current: nan°C
[13:42:13][D][fujitsu.heatpump:071]: CTRL  frame: CD FF FF 5F FF C4 E8 4B
[13:42:13][I][fujitsu.heatpump:179]: CTRL decoded: pwr=OFF fan=3 (CTRL0=0xCD)
[13:42:13][D][fujitsu.climate:175]: State updated - Mode: 0, Target: 18.0°C, Current: nan°C
[13:42:13][W][component:239]: Component fujitsu_climate.climate took a long time for an operation (78 ms).
[13:42:13][W][component:240]: Components should block for at most 30 ms.
[13:42:13][D][status_led:050]: 'Status LED': Setting state OFF
[13:42:13][D][fujitsu.heatpump:067]: UNIT  frame: FE DF DF 7F FF C4 E8 6B
[13:42:13][D][fujitsu.heatpump:105]: RAW [0xDF->0xDF]: FE DF DF 7F FF C4 E8 6B
[13:42:13][D][fujitsu.heatpump:124]:   B3=0x7F B4=0xFF (fixed overhead)
[13:42:13][D][fujitsu.heatpump:128]:   B5=0xC4  temp_raw=2 (->18°C) mode_nibble=3
[13:42:13][D][fujitsu.heatpump:129]:   B6=0xE8  (mapping TBD)
[13:42:13][I][fujitsu.heatpump:152]: State: pwr=OFF mode=3 temp=18°C room=nan°C fan=3
[13:42:13][D][fujitsu.climate:175]: State updated - Mode: 0, Target: 18.0°C, Current: nan°C
[13:42:13][D][fujitsu.heatpump:071]: CTRL  frame: CD FF FF 5F FF C4 E8 4B
[13:42:13][I][fujitsu.heatpump:179]: CTRL decoded: pwr=OFF fan=3 (CTRL0=0xCD)
[13:42:13][D][fujitsu.climate:175]: State updated - Mode: 0, Target: 18.0°C, Current: nan°C
[13:42:13][W][component:239]: Component fujitsu_climate.climate took a long time for an operation (72 ms).
[13:42:13][W][component:240]: Components should block for at most 30 ms.
[13:42:13][D][climate:396]: 'Fujitsu Heat Pump' - Sending state:
[13:42:13][D][climate:399]:   Mode: OFF
[13:42:13][D][climate:401]:   Action: OFF
[13:42:13][D][climate:404]:   Fan Mode: MEDIUM
[13:42:13][D][climate:419]:   Current Temperature: nan°C
[13:42:13][D][climate:425]:   Target Temperature: 18.00°C
[13:42:13][V][json:020]: Attempting to allocate 512 bytes for JSON serialization
[13:42:13][V][json:040]: Size after shrink 208 bytes
[13:42:13][V][json:020]: Attempting to allocate 512 bytes for JSON serialization
[13:42:13][V][json:040]: Size after shrink 208 bytes
[13:42:13][W][component:239]: Component fujitsu_climate.climate took a long time for an operation (56 ms).
[13:42:13][W][component:240]: Components should block for at most 30 ms.
[13:42:13][D][fujitsu.heatpump:067]: UNIT  frame: FE DF DF 7F FF C4 E8 6B
[13:42:13][D][fujitsu.heatpump:105]: RAW [0xDF->0xDF]: FE DF DF 7F FF C4 E8 6B
[13:42:13][D][fujitsu.heatpump:124]:   B3=0x7F B4=0xFF (fixed overhead)
[13:42:13][D][fujitsu.heatpump:128]:   B5=0xC4  temp_raw=2 (->18°C) mode_nibble=3
[13:42:13][D][fujitsu.heatpump:129]:   B6=0xE8  (mapping TBD)
[13:42:13][I][fujitsu.heatpump:152]: State: pwr=OFF mode=3 temp=18°C room=nan°C fan=3
[13:42:13][D][fujitsu.climate:175]: State updated - Mode: 0, Target: 18.0°C, Current: nan°C
[13:42:13][D][fujitsu.heatpump:071]: CTRL  frame: CD FF FF 5F FF C4 E8 4B
[13:42:13][I][fujitsu.heatpump:179]: CTRL decoded: pwr=OFF fan=3 (CTRL0=0xCD)
[13:42:13][D][fujitsu.climate:175]: State updated - Mode: 0, Target: 18.0°C, Current: nan°C
[13:42:13][D][fujitsu.heatpump:067]: UNIT  frame: FE DF DF 7F FF C4 E8 6B
[13:42:13][D][fujitsu.heatpump:105]: RAW [0xDF->0xDF]: FE DF DF 7F FF C4 E8 6B
[13:42:13][D][fujitsu.heatpump:124]:   B3=0x7F B4=0xFF (fixed overhead)
[13:42:13][D][fujitsu.heatpump:128]:   B5=0xC4  temp_raw=2 (->18°C) mode_nibble=3
[13:42:13][D][fujitsu.heatpump:129]:   B6=0xE8  (mapping TBD)
[13:42:13][I][fujitsu.heatpump:152]: State: pwr=OFF mode=3 temp=18°C room=nan°C fan=3
[13:42:13][D][fujitsu.climate:175]: State updated - Mode: 0, Target: 18.0°C, Current: nan°C
[13:42:13][D][fujitsu.heatpump:071]: CTRL  frame: CD FF FF 5F FF C4 E8 4B
[13:42:13][I][fujitsu.heatpump:179]: CTRL decoded: pwr=OFF fan=3 (CTRL0=0xCD)
[13:42:13][D][fujitsu.climate:175]: State updated - Mode: 0, Target: 18.0°C, Current: nan°C
[13:42:13][D][fujitsu.heatpump:067]: UNIT  frame: FE DF DF 7F FF C4 E8 6B
[13:42:13][D][fujitsu.climate:175]: State updated - Mode: 0, Target: 18.0°C, Current: nan°C
[13:42:13][W][component:239]: Component fujitsu_climate.climate took a long time for an operation (220 ms).
[13:42:15][W][component:240]: Components should block for at most 30 ms.
[13:42:15][D][climate:396]: 'Fujitsu Heat Pump' - Sending state:
[13:42:15][D][climate:399]:   Mode: OFF
[13:42:15][D][climate:401]:   Action: OFF
[13:42:15][D][climate:404]:   Fan Mode: MEDIUM
[13:42:15][D][climate:419]:   Current Temperature: nan°C
[13:42:15][D][climate:425]:   Target Temperature: 18.00°C
[13:42:15][V][json:020]: Attempting to allocate 512 bytes for JSON serialization
[13:42:15][V][json:040]: Size after shrink 208 bytes
[13:42:15][V][json:020]: Attempting to allocate 512 bytes for JSON serialization
[13:42:15][V][json:040]: Size after shrink 208 bytes
[13:42:15][W][component:239]: Component fujitsu_climate.climate took a long time for an operation (76 ms).
[13:42:15][W][component:240]: Components should block for at most 30 ms.
[13:42:15][D][status_led:050]: 'Status LED': Setting state ON
[13:42:15][D][status_led:050]: 'Status LED': Setting state OFF
[13:42:15][D][climate:396]: 'Fujitsu Heat Pump' - Sending state:
[13:42:15][D][climate:399]:   Mode: OFF
[13:42:15][D][climate:401]:   Action: OFF
[13:42:15][D][climate:404]:   Fan Mode: MEDIUM
[13:42:15][D][climate:419]:   Current Temperature: nan°C
[13:42:15][D][climate:425]:   Target Temperature: 18.00°C
[13:42:15][V][json:020]: Attempting to allocate 512 bytes for JSON serialization
[13:42:15][V][json:040]: Size after shrink 208 bytes
[13:42:15][V][json:020]: Attempting to allocate 512 bytes for JSON serialization
[13:42:15][V][json:040]: Size after shrink 208 bytes
[13:42:15][W][component:239]: Component fujitsu_climate.climate took a long time for an operation (72 ms).
[13:42:15][W][component:240]: Components should block for at most 30 ms.
[13:42:15][D][fujitsu.heatpump:067]: UNIT  frame: FE DF DF 7F FF C4 E8 6B
[13:42:15][D][fujitsu.heatpump:105]: RAW [0xDF->0xDF]: FE DF DF 7F FF C4 E8 6B
[13:42:15][D][fujitsu.heatpump:124]:   B3=0x7F B4=0xFF (fixed overhead)
[13:42:15][D][fujitsu.heatpump:128]:   B5=0xC4  temp_raw=2 (->18°C) mode_nibble=3
[13:42:15][I][fujitsu.heatpump:179]: CTRL decoded: pwr=OFF fan=3 (CTRL0=0xCD)
[13:42:15][D][fujitsu.climate:175]: State updated - Mode: 0, Target: 18.0°C, Current: nan°C
[13:42:15][D][fujitsu.heatpump:067]: UNIT  frame: FE DF DF 7F FF C4 E8 6B
[13:42:15][D][fujitsu.heatpump:105]: RAW [0xDF->0xDF]: FE DF DF 7F FF C4 E8 6B
[13:42:15][D][fujitsu.heatpump:124]:   B3=0x7F B4=0xFF (fixed overhead)
[13:42:17][D][fujitsu.heatpump:128]:   B5=0xC4  temp_raw=2 (->18°C) mode_nibble=3
[13:42:17][D][fujitsu.heatpump:129]:   B6=0xE8  (mapping TBD)
[13:42:17][I][fujitsu.heatpump:152]: State: pwr=OFF mode=3 temp=18°C room=nan°C fan=3
[13:42:17][D][fujitsu.climate:175]: State updated - Mode: 0, Target: 18.0°C, Current: nan°C
[13:42:17][D][fujitsu.heatpump:071]: CTRL  frame: CD FF FF 5F FF C4 E8 4B
[13:42:17][I][fujitsu.heatpump:179]: CTRL decoded: pwr=OFF fan=3 (CTRL0=0xCD)
[13:42:17][D][fujitsu.climate:175]: State updated - Mode: 0, Target: 18.0°C, Current: nan°C
[13:42:17][D][fujitsu.heatpump:067]: UNIT  frame: FE DF DF 7F FF C4 E8 6B
[13:42:17][D][fujitsu.heatpump:105]: RAW [0xDF->0xDF]: FE DF DF 7F FF C4 E8 6B
[13:42:17][D][fujitsu.heatpump:124]:   B3=0x7F B4=0xFF (fixed overhead)
[13:42:17][D][fujitsu.heatpump:128]:   B5=0xC4  temp_raw=2 (->18°C) mode_nibble=3
[13:42:17][D][fujitsu.heatpump:129]:   B6=0xE8  (mapping TBD)
[13:42:17][I][fujitsu.heatpump:152]: State: pwr=OFF mode=3 temp=18°C room=nan°C fan=3
[13:42:17][D][fujitsu.climate:175]: State updated - Mode: 0, Target: 18.0°C, Current: nan°C
[13:42:17][D][fujitsu.heatpump:071]: CTRL  frame: CD FF FF 5F FF C4 E8 4B
[13:42:17][I][fujitsu.heatpump:179]: CTRL decoded: pwr=OFF fan=3 (CTRL0=0xCD)
[13:42:17][D][fujitsu.climate:175]: State updated - Mode: 0, Target: 18.0°C, Current: nan°C
[13:42:17][W][component:239]: Component fujitsu_climate.climate took a long time for an operation (236 ms).
[13:42:17][W][component:240]: Components should block for at most 30 ms.
[13:42:17][D][fujitsu.heatpump:067]: UNIT  frame: FE DF DF 7F FF C4 E8 6B
[13:42:17][D][fujitsu.heatpump:105]: RAW [0xDF->0xDF]: FE DF DF 7F FF C4 E8 6B
[13:42:17][D][fujitsu.heatpump:124]:   B3=0x7F B4=0xFF (fixed overhead)
[13:42:17][D][fujitsu.heatpump:128]:   B5=0xC4  temp_raw=2 (->18°C) mode_nibble=3
[13:42:17][D][fujitsu.heatpump:129]:   B6=0xE8  (mapping TBD)
[13:42:17][I][fujitsu.heatpump:152]: State: pwr=OFF mode=3 temp=18°C room=nan°C fan=3
[13:42:17][D][fujitsu.climate:175]: State updated - Mode: 0, Target: 18.0°C, Current: nan°C
[13:42:17][D][fujitsu.heatpump:071]: CTRL  frame: CD FF FF 5F FF C4 E8 4B
[13:42:17][I][fujitsu.heatpump:179]: CTRL decoded: pwr=OFF fan=3 (CTRL0=0xCD)
[13:42:17][D][fujitsu.climate:175]: State updated - Mode: 0, Target: 18.0°C, Current: nan°C
[13:42:17][W][component:239]: Component fujitsu_climate.climate took a long time for an operation (66 ms).
[13:42:17][W][component:240]: Components should block for at most 30 ms.
[13:42:17][D][fujitsu.heatpump:067]: UNIT  frame: FE DF DF 7F FF C4 E8 6B
[13:42:17][D][fujitsu.heatpump:105]: RAW [0xDF->0xDF]: FE DF DF 7F FF C4 E8 6B
[13:42:17][D][fujitsu.heatpump:124]:   B3=0x7F B4=0xFF (fixed overhead)
[13:42:17][D][fujitsu.heatpump:128]:   B5=0xC4  temp_raw=2 (->18°C) mode_nibble=3
[13:42:17][D][fujitsu.heatpump:129]:   B6=0xE8  (mapping TBD)
[13:42:17][I][fujitsu.heatpump:152]: State: pwr=OFF mode=3 temp=18°C room=nan°C fan=3
[13:42:17][D][fujitsu.climate:175]: State updated - Mode: 0, Target: 18.0°C, Current: nan°C
[13:42:17][D][fujitsu.heatpump:071]: CTRL  frame: CD FF FF 5F FF C4 E8 4B
[13:42:17][I][fujitsu.heatpump:179]: CTRL decoded: pwr=OFF fan=3 (CTRL0=0xCD)
[13:42:17][D][fujitsu.climate:175]: State updated - Mode: 0, Target: 18.0°C, Current: nan°C
[13:42:17][W][component:239]: Component fujitsu_climate.climate took a long time for an operation (77 ms).
[13:42:17][W][component:240]: Components should block for at most 30 ms.
[13:42:17][D][climate:396]: 'Fujitsu Heat Pump' - Sending state:
[13:42:17][D][climate:399]:   Mode: OFF
[13:42:17][D][climate:401]:   Action: OFF
[13:42:17][D][climate:404]:   Fan Mode: MEDIUM
[13:42:17][D][climate:419]:   Current Temperature: nan°C
[13:42:17][D][climate:425]:   Target Temperature: 18.00°C
[13:42:17][V][json:020]: Attempting to allocate 512 bytes for JSON serialization
[13:42:17][V][json:040]: Size after shrink 208 bytes
[13:42:17][V][json:020]: Attempting to allocate 512 bytes for JSON serialization
[13:42:17][V][json:040]: Size after shrink 208 bytes
[13:42:17][W][component:239]: Component fujitsu_climate.climate took a long time for an operation (59 ms).
[13:42:17][W][component:240]: Components should block for at most 30 ms.
[13:42:17][D][status_led:050]: 'Status LED': Setting state ON
[13:42:17][D][fujitsu.heatpump:067]: UNIT  frame: FE DF DF 7F FF C4 E8 6B
[13:42:17][D][fujitsu.heatpump:105]: RAW [0xDF->0xDF]: FE DF DF 7F FF C4 E8 6B
[13:42:17][D][fujitsu.heatpump:124]:   B3=0x7F B4=0xFF (fixed overhead)
[13:42:17][D][fujitsu.heatpump:128]:   B5=0xC4  temp_raw=2 (->18°C) mode_nibble=3
[13:42:17][D][fujitsu.heatpump:129]:   B6=0xE8  (mapping TBD)
[13:42:17][I][fujitsu.heatpump:152]: State: pwr=OFF mode=3 temp=18°C room=nan°C fan=3
[13:42:17][D][fujitsu.climate:175]: State updated - Mode: 0, Target: 18.0°C, Current: nan°C
[13:42:17][D][fujitsu.heatpump:071]: CTRL  frame: CD FF FF 5F FF C4 E8 4B
[13:42:17][I][fujitsu.heatpump:179]: CTRL decoded: pwr=OFF fan=3 (CTRL0=0xCD)
[13:42:17][D][fujitsu.climate:175]: State updated - Mode: 0, Target: 18.0°C, Current: nan°C
[13:42:17][W][component:239]: Component fujitsu_climate.climate took a long time for an operation (71 ms).
[13:42:17][W][component:240]: Components should block for at most 30 ms.
[13:42:17][D][status_led:050]: 'Status LED': Setting state OFF
[13:42:17][D][fujitsu.heatpump:067]: UNIT  frame: FE DF DF 7F FF C4 E8 6B
[13:42:17][D][fujitsu.heatpump:105]: RAW [0xDF->0xDF]: FE DF DF 7F FF C4 E8 6B
[13:42:17][D][fujitsu.heatpump:124]:   B3=0x7F B4=0xFF (fixed overhead)
[13:42:17][D][fujitsu.heatpump:128]:   B5=0xC4  temp_raw=2 (->18°C) mode_nibble=3
[13:42:17][D][fujitsu.heatpump:129]:   B6=0xE8  (mapping TBD)
[13:42:17][I][fujitsu.heatpump:152]: State: pwr=OFF mode=3 temp=18°C room=nan°C fan=3
[13:42:17][D][fujitsu.climate:175]: State updated - Mode: 0, Target: 18.0°C, Current: nan°C
[13:42:17][D][fujitsu.heatpump:071]: CTRL  frame: CD FF FF 5F FF C4 E8 4B
[13:42:17][I][fujitsu.heatpump:179]: CTRL decoded: pwr=OFF fan=3 (CTRL0=0xCD)
[13:42:17][D][fujitsu.climate:175]: State updated - Mode: 0, Target: 18.0°C, Current: nan°C
[13:42:17][W][component:239]: Component fujitsu_climate.climate took a long time for an operation (80 ms).
[13:42:17][W][component:240]: Components should block for at most 30 ms.
[13:42:17][D][climate:396]: 'Fujitsu Heat Pump' - Sending state:
[13:42:17][D][climate:399]:   Mode: OFF
[13:42:17][D][climate:401]:   Action: OFF
[13:42:17][D][climate:404]:   Fan Mode: MEDIUM
[13:42:17][D][climate:419]:   Current Temperature: nan°C
[13:42:17][D][climate:425]:   Target Temperature: 18.00°C
[13:42:17][V][json:020]: Attempting to allocate 512 bytes for JSON serialization
[13:42:17][V][json:040]: Size after shrink 208 bytes
[13:42:17][V][json:020]: Attempting to allocate 512 bytes for JSON serialization
[13:42:17][V][json:040]: Size after shrink 208 bytes
[13:42:17][W][component:239]: Component fujitsu_climate.climate took a long time for an operation (80 ms).
[13:42:17][W][component:240]: Components should block for at most 30 ms.
[13:42:17][D][fujitsu.heatpump:067]: UNIT  frame: FE DF DF 7F FF C4 E8 6B
[13:42:17][D][fujitsu.heatpump:105]: RAW [0xDF->0xDF]: FE DF DF 7F FF C4 E8 6B
[13:42:17][D][fujitsu.heatpump:124]:   B3=0x7F B4=0xFF (fixed overhead)
[13:42:17][D][fujitsu.heatpump:128]:   B5=0xC4  temp_raw=2 (->18°C) mode_nibble=3
[13:42:17][D][fujitsu.heatpump:129]:   B6=0xE8  (mapping TBD)
[13:42:17][I][fujitsu.heatpump:152]: State: pwr=OFF mode=3 temp=18°C room=nan°C fan=3
[13:42:17][D][fujitsu.climate:175]: State updated - Mode: 0, Target: 18.0°C, Current: nan°C
[13:42:17][D][fujitsu.heatpump:071]: CTRL  frame: CD FF FF 5F FF C4 E8 4B
[13:42:17][I][fujitsu.heatpump:179]: CTRL decoded: pwr=OFF fan=3 (CTRL0=0xCD)
[13:42:17][D][fujitsu.climate:175]: State updated - Mode: 0, Target: 18.0°C, Current: nan°C
[13:42:17][W][component:239]: Component fujitsu_climate.climate took a long time for an operation (83 ms).
[13:42:17][W][component:240]: Components should block for at most 30 ms.
[13:42:17][D][fujitsu.heatpump:067]: UNIT  frame: FE DF DF 7F FF C4 E8 6B
[13:42:17][D][fujitsu.heatpump:105]: RAW [0xDF->0xDF]: FE DF DF 7F FF C4 E8 6B
[13:42:17][D][fujitsu.heatpump:124]:   B3=0x7F B4=0xFF (fixed overhead)
[13:42:17][D][fujitsu.heatpump:128]:   B5=0xC4  temp_raw=2 (->18°C) mode_nibble=3
[13:42:17][D][fujitsu.heatpump:129]:   B6=0xE8  (mapping TBD)
[13:42:17][I][fujitsu.heatpump:152]: State: pwr=OFF mode=3 temp=18°C room=nan°C fan=3
[13:42:17][D][fujitsu.climate:175]: State updated - Mode: 0, Target: 18.0°C, Current: nan°C
[13:42:17][D][fujitsu.heatpump:071]: CTRL  frame: CD FF FF 5F FF C4 E8 4B
[13:42:17][I][fujitsu.heatpump:179]: CTRL decoded: pwr=OFF fan=3 (CTRL0=0xCD)
[13:42:17][D][fujitsu.climate:175]: State updated - Mode: 0, Target: 18.0°C, Current: nan°C
[13:42:17][W][component:239]: Component fujitsu_climate.climate took a long time for an operation (76 ms).
[13:42:17][W][component:240]: Components should block for at most 30 ms.
[13:42:17][D][climate:396]: 'Fujitsu Heat Pump' - Sending state:
[13:42:17][D][climate:399]:   Mode: OFF
[13:42:17][D][climate:401]:   Action: OFF
[13:42:17][D][climate:404]:   Fan Mode: MEDIUM
[13:42:17][D][climate:419]:   Current Temperature: nan°C
[13:42:17][D][climate:425]:   Target Temperature: 18.00°C
